collection,instrument,technique,dynamic,note,path,ext,source_kind,label_raw
philharmonia,vlc,natural_harmonic,mf,A#4,F:\DOUTORAMENTO_22\INSTRUMENTOS\Instrumentos_espectro_versão 3\CORDAS\VIOLONCELO\Phillarmonia\cello\violoncelo_harmonic\cello_A#4_long_mezzo-forte_arco-harmonic.mp3,.mp3,harmonic,arco-harmonic
philharmonia,vlc,natural_harmonic,mf,A#6,F:\DOUTORAMENTO_22\INSTRUMENTOS\Instrumentos_espectro_versão 3\CORDAS\VIOLONCELO\Phillarmonia\cello\violoncelo_harmonic\cello_A#6_1_mezzo-forte_arco-harmonic.mp3,.mp3,harmonic,arco-harmonic
philharmonia,vlc,natural_harmonic,mf,A4,F:\DOUTORAMENTO_22\INSTRUMENTOS\Instrumentos_espectro_versão 3\CORDAS\VIOLONCELO\Phillarmonia\cello\violoncelo_harmonic\cello_A4_1_mezzo-forte_arco-harmonic.mp3,.mp3,harmonic,arco-harmonic
philharmonia,vlc,natural_harmonic,mf,A5,F:\DOUTORAMENTO_22\INSTRUMENTOS\Instrumentos_espectro_versão 3\CORDAS\VIOLONCELO\Phillarmonia\cello\violoncelo_harmonic\cello_A5_1_mezzo-forte_arco-harmonic.mp3,.mp3,harmonic,arco-harmonic
philharmonia,vlc,natural_harmonic,mf,C#6,F:\DOUTORAMENTO_22\INSTRUMENTOS\Instrumentos_espectro_versão 3\CORDAS\VIOLONCELO\Phillarmonia\cello\violoncelo_harmonic\cello_C#6_1_mezzo-forte_arco-harmonic.mp3,.mp3,harmonic,arco-harmonic
philharmonia,vlc,natural_harmonic,mf,C4,F:\DOUTORAMENTO_22\INSTRUMENTOS\Instrumentos_espectro_versão 3\CORDAS\VIOLONCELO\Phillarmonia\cello\violoncelo_harmonic\cello_C4_long_mezzo-forte_arco-harmonic.mp3,.mp3,harmonic,arco-harmonic
philharmonia,vlc,natural_harmonic,mf,C5,F:\DOUTORAMENTO_22\INSTRUMENTOS\Instrumentos_espectro_versão 3\CORDAS\VIOLONCELO\Phillarmonia\cello\violoncelo_harmonic\cello_C5_1_mezzo-forte_arco-harmonic.mp3,.mp3,harmonic,arco-harmonic
philharmonia,vlc,natural_harmonic,mf,C7,F:\DOUTORAMENTO_22\INSTRUMENTOS\Instrumentos_espectro_versão 3\CORDAS\VIOLONCELO\Phillarmonia\cello\violoncelo_harmonic\cello_C7_1_mezzo-forte_arco-harmonic.mp3,.mp3,harmonic,arco-harmonic
philharmonia,vlc,natural_harmonic,mf,D#6,F:\DOUTORAMENTO_22\INSTRUMENTOS\Instrumentos_espectro_versão 3\CORDAS\VIOLONCELO\Phillarmonia\cello\violoncelo_harmonic\cello_D#6_1_mezzo-forte_arco-harmonic.mp3,.mp3,harmonic,arco-harmonic
philharmonia,vlc,natural_harmonic,mf,E4,F:\DOUTORAMENTO_22\INSTRUMENTOS\Instrumentos_espectro_versão 3\CORDAS\VIOLONCELO\Phillarmonia\cello\violoncelo_harmonic\cello_E4_1_mezzo-forte_arco-harmonic.mp3,.mp3,harmonic,arco-harmonic
philharmonia,vlc,natural_harmonic,mf,E5,F:\DOUTORAMENTO_22\INSTRUMENTOS\Instrumentos_espectro_versão 3\CORDAS\VIOLONCELO\Phillarmonia\cello\violoncelo_harmonic\cello_E5_1_mezzo-forte_arco-harmonic.mp3,.mp3,harmonic,arco-harmonic
philharmonia,vlc,natural_harmonic,mf,E6,F:\DOUTORAMENTO_22\INSTRUMENTOS\Instrumentos_espectro_versão 3\CORDAS\VIOLONCELO\Phillarmonia\cello\violoncelo_harmonic\cello_E6_1_mezzo-forte_arco-harmonic.mp3,.mp3,harmonic,arco-harmonic
philharmonia,vlc,natural_harmonic,mf,F#4,F:\DOUTORAMENTO_22\INSTRUMENTOS\Instrumentos_espectro_versão 3\CORDAS\VIOLONCELO\Phillarmonia\cello\violoncelo_harmonic\cello_F#4_1_mezzo-forte_arco-harmonic.mp3,.mp3,harmonic,arco-harmonic
philharmonia,vlc,natural_harmonic,mf,F4,F:\DOUTORAMENTO_22\INSTRUMENTOS\Instrumentos_espectro_versão 3\CORDAS\VIOLONCELO\Phillarmonia\cello\violoncelo_harmonic\cello_F4_long_mezzo-forte_arco-harmonic.mp3,.mp3,harmonic,arco-harmonic
philharmonia,vlc,natural_harmonic,mf,F5,F:\DOUTORAMENTO_22\INSTRUMENTOS\Instrumentos_espectro_versão 3\CORDAS\VIOLONCELO\Phillarmonia\cello\violoncelo_harmonic\cello_F5_1_mezzo-forte_arco-harmonic.mp3,.mp3,harmonic,arco-harmonic
philharmonia,vlc,natural_harmonic,mf,G#5,F:\DOUTORAMENTO_22\INSTRUMENTOS\Instrumentos_espectro_versão 3\CORDAS\VIOLONCELO\Phillarmonia\cello\violoncelo_harmonic\cello_G#5_1_mezzo-forte_arco-harmonic.mp3,.mp3,harmonic,arco-harmonic
philharmonia,vlc,ordinario,f,A#2,F:\DOUTORAMENTO_22\INSTRUMENTOS\Instrumentos_espectro_versão 3\CORDAS\VIOLONCELO\Phillarmonia\cello\violoncelo forte_arco-normal\violoncelo_forte_arco-normal15\cello_A#2_15_forte_arco-normal.mp3,.mp3,ordinario,arco-normal
philharmonia,vlc,ordinario,f,A#3,F:\DOUTORAMENTO_22\INSTRUMENTOS\Instrumentos_espectro_versão 3\CORDAS\VIOLONCELO\Phillarmonia\cello\violoncelo forte_arco-normal\violoncelo_forte_arco-normal15\cello_A#3_15_forte_arco-normal.mp3,.mp3,ordinario,arco-normal
philharmonia,vlc,ordinario,f,A#4,F:\DOUTORAMENTO_22\INSTRUMENTOS\Instrumentos_espectro_versão 3\CORDAS\VIOLONCELO\Phillarmonia\cello\violoncelo forte_arco-normal\violoncelo_forte_arco-normal15\cello_A#4_15_forte_arco-normal.mp3,.mp3,ordinario,arco-normal
philharmonia,vlc,ordinario,f,A#5,F:\DOUTORAMENTO_22\INSTRUMENTOS\Instrumentos_espectro_versão 3\CORDAS\VIOLONCELO\Phillarmonia\cello\violoncelo forte_arco-normal\violoncelo_forte_arco-normal15\cello_A#5_15_forte_arco-normal.mp3,.mp3,ordinario,arco-normal
philharmonia,vlc,ordinario,f,A2,F:\DOUTORAMENTO_22\INSTRUMENTOS\Instrumentos_espectro_versão 3\CORDAS\VIOLONCELO\Phillarmonia\cello\violoncelo forte_arco-normal\violoncelo_forte_arco-normal15\cello_A2_15_forte_arco-normal.mp3,.mp3,ordinario,arco-normal
philharmonia,vlc,ordinario,f,A3,F:\DOUTORAMENTO_22\INSTRUMENTOS\Instrumentos_espectro_versão 3\CORDAS\VIOLONCELO\Phillarmonia\cello\violoncelo forte_arco-normal\violoncelo_forte_arco-normal15\cello_A3_15_forte_arco-normal.mp3,.mp3,ordinario,arco-normal
philharmonia,vlc,ordinario,f,A4,F:\DOUTORAMENTO_22\INSTRUMENTOS\Instrumentos_espectro_versão 3\CORDAS\VIOLONCELO\Phillarmonia\cello\violoncelo forte_arco-normal\violoncelo_forte_arco-normal15\cello_A4_15_forte_arco-normal.mp3,.mp3,ordinario,arco-normal
philharmonia,vlc,ordinario,f,A5,F:\DOUTORAMENTO_22\INSTRUMENTOS\Instrumentos_espectro_versão 3\CORDAS\VIOLONCELO\Phillarmonia\cello\violoncelo forte_arco-normal\violoncelo_forte_arco-normal15\cello_A5_15_forte_arco-normal.mp3,.mp3,ordinario,arco-normal
philharmonia,vlc,ordinario,f,B2,F:\DOUTORAMENTO_22\INSTRUMENTOS\Instrumentos_espectro_versão 3\CORDAS\VIOLONCELO\Phillarmonia\cello\violoncelo forte_arco-normal\violoncelo_forte_arco-normal15\cello_B2_15_forte_arco-normal.mp3,.mp3,ordinario,arco-normal
philharmonia,vlc,ordinario,f,B3,F:\DOUTORAMENTO_22\INSTRUMENTOS\Instrumentos_espectro_versão 3\CORDAS\VIOLONCELO\Phillarmonia\cello\violoncelo forte_arco-normal\violoncelo_forte_arco-normal15\cello_B3_15_forte_arco-normal.mp3,.mp3,ordinario,arco-normal
philharmonia,vlc,ordinario,f,B4,F:\DOUTORAMENTO_22\INSTRUMENTOS\Instrumentos_espectro_versão 3\CORDAS\VIOLONCELO\Phillarmonia\cello\violoncelo forte_arco-normal\violoncelo_forte_arco-normal15\cello_B4_15_forte_arco-normal.mp3,.mp3,ordinario,arco-normal
philharmonia,vlc,ordinario,f,B5,F:\DOUTORAMENTO_22\INSTRUMENTOS\Instrumentos_espectro_versão 3\CORDAS\VIOLONCELO\Phillarmonia\cello\violoncelo forte_arco-normal\violoncelo_forte_arco-normal15\cello_B5_15_forte_arco-normal.mp3,.mp3,ordinario,arco-normal
philharmonia,vlc,ordinario,f,C#2,F:\DOUTORAMENTO_22\INSTRUMENTOS\Instrumentos_espectro_versão 3\CORDAS\VIOLONCELO\Phillarmonia\cello\violoncelo forte_arco-normal\violoncelo_forte_arco-normal15\cello_C#2_15_forte_arco-normal.mp3,.mp3,ordinario,arco-normal
philharmonia,vlc,ordinario,f,C#3,F:\DOUTORAMENTO_22\INSTRUMENTOS\Instrumentos_espectro_versão 3\CORDAS\VIOLONCELO\Phillarmonia\cello\violoncelo forte_arco-normal\violoncelo_forte_arco-normal15\cello_C#3_15_forte_arco-normal.mp3,.mp3,ordinario,arco-normal
philharmonia,vlc,ordinario,f,C#4,F:\DOUTORAMENTO_22\INSTRUMENTOS\Instrumentos_espectro_versão 3\CORDAS\VIOLONCELO\Phillarmonia\cello\violoncelo forte_arco-normal\violoncelo_forte_arco-normal15\cello_C#4_15_forte_arco-normal.mp3,.mp3,ordinario,arco-normal
philharmonia,vlc,ordinario,f,C#5,F:\DOUTORAMENTO_22\INSTRUMENTOS\Instrumentos_espectro_versão 3\CORDAS\VIOLONCELO\Phillarmonia\cello\violoncelo forte_arco-normal\violoncelo_forte_arco-normal15\cello_C#5_15_forte_arco-normal.mp3,.mp3,ordinario,arco-normal
philharmonia,vlc,ordinario,f,C2,F:\DOUTORAMENTO_22\INSTRUMENTOS\Instrumentos_espectro_versão 3\CORDAS\VIOLONCELO\Phillarmonia\cello\violoncelo forte_arco-normal\violoncelo_forte_arco-normal15\cello_C2_15_forte_arco-normal.mp3,.mp3,ordinario,arco-normal
philharmonia,vlc,ordinario,f,C3,F:\DOUTORAMENTO_22\INSTRUMENTOS\Instrumentos_espectro_versão 3\CORDAS\VIOLONCELO\Phillarmonia\cello\violoncelo forte_arco-normal\violoncelo_forte_arco-normal15\cello_C3_15_forte_arco-normal.mp3,.mp3,ordinario,arco-normal
philharmonia,vlc,ordinario,f,C4,F:\DOUTORAMENTO_22\INSTRUMENTOS\Instrumentos_espectro_versão 3\CORDAS\VIOLONCELO\Phillarmonia\cello\violoncelo forte_arco-normal\violoncelo_forte_arco-normal15\cello_C4_15_forte_arco-normal.mp3,.mp3,ordinario,arco-normal
philharmonia,vlc,ordinario,f,C5,F:\DOUTORAMENTO_22\INSTRUMENTOS\Instrumentos_espectro_versão 3\CORDAS\VIOLONCELO\Phillarmonia\cello\violoncelo forte_arco-normal\violoncelo_forte_arco-normal15\cello_C5_15_forte_arco-normal.mp3,.mp3,ordinario,arco-normal
philharmonia,vlc,ordinario,f,C6,F:\DOUTORAMENTO_22\INSTRUMENTOS\Instrumentos_espectro_versão 3\CORDAS\VIOLONCELO\Phillarmonia\cello\violoncelo forte_arco-normal\violoncelo_forte_arco-normal15\cello_C6_15_forte_arco-normal.mp3,.mp3,ordinario,arco-normal
philharmonia,vlc,ordinario,f,D#2,F:\DOUTORAMENTO_22\INSTRUMENTOS\Instrumentos_espectro_versão 3\CORDAS\VIOLONCELO\Phillarmonia\cello\violoncelo forte_arco-normal\violoncelo_forte_arco-normal15\cello_D#2_15_forte_arco-normal.mp3,.mp3,ordinario,arco-normal
philharmonia,vlc,ordinario,f,D#3,F:\DOUTORAMENTO_22\INSTRUMENTOS\Instrumentos_espectro_versão 3\CORDAS\VIOLONCELO\Phillarmonia\cello\violoncelo forte_arco-normal\violoncelo_forte_arco-normal15\cello_D#3_15_forte_arco-normal.mp3,.mp3,ordinario,arco-normal
philharmonia,vlc,ordinario,f,D#4,F:\DOUTORAMENTO_22\INSTRUMENTOS\Instrumentos_espectro_versão 3\CORDAS\VIOLONCELO\Phillarmonia\cello\violoncelo forte_arco-normal\violoncelo_forte_arco-normal15\cello_D#4_15_forte_arco-normal.mp3,.mp3,ordinario,arco-normal
philharmonia,vlc,ordinario,f,D#5,F:\DOUTORAMENTO_22\INSTRUMENTOS\Instrumentos_espectro_versão 3\CORDAS\VIOLONCELO\Phillarmonia\cello\violoncelo forte_arco-normal\violoncelo_forte_arco-normal15\cello_D#5_15_forte_arco-normal.mp3,.mp3,ordinario,arco-normal
philharmonia,vlc,ordinario,f,D2,F:\DOUTORAMENTO_22\INSTRUMENTOS\Instrumentos_espectro_versão 3\CORDAS\VIOLONCELO\Phillarmonia\cello\violoncelo forte_arco-normal\violoncelo_forte_arco-normal15\cello_D2_15_forte_arco-normal.mp3,.mp3,ordinario,arco-normal
philharmonia,vlc,ordinario,f,D3,F:\DOUTORAMENTO_22\INSTRUMENTOS\Instrumentos_espectro_versão 3\CORDAS\VIOLONCELO\Phillarmonia\cello\violoncelo forte_arco-normal\violoncelo_forte_arco-normal15\cello_D3_15_forte_arco-normal.mp3,.mp3,ordinario,arco-normal
philharmonia,vlc,ordinario,f,D4,F:\DOUTORAMENTO_22\INSTRUMENTOS\Instrumentos_espectro_versão 3\CORDAS\VIOLONCELO\Phillarmonia\cello\violoncelo forte_arco-normal\violoncelo_forte_arco-normal15\cello_D4_15_forte_arco-normal.mp3,.mp3,ordinario,arco-normal
philharmonia,vlc,ordinario,f,D5,F:\DOUTORAMENTO_22\INSTRUMENTOS\Instrumentos_espectro_versão 3\CORDAS\VIOLONCELO\Phillarmonia\cello\violoncelo forte_arco-normal\violoncelo_forte_arco-normal15\cello_D5_15_forte_arco-normal.mp3,.mp3,ordinario,arco-normal
philharmonia,vlc,ordinario,f,E2,F:\DOUTORAMENTO_22\INSTRUMENTOS\Instrumentos_espectro_versão 3\CORDAS\VIOLONCELO\Phillarmonia\cello\violoncelo forte_arco-normal\violoncelo_forte_arco-normal15\cello_E2_15_forte_arco-normal.mp3,.mp3,ordinario,arco-normal
philharmonia,vlc,ordinario,f,E3,F:\DOUTORAMENTO_22\INSTRUMENTOS\Instrumentos_espectro_versão 3\CORDAS\VIOLONCELO\Phillarmonia\cello\violoncelo forte_arco-normal\violoncelo_forte_arco-normal15\cello_E3_15_forte_arco-normal.mp3,.mp3,ordinario,arco-normal
philharmonia,vlc,ordinario,f,E4,F:\DOUTORAMENTO_22\INSTRUMENTOS\Instrumentos_espectro_versão 3\CORDAS\VIOLONCELO\Phillarmonia\cello\violoncelo forte_arco-normal\violoncelo_forte_arco-normal15\cello_E4_15_forte_arco-normal.mp3,.mp3,ordinario,arco-normal
philharmonia,vlc,ordinario,f,E5,F:\DOUTORAMENTO_22\INSTRUMENTOS\Instrumentos_espectro_versão 3\CORDAS\VIOLONCELO\Phillarmonia\cello\violoncelo forte_arco-normal\violoncelo_forte_arco-normal15\cello_E5_15_forte_arco-normal.mp3,.mp3,ordinario,arco-normal
philharmonia,vlc,ordinario,f,F#2,F:\DOUTORAMENTO_22\INSTRUMENTOS\Instrumentos_espectro_versão 3\CORDAS\VIOLONCELO\Phillarmonia\cello\violoncelo forte_arco-normal\violoncelo_forte_arco-normal15\cello_F#2_15_forte_arco-normal.mp3,.mp3,ordinario,arco-normal
philharmonia,vlc,ordinario,f,F#3,F:\DOUTORAMENTO_22\INSTRUMENTOS\Instrumentos_espectro_versão 3\CORDAS\VIOLONCELO\Phillarmonia\cello\violoncelo forte_arco-normal\violoncelo_forte_arco-normal15\cello_F#3_15_forte_arco-normal.mp3,.mp3,ordinario,arco-normal
philharmonia,vlc,ordinario,f,F#4,F:\DOUTORAMENTO_22\INSTRUMENTOS\Instrumentos_espectro_versão 3\CORDAS\VIOLONCELO\Phillarmonia\cello\violoncelo forte_arco-normal\violoncelo_forte_arco-normal15\cello_F#4_15_forte_arco-normal.mp3,.mp3,ordinario,arco-normal
philharmonia,vlc,ordinario,f,F#5,F:\DOUTORAMENTO_22\INSTRUMENTOS\Instrumentos_espectro_versão 3\CORDAS\VIOLONCELO\Phillarmonia\cello\violoncelo forte_arco-normal\violoncelo_forte_arco-normal15\cello_F#5_15_forte_arco-normal.mp3,.mp3,ordinario,arco-normal
philharmonia,vlc,ordinario,f,F2,F:\DOUTORAMENTO_22\INSTRUMENTOS\Instrumentos_espectro_versão 3\CORDAS\VIOLONCELO\Phillarmonia\cello\violoncelo forte_arco-normal\violoncelo_forte_arco-normal15\cello_F2_15_forte_arco-normal.mp3,.mp3,ordinario,arco-normal
philharmonia,vlc,ordinario,f,F3,F:\DOUTORAMENTO_22\INSTRUMENTOS\Instrumentos_espectro_versão 3\CORDAS\VIOLONCELO\Phillarmonia\cello\violoncelo forte_arco-normal\violoncelo_forte_arco-normal15\cello_F3_15_forte_arco-normal.mp3,.mp3,ordinario,arco-normal
philharmonia,vlc,ordinario,f,F4,F:\DOUTORAMENTO_22\INSTRUMENTOS\Instrumentos_espectro_versão 3\CORDAS\VIOLONCELO\Phillarmonia\cello\violoncelo forte_arco-normal\violoncelo_forte_arco-normal15\cello_F4_15_forte_arco-normal.mp3,.mp3,ordinario,arco-normal
philharmonia,vlc,ordinario,f,F5,F:\DOUTORAMENTO_22\INSTRUMENTOS\Instrumentos_espectro_versão 3\CORDAS\VIOLONCELO\Phillarmonia\cello\violoncelo forte_arco-normal\violoncelo_forte_arco-normal15\cello_F5_15_forte_arco-normal.mp3,.mp3,ordinario,arco-normal
philharmonia,vlc,ordinario,f,G#2,F:\DOUTORAMENTO_22\INSTRUMENTOS\Instrumentos_espectro_versão 3\CORDAS\VIOLONCELO\Phillarmonia\cello\violoncelo forte_arco-normal\violoncelo_forte_arco-normal15\cello_G#2_15_forte_arco-normal.mp3,.mp3,ordinario,arco-normal
philharmonia,vlc,ordinario,f,G#3,F:\DOUTORAMENTO_22\INSTRUMENTOS\Instrumentos_espectro_versão 3\CORDAS\VIOLONCELO\Phillarmonia\cello\violoncelo forte_arco-normal\violoncelo_forte_arco-normal15\cello_G#3_15_forte_arco-normal.mp3,.mp3,ordinario,arco-normal
philharmonia,vlc,ordinario,f,G#4,F:\DOUTORAMENTO_22\INSTRUMENTOS\Instrumentos_espectro_versão 3\CORDAS\VIOLONCELO\Phillarmonia\cello\violoncelo forte_arco-normal\violoncelo_forte_arco-normal15\cello_G#4_15_forte_arco-normal.mp3,.mp3,ordinario,arco-normal
philharmonia,vlc,ordinario,f,G#5,F:\DOUTORAMENTO_22\INSTRUMENTOS\Instrumentos_espectro_versão 3\CORDAS\VIOLONCELO\Phillarmonia\cello\violoncelo forte_arco-normal\violoncelo_forte_arco-normal15\cello_G#5_15_forte_arco-normal.mp3,.mp3,ordinario,arco-normal
philharmonia,vlc,ordinario,f,G2,F:\DOUTORAMENTO_22\INSTRUMENTOS\Instrumentos_espectro_versão 3\CORDAS\VIOLONCELO\Phillarmonia\cello\violoncelo forte_arco-normal\violoncelo_forte_arco-normal15\cello_G2_15_forte_arco-normal.mp3,.mp3,ordinario,arco-normal
philharmonia,vlc,ordinario,f,G3,F:\DOUTORAMENTO_22\INSTRUMENTOS\Instrumentos_espectro_versão 3\CORDAS\VIOLONCELO\Phillarmonia\cello\violoncelo forte_arco-normal\violoncelo_forte_arco-normal15\cello_G3_15_forte_arco-normal.mp3,.mp3,ordinario,arco-normal
philharmonia,vlc,ordinario,f,G4,F:\DOUTORAMENTO_22\INSTRUMENTOS\Instrumentos_espectro_versão 3\CORDAS\VIOLONCELO\Phillarmonia\cello\violoncelo forte_arco-normal\violoncelo_forte_arco-normal15\cello_G4_15_forte_arco-normal.mp3,.mp3,ordinario,arco-normal
philharmonia,vlc,ordinario,f,G5,F:\DOUTORAMENTO_22\INSTRUMENTOS\Instrumentos_espectro_versão 3\CORDAS\VIOLONCELO\Phillarmonia\cello\violoncelo forte_arco-normal\violoncelo_forte_arco-normal15\cello_G5_15_forte_arco-normal.mp3,.mp3,ordinario,arco-normal
philharmonia,vlc,ordinario,ff,A#2,F:\DOUTORAMENTO_22\INSTRUMENTOS\Instrumentos_espectro_versão 3\CORDAS\VIOLONCELO\Phillarmonia\cello\violoncelo fortissimo_arco-normal\violoncelo_fortissimo_arco-normal025\cello_A#2_025_fortissimo_arco-normal.mp3,.mp3,ordinario,arco-normal
philharmonia,vlc,ordinario,ff,A#3,F:\DOUTORAMENTO_22\INSTRUMENTOS\Instrumentos_espectro_versão 3\CORDAS\VIOLONCELO\Phillarmonia\cello\violoncelo fortissimo_arco-normal\violoncelo_fortissimo_arco-normal025\cello_A#3_025_fortissimo_arco-normal.mp3,.mp3,ordinario,arco-normal
philharmonia,vlc,ordinario,ff,A#4,F:\DOUTORAMENTO_22\INSTRUMENTOS\Instrumentos_espectro_versão 3\CORDAS\VIOLONCELO\Phillarmonia\cello\violoncelo fortissimo_arco-normal\violoncelo_fortissimo_arco-normal025\cello_A#4_025_fortissimo_arco-normal.mp3,.mp3,ordinario,arco-normal
philharmonia,vlc,ordinario,ff,A#5,F:\DOUTORAMENTO_22\INSTRUMENTOS\Instrumentos_espectro_versão 3\CORDAS\VIOLONCELO\Phillarmonia\cello\violoncelo fortissimo_arco-normal\violoncelo_fortissimo_arco-normal025\cello_A#5_025_fortissimo_arco-normal.mp3,.mp3,ordinario,arco-normal
philharmonia,vlc,ordinario,ff,A2,F:\DOUTORAMENTO_22\INSTRUMENTOS\Instrumentos_espectro_versão 3\CORDAS\VIOLONCELO\Phillarmonia\cello\violoncelo fortissimo_arco-normal\violoncelo_fortissimo_arco-normal025\cello_A2_025_fortissimo_arco-normal.mp3,.mp3,ordinario,arco-normal
philharmonia,vlc,ordinario,ff,A3,F:\DOUTORAMENTO_22\INSTRUMENTOS\Instrumentos_espectro_versão 3\CORDAS\VIOLONCELO\Phillarmonia\cello\violoncelo fortissimo_arco-normal\violoncelo_fortissimo_arco-normal025\cello_A3_025_fortissimo_arco-normal.mp3,.mp3,ordinario,arco-normal
philharmonia,vlc,ordinario,ff,A4,F:\DOUTORAMENTO_22\INSTRUMENTOS\Instrumentos_espectro_versão 3\CORDAS\VIOLONCELO\Phillarmonia\cello\violoncelo fortissimo_arco-normal\violoncelo_fortissimo_arco-normal025\cello_A4_025_fortissimo_arco-normal.mp3,.mp3,ordinario,arco-normal
philharmonia,vlc,ordinario,ff,A5,F:\DOUTORAMENTO_22\INSTRUMENTOS\Instrumentos_espectro_versão 3\CORDAS\VIOLONCELO\Phillarmonia\cello\violoncelo fortissimo_arco-normal\violoncelo_fortissimo_arco-normal025\cello_A5_025_fortissimo_arco-normal.mp3,.mp3,ordinario,arco-normal
philharmonia,vlc,ordinario,ff,B2,F:\DOUTORAMENTO_22\INSTRUMENTOS\Instrumentos_espectro_versão 3\CORDAS\VIOLONCELO\Phillarmonia\cello\violoncelo fortissimo_arco-normal\violoncelo_fortissimo_arco-normal025\cello_B2_025_fortissimo_arco-normal.mp3,.mp3,ordinario,arco-normal
philharmonia,vlc,ordinario,ff,B3,F:\DOUTORAMENTO_22\INSTRUMENTOS\Instrumentos_espectro_versão 3\CORDAS\VIOLONCELO\Phillarmonia\cello\violoncelo fortissimo_arco-normal\violoncelo_fortissimo_arco-normal025\cello_B3_025_fortissimo_arco-normal.mp3,.mp3,ordinario,arco-normal
philharmonia,vlc,ordinario,ff,B4,F:\DOUTORAMENTO_22\INSTRUMENTOS\Instrumentos_espectro_versão 3\CORDAS\VIOLONCELO\Phillarmonia\cello\violoncelo fortissimo_arco-normal\violoncelo_fortissimo_arco-normal025\cello_B4_025_fortissimo_arco-normal.mp3,.mp3,ordinario,arco-normal
philharmonia,vlc,ordinario,ff,B5,F:\DOUTORAMENTO_22\INSTRUMENTOS\Instrumentos_espectro_versão 3\CORDAS\VIOLONCELO\Phillarmonia\cello\violoncelo fortissimo_arco-normal\violoncelo_fortissimo_arco-normal025\cello_B5_025_fortissimo_arco-normal.mp3,.mp3,ordinario,arco-normal
philharmonia,vlc,ordinario,ff,C#2,F:\DOUTORAMENTO_22\INSTRUMENTOS\Instrumentos_espectro_versão 3\CORDAS\VIOLONCELO\Phillarmonia\cello\violoncelo fortissimo_arco-normal\violoncelo_fortissimo_arco-normal025\cello_C#2_025_fortissimo_arco-normal.mp3,.mp3,ordinario,arco-normal
philharmonia,vlc,ordinario,ff,C#3,F:\DOUTORAMENTO_22\INSTRUMENTOS\Instrumentos_espectro_versão 3\CORDAS\VIOLONCELO\Phillarmonia\cello\violoncelo fortissimo_arco-normal\violoncelo_fortissimo_arco-normal025\cello_C#3_025_fortissimo_arco-normal.mp3,.mp3,ordinario,arco-normal
philharmonia,vlc,ordinario,ff,C#4,F:\DOUTORAMENTO_22\INSTRUMENTOS\Instrumentos_espectro_versão 3\CORDAS\VIOLONCELO\Phillarmonia\cello\violoncelo fortissimo_arco-normal\violoncelo_fortissimo_arco-normal025\cello_C#4_025_fortissimo_arco-normal.mp3,.mp3,ordinario,arco-normal
philharmonia,vlc,ordinario,ff,C#5,F:\DOUTORAMENTO_22\INSTRUMENTOS\Instrumentos_espectro_versão 3\CORDAS\VIOLONCELO\Phillarmonia\cello\violoncelo fortissimo_arco-normal\violoncelo_fortissimo_arco-normal025\cello_C#5_025_fortissimo_arco-normal.mp3,.mp3,ordinario,arco-normal
philharmonia,vlc,ordinario,ff,C2,F:\DOUTORAMENTO_22\INSTRUMENTOS\Instrumentos_espectro_versão 3\CORDAS\VIOLONCELO\Phillarmonia\cello\violoncelo fortissimo_arco-normal\violoncelo_fortissimo_arco-normal025\cello_C2_025_fortissimo_arco-normal.mp3,.mp3,ordinario,arco-normal
philharmonia,vlc,ordinario,ff,C3,F:\DOUTORAMENTO_22\INSTRUMENTOS\Instrumentos_espectro_versão 3\CORDAS\VIOLONCELO\Phillarmonia\cello\violoncelo fortissimo_arco-normal\violoncelo_fortissimo_arco-normal025\cello_C3_025_fortissimo_arco-normal.mp3,.mp3,ordinario,arco-normal
philharmonia,vlc,ordinario,ff,C4,F:\DOUTORAMENTO_22\INSTRUMENTOS\Instrumentos_espectro_versão 3\CORDAS\VIOLONCELO\Phillarmonia\cello\violoncelo fortissimo_arco-normal\violoncelo_fortissimo_arco-normal025\cello_C4_025_fortissimo_arco-normal.mp3,.mp3,ordinario,arco-normal
philharmonia,vlc,ordinario,ff,C5,F:\DOUTORAMENTO_22\INSTRUMENTOS\Instrumentos_espectro_versão 3\CORDAS\VIOLONCELO\Phillarmonia\cello\violoncelo fortissimo_arco-normal\violoncelo_fortissimo_arco-normal025\cello_C5_025_fortissimo_arco-normal.mp3,.mp3,ordinario,arco-normal
philharmonia,vlc,ordinario,ff,C6,F:\DOUTORAMENTO_22\INSTRUMENTOS\Instrumentos_espectro_versão 3\CORDAS\VIOLONCELO\Phillarmonia\cello\violoncelo fortissimo_arco-normal\violoncelo_fortissimo_arco-normal025\cello_C6_025_fortissimo_arco-normal.mp3,.mp3,ordinario,arco-normal
philharmonia,vlc,ordinario,ff,D#2,F:\DOUTORAMENTO_22\INSTRUMENTOS\Instrumentos_espectro_versão 3\CORDAS\VIOLONCELO\Phillarmonia\cello\violoncelo fortissimo_arco-normal\violoncelo_fortissimo_arco-normal025\cello_D#2_025_fortissimo_arco-normal.mp3,.mp3,ordinario,arco-normal
philharmonia,vlc,ordinario,ff,D#3,F:\DOUTORAMENTO_22\INSTRUMENTOS\Instrumentos_espectro_versão 3\CORDAS\VIOLONCELO\Phillarmonia\cello\violoncelo fortissimo_arco-normal\violoncelo_fortissimo_arco-normal025\cello_D#3_025_fortissimo_arco-normal.mp3,.mp3,ordinario,arco-normal
philharmonia,vlc,ordinario,ff,D#4,F:\DOUTORAMENTO_22\INSTRUMENTOS\Instrumentos_espectro_versão 3\CORDAS\VIOLONCELO\Phillarmonia\cello\violoncelo fortissimo_arco-normal\violoncelo_fortissimo_arco-normal025\cello_D#4_025_fortissimo_arco-normal.mp3,.mp3,ordinario,arco-normal
philharmonia,vlc,ordinario,ff,D#5,F:\DOUTORAMENTO_22\INSTRUMENTOS\Instrumentos_espectro_versão 3\CORDAS\VIOLONCELO\Phillarmonia\cello\violoncelo fortissimo_arco-normal\violoncelo_fortissimo_arco-normal025\cello_D#5_025_fortissimo_arco-normal.mp3,.mp3,ordinario,arco-normal
philharmonia,vlc,ordinario,ff,D2,F:\DOUTORAMENTO_22\INSTRUMENTOS\Instrumentos_espectro_versão 3\CORDAS\VIOLONCELO\Phillarmonia\cello\violoncelo fortissimo_arco-normal\violoncelo_fortissimo_arco-normal025\cello_D2_025_fortissimo_arco-normal.mp3,.mp3,ordinario,arco-normal
philharmonia,vlc,ordinario,ff,D3,F:\DOUTORAMENTO_22\INSTRUMENTOS\Instrumentos_espectro_versão 3\CORDAS\VIOLONCELO\Phillarmonia\cello\violoncelo fortissimo_arco-normal\violoncelo_fortissimo_arco-normal025\cello_D3_025_fortissimo_arco-normal.mp3,.mp3,ordinario,arco-normal
philharmonia,vlc,ordinario,ff,D4,F:\DOUTORAMENTO_22\INSTRUMENTOS\Instrumentos_espectro_versão 3\CORDAS\VIOLONCELO\Phillarmonia\cello\violoncelo fortissimo_arco-normal\violoncelo_fortissimo_arco-normal025\cello_D4_025_fortissimo_arco-normal.mp3,.mp3,ordinario,arco-normal
philharmonia,vlc,ordinario,ff,D5,F:\DOUTORAMENTO_22\INSTRUMENTOS\Instrumentos_espectro_versão 3\CORDAS\VIOLONCELO\Phillarmonia\cello\violoncelo fortissimo_arco-normal\violoncelo_fortissimo_arco-normal025\cello_D5_025_fortissimo_arco-normal.mp3,.mp3,ordinario,arco-normal
philharmonia,vlc,ordinario,ff,E2,F:\DOUTORAMENTO_22\INSTRUMENTOS\Instrumentos_espectro_versão 3\CORDAS\VIOLONCELO\Phillarmonia\cello\violoncelo fortissimo_arco-normal\violoncelo_fortissimo_arco-normal025\cello_E2_025_fortissimo_arco-normal.mp3,.mp3,ordinario,arco-normal
philharmonia,vlc,ordinario,ff,E3,F:\DOUTORAMENTO_22\INSTRUMENTOS\Instrumentos_espectro_versão 3\CORDAS\VIOLONCELO\Phillarmonia\cello\violoncelo fortissimo_arco-normal\violoncelo_fortissimo_arco-normal025\cello_E3_025_fortissimo_arco-normal.mp3,.mp3,ordinario,arco-normal
philharmonia,vlc,ordinario,ff,E4,F:\DOUTORAMENTO_22\INSTRUMENTOS\Instrumentos_espectro_versão 3\CORDAS\VIOLONCELO\Phillarmonia\cello\violoncelo fortissimo_arco-normal\violoncelo_fortissimo_arco-normal025\cello_E4_025_fortissimo_arco-normal.mp3,.mp3,ordinario,arco-normal
philharmonia,vlc,ordinario,ff,E5,F:\DOUTORAMENTO_22\INSTRUMENTOS\Instrumentos_espectro_versão 3\CORDAS\VIOLONCELO\Phillarmonia\cello\violoncelo fortissimo_arco-normal\violoncelo_fortissimo_arco-normal025\cello_E5_025_fortissimo_arco-normal.mp3,.mp3,ordinario,arco-normal
philharmonia,vlc,ordinario,ff,F#2,F:\DOUTORAMENTO_22\INSTRUMENTOS\Instrumentos_espectro_versão 3\CORDAS\VIOLONCELO\Phillarmonia\cello\violoncelo fortissimo_arco-normal\violoncelo_fortissimo_arco-normal025\cello_F#2_025_fortissimo_arco-normal.mp3,.mp3,ordinario,arco-normal
philharmonia,vlc,ordinario,ff,F#3,F:\DOUTORAMENTO_22\INSTRUMENTOS\Instrumentos_espectro_versão 3\CORDAS\VIOLONCELO\Phillarmonia\cello\violoncelo fortissimo_arco-normal\violoncelo_fortissimo_arco-normal025\cello_F#3_025_fortissimo_arco-normal.mp3,.mp3,ordinario,arco-normal
philharmonia,vlc,ordinario,ff,F#4,F:\DOUTORAMENTO_22\INSTRUMENTOS\Instrumentos_espectro_versão 3\CORDAS\VIOLONCELO\Phillarmonia\cello\violoncelo fortissimo_arco-normal\violoncelo_fortissimo_arco-normal025\cello_F#4_025_fortissimo_arco-normal.mp3,.mp3,ordinario,arco-normal
philharmonia,vlc,ordinario,ff,F#5,F:\DOUTORAMENTO_22\INSTRUMENTOS\Instrumentos_espectro_versão 3\CORDAS\VIOLONCELO\Phillarmonia\cello\violoncelo fortissimo_arco-normal\violoncelo_fortissimo_arco-normal025\cello_F#5_025_fortissimo_arco-normal.mp3,.mp3,ordinario,arco-normal
philharmonia,vlc,ordinario,ff,F2,F:\DOUTORAMENTO_22\INSTRUMENTOS\Instrumentos_espectro_versão 3\CORDAS\VIOLONCELO\Phillarmonia\cello\violoncelo fortissimo_arco-normal\violoncelo_fortissimo_arco-normal025\cello_F2_025_fortissimo_arco-normal.mp3,.mp3,ordinario,arco-normal
philharmonia,vlc,ordinario,ff,F3,F:\DOUTORAMENTO_22\INSTRUMENTOS\Instrumentos_espectro_versão 3\CORDAS\VIOLONCELO\Phillarmonia\cello\violoncelo fortissimo_arco-normal\violoncelo_fortissimo_arco-normal025\cello_F3_025_fortissimo_arco-normal.mp3,.mp3,ordinario,arco-normal
philharmonia,vlc,ordinario,ff,F4,F:\DOUTORAMENTO_22\INSTRUMENTOS\Instrumentos_espectro_versão 3\CORDAS\VIOLONCELO\Phillarmonia\cello\violoncelo fortissimo_arco-normal\violoncelo_fortissimo_arco-normal025\cello_F4_025_fortissimo_arco-normal.mp3,.mp3,ordinario,arco-normal
philharmonia,vlc,ordinario,ff,F5,F:\DOUTORAMENTO_22\INSTRUMENTOS\Instrumentos_espectro_versão 3\CORDAS\VIOLONCELO\Phillarmonia\cello\violoncelo fortissimo_arco-normal\violoncelo_fortissimo_arco-normal025\cello_F5_025_fortissimo_arco-normal.mp3,.mp3,ordinario,arco-normal
philharmonia,vlc,ordinario,ff,G#2,F:\DOUTORAMENTO_22\INSTRUMENTOS\Instrumentos_espectro_versão 3\CORDAS\VIOLONCELO\Phillarmonia\cello\violoncelo fortissimo_arco-normal\violoncelo_fortissimo_arco-normal025\cello_G#2_025_fortissimo_arco-normal.mp3,.mp3,ordinario,arco-normal
philharmonia,vlc,ordinario,ff,G#3,F:\DOUTORAMENTO_22\INSTRUMENTOS\Instrumentos_espectro_versão 3\CORDAS\VIOLONCELO\Phillarmonia\cello\violoncelo fortissimo_arco-normal\violoncelo_fortissimo_arco-normal025\cello_G#3_025_fortissimo_arco-normal.mp3,.mp3,ordinario,arco-normal
philharmonia,vlc,ordinario,ff,G#4,F:\DOUTORAMENTO_22\INSTRUMENTOS\Instrumentos_espectro_versão 3\CORDAS\VIOLONCELO\Phillarmonia\cello\violoncelo fortissimo_arco-normal\violoncelo_fortissimo_arco-normal025\cello_G#4_025_fortissimo_arco-normal.mp3,.mp3,ordinario,arco-normal
philharmonia,vlc,ordinario,ff,G#5,F:\DOUTORAMENTO_22\INSTRUMENTOS\Instrumentos_espectro_versão 3\CORDAS\VIOLONCELO\Phillarmonia\cello\violoncelo fortissimo_arco-normal\violoncelo_fortissimo_arco-normal025\cello_G#5_025_fortissimo_arco-normal.mp3,.mp3,ordinario,arco-normal
philharmonia,vlc,ordinario,ff,G2,F:\DOUTORAMENTO_22\INSTRUMENTOS\Instrumentos_espectro_versão 3\CORDAS\VIOLONCELO\Phillarmonia\cello\violoncelo fortissimo_arco-normal\violoncelo_fortissimo_arco-normal025\cello_G2_025_fortissimo_arco-normal.mp3,.mp3,ordinario,arco-normal
philharmonia,vlc,ordinario,ff,G3,F:\DOUTORAMENTO_22\INSTRUMENTOS\Instrumentos_espectro_versão 3\CORDAS\VIOLONCELO\Phillarmonia\cello\violoncelo fortissimo_arco-normal\violoncelo_fortissimo_arco-normal025\cello_G3_025_fortissimo_arco-normal.mp3,.mp3,ordinario,arco-normal
philharmonia,vlc,ordinario,ff,G4,F:\DOUTORAMENTO_22\INSTRUMENTOS\Instrumentos_espectro_versão 3\CORDAS\VIOLONCELO\Phillarmonia\cello\violoncelo fortissimo_arco-normal\violoncelo_fortissimo_arco-normal025\cello_G4_025_fortissimo_arco-normal.mp3,.mp3,ordinario,arco-normal
philharmonia,vlc,ordinario,ff,G5,F:\DOUTORAMENTO_22\INSTRUMENTOS\Instrumentos_espectro_versão 3\CORDAS\VIOLONCELO\Phillarmonia\cello\violoncelo fortissimo_arco-normal\violoncelo_fortissimo_arco-normal025\cello_G5_025_fortissimo_arco-normal.mp3,.mp3,ordinario,arco-normal
philharmonia,vlc,ordinario,ff,A#2,F:\DOUTORAMENTO_22\INSTRUMENTOS\Instrumentos_espectro_versão 3\CORDAS\VIOLONCELO\Phillarmonia\cello\violoncelo fortissimo_arco-normal\violoncelo_fortissimo_arco-normal05\cello_A#2_05_fortissimo_arco-normal.mp3,.mp3,ordinario,arco-normal
philharmonia,vlc,ordinario,ff,A#3,F:\DOUTORAMENTO_22\INSTRUMENTOS\Instrumentos_espectro_versão 3\CORDAS\VIOLONCELO\Phillarmonia\cello\violoncelo fortissimo_arco-normal\violoncelo_fortissimo_arco-normal05\cello_A#3_05_fortissimo_arco-normal.mp3,.mp3,ordinario,arco-normal
philharmonia,vlc,ordinario,ff,A#4,F:\DOUTORAMENTO_22\INSTRUMENTOS\Instrumentos_espectro_versão 3\CORDAS\VIOLONCELO\Phillarmonia\cello\violoncelo fortissimo_arco-normal\violoncelo_fortissimo_arco-normal05\cello_A#4_05_fortissimo_arco-normal.mp3,.mp3,ordinario,arco-normal
philharmonia,vlc,ordinario,ff,A#5,F:\DOUTORAMENTO_22\INSTRUMENTOS\Instrumentos_espectro_versão 3\CORDAS\VIOLONCELO\Phillarmonia\cello\violoncelo fortissimo_arco-normal\violoncelo_fortissimo_arco-normal05\cello_A#5_05_fortissimo_arco-normal.mp3,.mp3,ordinario,arco-normal
philharmonia,vlc,ordinario,ff,A2,F:\DOUTORAMENTO_22\INSTRUMENTOS\Instrumentos_espectro_versão 3\CORDAS\VIOLONCELO\Phillarmonia\cello\violoncelo fortissimo_arco-normal\violoncelo_fortissimo_arco-normal05\cello_A2_05_fortissimo_arco-normal.mp3,.mp3,ordinario,arco-normal
philharmonia,vlc,ordinario,ff,A3,F:\DOUTORAMENTO_22\INSTRUMENTOS\Instrumentos_espectro_versão 3\CORDAS\VIOLONCELO\Phillarmonia\cello\violoncelo fortissimo_arco-normal\violoncelo_fortissimo_arco-normal05\cello_A3_05_fortissimo_arco-normal.mp3,.mp3,ordinario,arco-normal
philharmonia,vlc,ordinario,ff,A5,F:\DOUTORAMENTO_22\INSTRUMENTOS\Instrumentos_espectro_versão 3\CORDAS\VIOLONCELO\Phillarmonia\cello\violoncelo fortissimo_arco-normal\violoncelo_fortissimo_arco-normal05\cello_A5_05_fortissimo_arco-normal.mp3,.mp3,ordinario,arco-normal
philharmonia,vlc,ordinario,ff,B2,F:\DOUTORAMENTO_22\INSTRUMENTOS\Instrumentos_espectro_versão 3\CORDAS\VIOLONCELO\Phillarmonia\cello\violoncelo fortissimo_arco-normal\violoncelo_fortissimo_arco-normal05\cello_B2_05_fortissimo_arco-normal.mp3,.mp3,ordinario,arco-normal
philharmonia,vlc,ordinario,ff,B3,F:\DOUTORAMENTO_22\INSTRUMENTOS\Instrumentos_espectro_versão 3\CORDAS\VIOLONCELO\Phillarmonia\cello\violoncelo fortissimo_arco-normal\violoncelo_fortissimo_arco-normal05\cello_B3_05_fortissimo_arco-normal.mp3,.mp3,ordinario,arco-normal
philharmonia,vlc,ordinario,ff,B4,F:\DOUTORAMENTO_22\INSTRUMENTOS\Instrumentos_espectro_versão 3\CORDAS\VIOLONCELO\Phillarmonia\cello\violoncelo fortissimo_arco-normal\violoncelo_fortissimo_arco-normal05\cello_B4_05_fortissimo_arco-normal.mp3,.mp3,ordinario,arco-normal
philharmonia,vlc,ordinario,ff,B5,F:\DOUTORAMENTO_22\INSTRUMENTOS\Instrumentos_espectro_versão 3\CORDAS\VIOLONCELO\Phillarmonia\cello\violoncelo fortissimo_arco-normal\violoncelo_fortissimo_arco-normal05\cello_B5_05_fortissimo_arco-normal.mp3,.mp3,ordinario,arco-normal
philharmonia,vlc,ordinario,ff,C#2,F:\DOUTORAMENTO_22\INSTRUMENTOS\Instrumentos_espectro_versão 3\CORDAS\VIOLONCELO\Phillarmonia\cello\violoncelo fortissimo_arco-normal\violoncelo_fortissimo_arco-normal05\cello_C#2_05_fortissimo_arco-normal.mp3,.mp3,ordinario,arco-normal
philharmonia,vlc,ordinario,ff,C#3,F:\DOUTORAMENTO_22\INSTRUMENTOS\Instrumentos_espectro_versão 3\CORDAS\VIOLONCELO\Phillarmonia\cello\violoncelo fortissimo_arco-normal\violoncelo_fortissimo_arco-normal05\cello_C#3_05_fortissimo_arco-normal.mp3,.mp3,ordinario,arco-normal
philharmonia,vlc,ordinario,ff,C#5,F:\DOUTORAMENTO_22\INSTRUMENTOS\Instrumentos_espectro_versão 3\CORDAS\VIOLONCELO\Phillarmonia\cello\violoncelo fortissimo_arco-normal\violoncelo_fortissimo_arco-normal05\cello_C#5_05_fortissimo_arco-normal.mp3,.mp3,ordinario,arco-normal
philharmonia,vlc,ordinario,ff,C3,F:\DOUTORAMENTO_22\INSTRUMENTOS\Instrumentos_espectro_versão 3\CORDAS\VIOLONCELO\Phillarmonia\cello\violoncelo fortissimo_arco-normal\violoncelo_fortissimo_arco-normal05\cello_C3_05_fortissimo_arco-normal.mp3,.mp3,ordinario,arco-normal
philharmonia,vlc,ordinario,ff,C4,F:\DOUTORAMENTO_22\INSTRUMENTOS\Instrumentos_espectro_versão 3\CORDAS\VIOLONCELO\Phillarmonia\cello\violoncelo fortissimo_arco-normal\violoncelo_fortissimo_arco-normal05\cello_C4_05_fortissimo_arco-normal.mp3,.mp3,ordinario,arco-normal
philharmonia,vlc,ordinario,ff,C5,F:\DOUTORAMENTO_22\INSTRUMENTOS\Instrumentos_espectro_versão 3\CORDAS\VIOLONCELO\Phillarmonia\cello\violoncelo fortissimo_arco-normal\violoncelo_fortissimo_arco-normal05\cello_C5_05_fortissimo_arco-normal.mp3,.mp3,ordinario,arco-normal
philharmonia,vlc,ordinario,ff,C6,F:\DOUTORAMENTO_22\INSTRUMENTOS\Instrumentos_espectro_versão 3\CORDAS\VIOLONCELO\Phillarmonia\cello\violoncelo fortissimo_arco-normal\violoncelo_fortissimo_arco-normal05\cello_C6_05_fortissimo_arco-normal.mp3,.mp3,ordinario,arco-normal
philharmonia,vlc,ordinario,ff,D#2,F:\DOUTORAMENTO_22\INSTRUMENTOS\Instrumentos_espectro_versão 3\CORDAS\VIOLONCELO\Phillarmonia\cello\violoncelo fortissimo_arco-normal\violoncelo_fortissimo_arco-normal05\cello_D#2_05_fortissimo_arco-normal.mp3,.mp3,ordinario,arco-normal
philharmonia,vlc,ordinario,ff,D#3,F:\DOUTORAMENTO_22\INSTRUMENTOS\Instrumentos_espectro_versão 3\CORDAS\VIOLONCELO\Phillarmonia\cello\violoncelo fortissimo_arco-normal\violoncelo_fortissimo_arco-normal05\cello_D#3_05_fortissimo_arco-normal.mp3,.mp3,ordinario,arco-normal
philharmonia,vlc,ordinario,ff,D#5,F:\DOUTORAMENTO_22\INSTRUMENTOS\Instrumentos_espectro_versão 3\CORDAS\VIOLONCELO\Phillarmonia\cello\violoncelo fortissimo_arco-normal\violoncelo_fortissimo_arco-normal05\cello_D#5_05_fortissimo_arco-normal.mp3,.mp3,ordinario,arco-normal
philharmonia,vlc,ordinario,ff,D2,F:\DOUTORAMENTO_22\INSTRUMENTOS\Instrumentos_espectro_versão 3\CORDAS\VIOLONCELO\Phillarmonia\cello\violoncelo fortissimo_arco-normal\violoncelo_fortissimo_arco-normal05\cello_D2_05_fortissimo_arco-normal.mp3,.mp3,ordinario,arco-normal
philharmonia,vlc,ordinario,ff,D3,F:\DOUTORAMENTO_22\INSTRUMENTOS\Instrumentos_espectro_versão 3\CORDAS\VIOLONCELO\Phillarmonia\cello\violoncelo fortissimo_arco-normal\violoncelo_fortissimo_arco-normal05\cello_D3_05_fortissimo_arco-normal.mp3,.mp3,ordinario,arco-normal
philharmonia,vlc,ordinario,ff,D4,F:\DOUTORAMENTO_22\INSTRUMENTOS\Instrumentos_espectro_versão 3\CORDAS\VIOLONCELO\Phillarmonia\cello\violoncelo fortissimo_arco-normal\violoncelo_fortissimo_arco-normal05\cello_D4_05_fortissimo_arco-normal.mp3,.mp3,ordinario,arco-normal
philharmonia,vlc,ordinario,ff,D5,F:\DOUTORAMENTO_22\INSTRUMENTOS\Instrumentos_espectro_versão 3\CORDAS\VIOLONCELO\Phillarmonia\cello\violoncelo fortissimo_arco-normal\violoncelo_fortissimo_arco-normal05\cello_D5_05_fortissimo_arco-normal.mp3,.mp3,ordinario,arco-normal
philharmonia,vlc,ordinario,ff,E2,F:\DOUTORAMENTO_22\INSTRUMENTOS\Instrumentos_espectro_versão 3\CORDAS\VIOLONCELO\Phillarmonia\cello\violoncelo fortissimo_arco-normal\violoncelo_fortissimo_arco-normal05\cello_E2_05_fortissimo_arco-normal.mp3,.mp3,ordinario,arco-normal
philharmonia,vlc,ordinario,ff,E5,F:\DOUTORAMENTO_22\INSTRUMENTOS\Instrumentos_espectro_versão 3\CORDAS\VIOLONCELO\Phillarmonia\cello\violoncelo fortissimo_arco-normal\violoncelo_fortissimo_arco-normal05\cello_E5_05_fortissimo_arco-normal.mp3,.mp3,ordinario,arco-normal
philharmonia,vlc,ordinario,ff,F#2,F:\DOUTORAMENTO_22\INSTRUMENTOS\Instrumentos_espectro_versão 3\CORDAS\VIOLONCELO\Phillarmonia\cello\violoncelo fortissimo_arco-normal\violoncelo_fortissimo_arco-normal05\cello_F#2_05_fortissimo_arco-normal.mp3,.mp3,ordinario,arco-normal
philharmonia,vlc,ordinario,ff,F#3,F:\DOUTORAMENTO_22\INSTRUMENTOS\Instrumentos_espectro_versão 3\CORDAS\VIOLONCELO\Phillarmonia\cello\violoncelo fortissimo_arco-normal\violoncelo_fortissimo_arco-normal05\cello_F#3_05_fortissimo_arco-normal.mp3,.mp3,ordinario,arco-normal
philharmonia,vlc,ordinario,ff,F#5,F:\DOUTORAMENTO_22\INSTRUMENTOS\Instrumentos_espectro_versão 3\CORDAS\VIOLONCELO\Phillarmonia\cello\violoncelo fortissimo_arco-normal\violoncelo_fortissimo_arco-normal05\cello_F#5_05_fortissimo_arco-normal.mp3,.mp3,ordinario,arco-normal
philharmonia,vlc,ordinario,ff,F2,F:\DOUTORAMENTO_22\INSTRUMENTOS\Instrumentos_espectro_versão 3\CORDAS\VIOLONCELO\Phillarmonia\cello\violoncelo fortissimo_arco-normal\violoncelo_fortissimo_arco-normal05\cello_F2_05_fortissimo_arco-normal.mp3,.mp3,ordinario,arco-normal
philharmonia,vlc,ordinario,ff,F3,F:\DOUTORAMENTO_22\INSTRUMENTOS\Instrumentos_espectro_versão 3\CORDAS\VIOLONCELO\Phillarmonia\cello\violoncelo fortissimo_arco-normal\violoncelo_fortissimo_arco-normal05\cello_F3_05_fortissimo_arco-normal.mp3,.mp3,ordinario,arco-normal
philharmonia,vlc,ordinario,ff,F5,F:\DOUTORAMENTO_22\INSTRUMENTOS\Instrumentos_espectro_versão 3\CORDAS\VIOLONCELO\Phillarmonia\cello\violoncelo fortissimo_arco-normal\violoncelo_fortissimo_arco-normal05\cello_F5_05_fortissimo_arco-normal.mp3,.mp3,ordinario,arco-normal
philharmonia,vlc,ordinario,ff,G#2,F:\DOUTORAMENTO_22\INSTRUMENTOS\Instrumentos_espectro_versão 3\CORDAS\VIOLONCELO\Phillarmonia\cello\violoncelo fortissimo_arco-normal\violoncelo_fortissimo_arco-normal05\cello_G#2_05_fortissimo_arco-normal.mp3,.mp3,ordinario,arco-normal
philharmonia,vlc,ordinario,ff,G#3,F:\DOUTORAMENTO_22\INSTRUMENTOS\Instrumentos_espectro_versão 3\CORDAS\VIOLONCELO\Phillarmonia\cello\violoncelo fortissimo_arco-normal\violoncelo_fortissimo_arco-normal05\cello_G#3_05_fortissimo_arco-normal.mp3,.mp3,ordinario,arco-normal
philharmonia,vlc,ordinario,ff,G#4,F:\DOUTORAMENTO_22\INSTRUMENTOS\Instrumentos_espectro_versão 3\CORDAS\VIOLONCELO\Phillarmonia\cello\violoncelo fortissimo_arco-normal\violoncelo_fortissimo_arco-normal05\cello_G#4_05_fortissimo_arco-normal.mp3,.mp3,ordinario,arco-normal
philharmonia,vlc,ordinario,ff,G#5,F:\DOUTORAMENTO_22\INSTRUMENTOS\Instrumentos_espectro_versão 3\CORDAS\VIOLONCELO\Phillarmonia\cello\violoncelo fortissimo_arco-normal\violoncelo_fortissimo_arco-normal05\cello_G#5_05_fortissimo_arco-normal.mp3,.mp3,ordinario,arco-normal
philharmonia,vlc,ordinario,ff,G2,F:\DOUTORAMENTO_22\INSTRUMENTOS\Instrumentos_espectro_versão 3\CORDAS\VIOLONCELO\Phillarmonia\cello\violoncelo fortissimo_arco-normal\violoncelo_fortissimo_arco-normal05\cello_G2_05_fortissimo_arco-normal.mp3,.mp3,ordinario,arco-normal
philharmonia,vlc,ordinario,ff,G3,F:\DOUTORAMENTO_22\INSTRUMENTOS\Instrumentos_espectro_versão 3\CORDAS\VIOLONCELO\Phillarmonia\cello\violoncelo fortissimo_arco-normal\violoncelo_fortissimo_arco-normal05\cello_G3_05_fortissimo_arco-normal.mp3,.mp3,ordinario,arco-normal
philharmonia,vlc,ordinario,ff,G5,F:\DOUTORAMENTO_22\INSTRUMENTOS\Instrumentos_espectro_versão 3\CORDAS\VIOLONCELO\Phillarmonia\cello\violoncelo fortissimo_arco-normal\violoncelo_fortissimo_arco-normal05\cello_G5_05_fortissimo_arco-normal.mp3,.mp3,ordinario,arco-normal
philharmonia,vlc,ordinario,ff,A#2,F:\DOUTORAMENTO_22\INSTRUMENTOS\Instrumentos_espectro_versão 3\CORDAS\VIOLONCELO\Phillarmonia\cello\violoncelo fortissimo_arco-normal\violoncelo_fortissimo_arco-normal1\cello_A#2_1_fortissimo_arco-normal.mp3,.mp3,ordinario,arco-normal
philharmonia,vlc,ordinario,ff,A#3,F:\DOUTORAMENTO_22\INSTRUMENTOS\Instrumentos_espectro_versão 3\CORDAS\VIOLONCELO\Phillarmonia\cello\violoncelo fortissimo_arco-normal\violoncelo_fortissimo_arco-normal1\cello_A#3_1_fortissimo_arco-normal.mp3,.mp3,ordinario,arco-normal
philharmonia,vlc,ordinario,ff,A#4,F:\DOUTORAMENTO_22\INSTRUMENTOS\Instrumentos_espectro_versão 3\CORDAS\VIOLONCELO\Phillarmonia\cello\violoncelo fortissimo_arco-normal\violoncelo_fortissimo_arco-normal1\cello_A#4_1_fortissimo_arco-normal.mp3,.mp3,ordinario,arco-normal
philharmonia,vlc,ordinario,ff,A#5,F:\DOUTORAMENTO_22\INSTRUMENTOS\Instrumentos_espectro_versão 3\CORDAS\VIOLONCELO\Phillarmonia\cello\violoncelo fortissimo_arco-normal\violoncelo_fortissimo_arco-normal1\cello_A#5_1_fortissimo_arco-normal.mp3,.mp3,ordinario,arco-normal
philharmonia,vlc,ordinario,ff,A2,F:\DOUTORAMENTO_22\INSTRUMENTOS\Instrumentos_espectro_versão 3\CORDAS\VIOLONCELO\Phillarmonia\cello\violoncelo fortissimo_arco-normal\violoncelo_fortissimo_arco-normal1\cello_A2_1_fortissimo_arco-normal.mp3,.mp3,ordinario,arco-normal
philharmonia,vlc,ordinario,ff,A3,F:\DOUTORAMENTO_22\INSTRUMENTOS\Instrumentos_espectro_versão 3\CORDAS\VIOLONCELO\Phillarmonia\cello\violoncelo fortissimo_arco-normal\violoncelo_fortissimo_arco-normal1\cello_A3_1_fortissimo_arco-normal.mp3,.mp3,ordinario,arco-normal
philharmonia,vlc,ordinario,ff,A4,F:\DOUTORAMENTO_22\INSTRUMENTOS\Instrumentos_espectro_versão 3\CORDAS\VIOLONCELO\Phillarmonia\cello\violoncelo fortissimo_arco-normal\violoncelo_fortissimo_arco-normal1\cello_A4_1_fortissimo_arco-normal.mp3,.mp3,ordinario,arco-normal
philharmonia,vlc,ordinario,ff,A5,F:\DOUTORAMENTO_22\INSTRUMENTOS\Instrumentos_espectro_versão 3\CORDAS\VIOLONCELO\Phillarmonia\cello\violoncelo fortissimo_arco-normal\violoncelo_fortissimo_arco-normal1\cello_A5_1_fortissimo_arco-normal.mp3,.mp3,ordinario,arco-normal
philharmonia,vlc,ordinario,ff,B2,F:\DOUTORAMENTO_22\INSTRUMENTOS\Instrumentos_espectro_versão 3\CORDAS\VIOLONCELO\Phillarmonia\cello\violoncelo fortissimo_arco-normal\violoncelo_fortissimo_arco-normal1\cello_B2_1_fortissimo_arco-normal.mp3,.mp3,ordinario,arco-normal
philharmonia,vlc,ordinario,ff,B3,F:\DOUTORAMENTO_22\INSTRUMENTOS\Instrumentos_espectro_versão 3\CORDAS\VIOLONCELO\Phillarmonia\cello\violoncelo fortissimo_arco-normal\violoncelo_fortissimo_arco-normal1\cello_B3_1_fortissimo_arco-normal.mp3,.mp3,ordinario,arco-normal
philharmonia,vlc,ordinario,ff,B4,F:\DOUTORAMENTO_22\INSTRUMENTOS\Instrumentos_espectro_versão 3\CORDAS\VIOLONCELO\Phillarmonia\cello\violoncelo fortissimo_arco-normal\violoncelo_fortissimo_arco-normal1\cello_B4_1_fortissimo_arco-normal.mp3,.mp3,ordinario,arco-normal
philharmonia,vlc,ordinario,ff,B5,F:\DOUTORAMENTO_22\INSTRUMENTOS\Instrumentos_espectro_versão 3\CORDAS\VIOLONCELO\Phillarmonia\cello\violoncelo fortissimo_arco-normal\violoncelo_fortissimo_arco-normal1\cello_B5_1_fortissimo_arco-normal.mp3,.mp3,ordinario,arco-normal
philharmonia,vlc,ordinario,ff,C#2,F:\DOUTORAMENTO_22\INSTRUMENTOS\Instrumentos_espectro_versão 3\CORDAS\VIOLONCELO\Phillarmonia\cello\violoncelo fortissimo_arco-normal\violoncelo_fortissimo_arco-normal1\cello_C#2_1_fortissimo_arco-normal.mp3,.mp3,ordinario,arco-normal
philharmonia,vlc,ordinario,ff,C#3,F:\DOUTORAMENTO_22\INSTRUMENTOS\Instrumentos_espectro_versão 3\CORDAS\VIOLONCELO\Phillarmonia\cello\violoncelo fortissimo_arco-normal\violoncelo_fortissimo_arco-normal1\cello_C#3_1_fortissimo_arco-normal.mp3,.mp3,ordinario,arco-normal
philharmonia,vlc,ordinario,ff,C#4,F:\DOUTORAMENTO_22\INSTRUMENTOS\Instrumentos_espectro_versão 3\CORDAS\VIOLONCELO\Phillarmonia\cello\violoncelo fortissimo_arco-normal\violoncelo_fortissimo_arco-normal1\cello_C#4_1_fortissimo_arco-normal.mp3,.mp3,ordinario,arco-normal
philharmonia,vlc,ordinario,ff,C#5,F:\DOUTORAMENTO_22\INSTRUMENTOS\Instrumentos_espectro_versão 3\CORDAS\VIOLONCELO\Phillarmonia\cello\violoncelo fortissimo_arco-normal\violoncelo_fortissimo_arco-normal1\cello_C#5_1_fortissimo_arco-normal.mp3,.mp3,ordinario,arco-normal
philharmonia,vlc,ordinario,ff,C2,F:\DOUTORAMENTO_22\INSTRUMENTOS\Instrumentos_espectro_versão 3\CORDAS\VIOLONCELO\Phillarmonia\cello\violoncelo fortissimo_arco-normal\violoncelo_fortissimo_arco-normal1\cello_C2_1_fortissimo_arco-normal.mp3,.mp3,ordinario,arco-normal
philharmonia,vlc,ordinario,ff,C3,F:\DOUTORAMENTO_22\INSTRUMENTOS\Instrumentos_espectro_versão 3\CORDAS\VIOLONCELO\Phillarmonia\cello\violoncelo fortissimo_arco-normal\violoncelo_fortissimo_arco-normal1\cello_C3_1_fortissimo_arco-normal.mp3,.mp3,ordinario,arco-normal
philharmonia,vlc,ordinario,ff,C4,F:\DOUTORAMENTO_22\INSTRUMENTOS\Instrumentos_espectro_versão 3\CORDAS\VIOLONCELO\Phillarmonia\cello\violoncelo fortissimo_arco-normal\violoncelo_fortissimo_arco-normal1\cello_C4_1_fortissimo_arco-normal.mp3,.mp3,ordinario,arco-normal
philharmonia,vlc,ordinario,ff,C5,F:\DOUTORAMENTO_22\INSTRUMENTOS\Instrumentos_espectro_versão 3\CORDAS\VIOLONCELO\Phillarmonia\cello\violoncelo fortissimo_arco-normal\violoncelo_fortissimo_arco-normal1\cello_C5_1_fortissimo_arco-normal.mp3,.mp3,ordinario,arco-normal
philharmonia,vlc,ordinario,ff,C6,F:\DOUTORAMENTO_22\INSTRUMENTOS\Instrumentos_espectro_versão 3\CORDAS\VIOLONCELO\Phillarmonia\cello\violoncelo fortissimo_arco-normal\violoncelo_fortissimo_arco-normal1\cello_C6_1_fortissimo_arco-normal.mp3,.mp3,ordinario,arco-normal
philharmonia,vlc,ordinario,ff,D#2,F:\DOUTORAMENTO_22\INSTRUMENTOS\Instrumentos_espectro_versão 3\CORDAS\VIOLONCELO\Phillarmonia\cello\violoncelo fortissimo_arco-normal\violoncelo_fortissimo_arco-normal1\cello_D#2_1_fortissimo_arco-normal.mp3,.mp3,ordinario,arco-normal
philharmonia,vlc,ordinario,ff,D#3,F:\DOUTORAMENTO_22\INSTRUMENTOS\Instrumentos_espectro_versão 3\CORDAS\VIOLONCELO\Phillarmonia\cello\violoncelo fortissimo_arco-normal\violoncelo_fortissimo_arco-normal1\cello_D#3_1_fortissimo_arco-normal.mp3,.mp3,ordinario,arco-normal
philharmonia,vlc,ordinario,ff,D#4,F:\DOUTORAMENTO_22\INSTRUMENTOS\Instrumentos_espectro_versão 3\CORDAS\VIOLONCELO\Phillarmonia\cello\violoncelo fortissimo_arco-normal\violoncelo_fortissimo_arco-normal1\cello_D#4_1_fortissimo_arco-normal.mp3,.mp3,ordinario,arco-normal
philharmonia,vlc,ordinario,ff,D#5,F:\DOUTORAMENTO_22\INSTRUMENTOS\Instrumentos_espectro_versão 3\CORDAS\VIOLONCELO\Phillarmonia\cello\violoncelo fortissimo_arco-normal\violoncelo_fortissimo_arco-normal1\cello_D#5_1_fortissimo_arco-normal.mp3,.mp3,ordinario,arco-normal
philharmonia,vlc,ordinario,ff,D2,F:\DOUTORAMENTO_22\INSTRUMENTOS\Instrumentos_espectro_versão 3\CORDAS\VIOLONCELO\Phillarmonia\cello\violoncelo fortissimo_arco-normal\violoncelo_fortissimo_arco-normal1\cello_D2_1_fortissimo_arco-normal.mp3,.mp3,ordinario,arco-normal
philharmonia,vlc,ordinario,ff,D3,F:\DOUTORAMENTO_22\INSTRUMENTOS\Instrumentos_espectro_versão 3\CORDAS\VIOLONCELO\Phillarmonia\cello\violoncelo fortissimo_arco-normal\violoncelo_fortissimo_arco-normal1\cello_D3_1_fortissimo_arco-normal.mp3,.mp3,ordinario,arco-normal
philharmonia,vlc,ordinario,ff,D4,F:\DOUTORAMENTO_22\INSTRUMENTOS\Instrumentos_espectro_versão 3\CORDAS\VIOLONCELO\Phillarmonia\cello\violoncelo fortissimo_arco-normal\violoncelo_fortissimo_arco-normal1\cello_D4_1_fortissimo_arco-normal.mp3,.mp3,ordinario,arco-normal
philharmonia,vlc,ordinario,ff,D5,F:\DOUTORAMENTO_22\INSTRUMENTOS\Instrumentos_espectro_versão 3\CORDAS\VIOLONCELO\Phillarmonia\cello\violoncelo fortissimo_arco-normal\violoncelo_fortissimo_arco-normal1\cello_D5_1_fortissimo_arco-normal.mp3,.mp3,ordinario,arco-normal
philharmonia,vlc,ordinario,ff,E2,F:\DOUTORAMENTO_22\INSTRUMENTOS\Instrumentos_espectro_versão 3\CORDAS\VIOLONCELO\Phillarmonia\cello\violoncelo fortissimo_arco-normal\violoncelo_fortissimo_arco-normal1\cello_E2_1_fortissimo_arco-normal.mp3,.mp3,ordinario,arco-normal
philharmonia,vlc,ordinario,ff,E3,F:\DOUTORAMENTO_22\INSTRUMENTOS\Instrumentos_espectro_versão 3\CORDAS\VIOLONCELO\Phillarmonia\cello\violoncelo fortissimo_arco-normal\violoncelo_fortissimo_arco-normal1\cello_E3_1_fortissimo_arco-normal.mp3,.mp3,ordinario,arco-normal
philharmonia,vlc,ordinario,ff,E4,F:\DOUTORAMENTO_22\INSTRUMENTOS\Instrumentos_espectro_versão 3\CORDAS\VIOLONCELO\Phillarmonia\cello\violoncelo fortissimo_arco-normal\violoncelo_fortissimo_arco-normal1\cello_E4_1_fortissimo_arco-normal.mp3,.mp3,ordinario,arco-normal
philharmonia,vlc,ordinario,ff,E5,F:\DOUTORAMENTO_22\INSTRUMENTOS\Instrumentos_espectro_versão 3\CORDAS\VIOLONCELO\Phillarmonia\cello\violoncelo fortissimo_arco-normal\violoncelo_fortissimo_arco-normal1\cello_E5_1_fortissimo_arco-normal.mp3,.mp3,ordinario,arco-normal
philharmonia,vlc,ordinario,ff,F#2,F:\DOUTORAMENTO_22\INSTRUMENTOS\Instrumentos_espectro_versão 3\CORDAS\VIOLONCELO\Phillarmonia\cello\violoncelo fortissimo_arco-normal\violoncelo_fortissimo_arco-normal1\cello_F#2_1_fortissimo_arco-normal.mp3,.mp3,ordinario,arco-normal
philharmonia,vlc,ordinario,ff,F#3,F:\DOUTORAMENTO_22\INSTRUMENTOS\Instrumentos_espectro_versão 3\CORDAS\VIOLONCELO\Phillarmonia\cello\violoncelo fortissimo_arco-normal\violoncelo_fortissimo_arco-normal1\cello_F#3_1_fortissimo_arco-normal.mp3,.mp3,ordinario,arco-normal
philharmonia,vlc,ordinario,ff,F#4,F:\DOUTORAMENTO_22\INSTRUMENTOS\Instrumentos_espectro_versão 3\CORDAS\VIOLONCELO\Phillarmonia\cello\violoncelo fortissimo_arco-normal\violoncelo_fortissimo_arco-normal1\cello_F#4_1_fortissimo_arco-normal.mp3,.mp3,ordinario,arco-normal
philharmonia,vlc,ordinario,ff,F#5,F:\DOUTORAMENTO_22\INSTRUMENTOS\Instrumentos_espectro_versão 3\CORDAS\VIOLONCELO\Phillarmonia\cello\violoncelo fortissimo_arco-normal\violoncelo_fortissimo_arco-normal1\cello_F#5_1_fortissimo_arco-normal.mp3,.mp3,ordinario,arco-normal
philharmonia,vlc,ordinario,ff,F2,F:\DOUTORAMENTO_22\INSTRUMENTOS\Instrumentos_espectro_versão 3\CORDAS\VIOLONCELO\Phillarmonia\cello\violoncelo fortissimo_arco-normal\violoncelo_fortissimo_arco-normal1\cello_F2_1_fortissimo_arco-normal.mp3,.mp3,ordinario,arco-normal
philharmonia,vlc,ordinario,ff,F3,F:\DOUTORAMENTO_22\INSTRUMENTOS\Instrumentos_espectro_versão 3\CORDAS\VIOLONCELO\Phillarmonia\cello\violoncelo fortissimo_arco-normal\violoncelo_fortissimo_arco-normal1\cello_F3_1_fortissimo_arco-normal.mp3,.mp3,ordinario,arco-normal
philharmonia,vlc,ordinario,ff,F4,F:\DOUTORAMENTO_22\INSTRUMENTOS\Instrumentos_espectro_versão 3\CORDAS\VIOLONCELO\Phillarmonia\cello\violoncelo fortissimo_arco-normal\violoncelo_fortissimo_arco-normal1\cello_F4_1_fortissimo_arco-normal.mp3,.mp3,ordinario,arco-normal
philharmonia,vlc,ordinario,ff,F5,F:\DOUTORAMENTO_22\INSTRUMENTOS\Instrumentos_espectro_versão 3\CORDAS\VIOLONCELO\Phillarmonia\cello\violoncelo fortissimo_arco-normal\violoncelo_fortissimo_arco-normal1\cello_F5_1_fortissimo_arco-normal.mp3,.mp3,ordinario,arco-normal
philharmonia,vlc,ordinario,ff,G#2,F:\DOUTORAMENTO_22\INSTRUMENTOS\Instrumentos_espectro_versão 3\CORDAS\VIOLONCELO\Phillarmonia\cello\violoncelo fortissimo_arco-normal\violoncelo_fortissimo_arco-normal1\cello_G#2_1_fortissimo_arco-normal.mp3,.mp3,ordinario,arco-normal
philharmonia,vlc,ordinario,ff,G#4,F:\DOUTORAMENTO_22\INSTRUMENTOS\Instrumentos_espectro_versão 3\CORDAS\VIOLONCELO\Phillarmonia\cello\violoncelo fortissimo_arco-normal\violoncelo_fortissimo_arco-normal1\cello_G#4_1_fortissimo_arco-normal.mp3,.mp3,ordinario,arco-normal
philharmonia,vlc,ordinario,ff,G#5,F:\DOUTORAMENTO_22\INSTRUMENTOS\Instrumentos_espectro_versão 3\CORDAS\VIOLONCELO\Phillarmonia\cello\violoncelo fortissimo_arco-normal\violoncelo_fortissimo_arco-normal1\cello_G#5_1_fortissimo_arco-normal.mp3,.mp3,ordinario,arco-normal
philharmonia,vlc,ordinario,ff,G2,F:\DOUTORAMENTO_22\INSTRUMENTOS\Instrumentos_espectro_versão 3\CORDAS\VIOLONCELO\Phillarmonia\cello\violoncelo fortissimo_arco-normal\violoncelo_fortissimo_arco-normal1\cello_G2_1_fortissimo_arco-normal.mp3,.mp3,ordinario,arco-normal
philharmonia,vlc,ordinario,ff,G4,F:\DOUTORAMENTO_22\INSTRUMENTOS\Instrumentos_espectro_versão 3\CORDAS\VIOLONCELO\Phillarmonia\cello\violoncelo fortissimo_arco-normal\violoncelo_fortissimo_arco-normal1\cello_G4_1_fortissimo_arco-normal.mp3,.mp3,ordinario,arco-normal
philharmonia,vlc,ordinario,ff,G5,F:\DOUTORAMENTO_22\INSTRUMENTOS\Instrumentos_espectro_versão 3\CORDAS\VIOLONCELO\Phillarmonia\cello\violoncelo fortissimo_arco-normal\violoncelo_fortissimo_arco-normal1\cello_G5_1_fortissimo_arco-normal.mp3,.mp3,ordinario,arco-normal
philharmonia,vlc,ordinario,ff,A#2,F:\DOUTORAMENTO_22\INSTRUMENTOS\Instrumentos_espectro_versão 3\CORDAS\VIOLONCELO\Phillarmonia\cello\violoncelo fortissimo_arco-normal\violoncelo_fortissimo_arco-normal15\cello_A#2_15_fortissimo_arco-normal.mp3,.mp3,ordinario,arco-normal
philharmonia,vlc,ordinario,ff,A#3,F:\DOUTORAMENTO_22\INSTRUMENTOS\Instrumentos_espectro_versão 3\CORDAS\VIOLONCELO\Phillarmonia\cello\violoncelo fortissimo_arco-normal\violoncelo_fortissimo_arco-normal15\cello_A#3_15_fortissimo_arco-normal.mp3,.mp3,ordinario,arco-normal
philharmonia,vlc,ordinario,ff,A#4,F:\DOUTORAMENTO_22\INSTRUMENTOS\Instrumentos_espectro_versão 3\CORDAS\VIOLONCELO\Phillarmonia\cello\violoncelo fortissimo_arco-normal\violoncelo_fortissimo_arco-normal15\cello_A#4_15_fortissimo_arco-normal.mp3,.mp3,ordinario,arco-normal
philharmonia,vlc,ordinario,ff,A#5,F:\DOUTORAMENTO_22\INSTRUMENTOS\Instrumentos_espectro_versão 3\CORDAS\VIOLONCELO\Phillarmonia\cello\violoncelo fortissimo_arco-normal\violoncelo_fortissimo_arco-normal15\cello_A#5_15_fortissimo_arco-normal.mp3,.mp3,ordinario,arco-normal
philharmonia,vlc,ordinario,ff,A2,F:\DOUTORAMENTO_22\INSTRUMENTOS\Instrumentos_espectro_versão 3\CORDAS\VIOLONCELO\Phillarmonia\cello\violoncelo fortissimo_arco-normal\violoncelo_fortissimo_arco-normal15\cello_A2_1_fortissimo_arco-normal.mp3,.mp3,ordinario,arco-normal
philharmonia,vlc,ordinario,ff,A3,F:\DOUTORAMENTO_22\INSTRUMENTOS\Instrumentos_espectro_versão 3\CORDAS\VIOLONCELO\Phillarmonia\cello\violoncelo fortissimo_arco-normal\violoncelo_fortissimo_arco-normal15\cello_A3_1_fortissimo_arco-normal.mp3,.mp3,ordinario,arco-normal
philharmonia,vlc,ordinario,ff,A4,F:\DOUTORAMENTO_22\INSTRUMENTOS\Instrumentos_espectro_versão 3\CORDAS\VIOLONCELO\Phillarmonia\cello\violoncelo fortissimo_arco-normal\violoncelo_fortissimo_arco-normal15\cello_A4_1_fortissimo_arco-normal.mp3,.mp3,ordinario,arco-normal
philharmonia,vlc,ordinario,ff,A5,F:\DOUTORAMENTO_22\INSTRUMENTOS\Instrumentos_espectro_versão 3\CORDAS\VIOLONCELO\Phillarmonia\cello\violoncelo fortissimo_arco-normal\violoncelo_fortissimo_arco-normal15\cello_A5_1_fortissimo_arco-normal.mp3,.mp3,ordinario,arco-normal
philharmonia,vlc,ordinario,ff,B2,F:\DOUTORAMENTO_22\INSTRUMENTOS\Instrumentos_espectro_versão 3\CORDAS\VIOLONCELO\Phillarmonia\cello\violoncelo fortissimo_arco-normal\violoncelo_fortissimo_arco-normal15\cello_B2_15_fortissimo_arco-normal.mp3,.mp3,ordinario,arco-normal
philharmonia,vlc,ordinario,ff,B3,F:\DOUTORAMENTO_22\INSTRUMENTOS\Instrumentos_espectro_versão 3\CORDAS\VIOLONCELO\Phillarmonia\cello\violoncelo fortissimo_arco-normal\violoncelo_fortissimo_arco-normal15\cello_B3_15_fortissimo_arco-normal.mp3,.mp3,ordinario,arco-normal
philharmonia,vlc,ordinario,ff,B4,F:\DOUTORAMENTO_22\INSTRUMENTOS\Instrumentos_espectro_versão 3\CORDAS\VIOLONCELO\Phillarmonia\cello\violoncelo fortissimo_arco-normal\violoncelo_fortissimo_arco-normal15\cello_B4_15_fortissimo_arco-normal.mp3,.mp3,ordinario,arco-normal
philharmonia,vlc,ordinario,ff,B5,F:\DOUTORAMENTO_22\INSTRUMENTOS\Instrumentos_espectro_versão 3\CORDAS\VIOLONCELO\Phillarmonia\cello\violoncelo fortissimo_arco-normal\violoncelo_fortissimo_arco-normal15\cello_B5_15_fortissimo_arco-normal.mp3,.mp3,ordinario,arco-normal
philharmonia,vlc,ordinario,ff,C#2,F:\DOUTORAMENTO_22\INSTRUMENTOS\Instrumentos_espectro_versão 3\CORDAS\VIOLONCELO\Phillarmonia\cello\violoncelo fortissimo_arco-normal\violoncelo_fortissimo_arco-normal15\cello_C#2_15_fortissimo_arco-normal.mp3,.mp3,ordinario,arco-normal
philharmonia,vlc,ordinario,ff,C#3,F:\DOUTORAMENTO_22\INSTRUMENTOS\Instrumentos_espectro_versão 3\CORDAS\VIOLONCELO\Phillarmonia\cello\violoncelo fortissimo_arco-normal\violoncelo_fortissimo_arco-normal15\cello_C#3_15_fortissimo_arco-normal.mp3,.mp3,ordinario,arco-normal
philharmonia,vlc,ordinario,ff,C#4,F:\DOUTORAMENTO_22\INSTRUMENTOS\Instrumentos_espectro_versão 3\CORDAS\VIOLONCELO\Phillarmonia\cello\violoncelo fortissimo_arco-normal\violoncelo_fortissimo_arco-normal15\cello_C#4_15_fortissimo_arco-normal.mp3,.mp3,ordinario,arco-normal
philharmonia,vlc,ordinario,ff,C#5,F:\DOUTORAMENTO_22\INSTRUMENTOS\Instrumentos_espectro_versão 3\CORDAS\VIOLONCELO\Phillarmonia\cello\violoncelo fortissimo_arco-normal\violoncelo_fortissimo_arco-normal15\cello_C#5_15_fortissimo_arco-normal.mp3,.mp3,ordinario,arco-normal
philharmonia,vlc,ordinario,ff,C2,F:\DOUTORAMENTO_22\INSTRUMENTOS\Instrumentos_espectro_versão 3\CORDAS\VIOLONCELO\Phillarmonia\cello\violoncelo fortissimo_arco-normal\violoncelo_fortissimo_arco-normal15\cello_C2_15_fortissimo_arco-normal.mp3,.mp3,ordinario,arco-normal
philharmonia,vlc,ordinario,ff,C3,F:\DOUTORAMENTO_22\INSTRUMENTOS\Instrumentos_espectro_versão 3\CORDAS\VIOLONCELO\Phillarmonia\cello\violoncelo fortissimo_arco-normal\violoncelo_fortissimo_arco-normal15\cello_C3_15_fortissimo_arco-normal.mp3,.mp3,ordinario,arco-normal
philharmonia,vlc,ordinario,ff,C4,F:\DOUTORAMENTO_22\INSTRUMENTOS\Instrumentos_espectro_versão 3\CORDAS\VIOLONCELO\Phillarmonia\cello\violoncelo fortissimo_arco-normal\violoncelo_fortissimo_arco-normal15\cello_C4_15_fortissimo_arco-normal.mp3,.mp3,ordinario,arco-normal
philharmonia,vlc,ordinario,ff,C5,F:\DOUTORAMENTO_22\INSTRUMENTOS\Instrumentos_espectro_versão 3\CORDAS\VIOLONCELO\Phillarmonia\cello\violoncelo fortissimo_arco-normal\violoncelo_fortissimo_arco-normal15\cello_C5_1_fortissimo_arco-normal.mp3,.mp3,ordinario,arco-normal
philharmonia,vlc,ordinario,ff,C6,F:\DOUTORAMENTO_22\INSTRUMENTOS\Instrumentos_espectro_versão 3\CORDAS\VIOLONCELO\Phillarmonia\cello\violoncelo fortissimo_arco-normal\violoncelo_fortissimo_arco-normal15\cello_C6_15_fortissimo_arco-normal.mp3,.mp3,ordinario,arco-normal
philharmonia,vlc,ordinario,ff,D#2,F:\DOUTORAMENTO_22\INSTRUMENTOS\Instrumentos_espectro_versão 3\CORDAS\VIOLONCELO\Phillarmonia\cello\violoncelo fortissimo_arco-normal\violoncelo_fortissimo_arco-normal15\cello_D#2_15_fortissimo_arco-normal.mp3,.mp3,ordinario,arco-normal
philharmonia,vlc,ordinario,ff,D#3,F:\DOUTORAMENTO_22\INSTRUMENTOS\Instrumentos_espectro_versão 3\CORDAS\VIOLONCELO\Phillarmonia\cello\violoncelo fortissimo_arco-normal\violoncelo_fortissimo_arco-normal15\cello_D#3_15_fortissimo_arco-normal.mp3,.mp3,ordinario,arco-normal
philharmonia,vlc,ordinario,ff,D#4,F:\DOUTORAMENTO_22\INSTRUMENTOS\Instrumentos_espectro_versão 3\CORDAS\VIOLONCELO\Phillarmonia\cello\violoncelo fortissimo_arco-normal\violoncelo_fortissimo_arco-normal15\cello_D#4_15_fortissimo_arco-normal.mp3,.mp3,ordinario,arco-normal
philharmonia,vlc,ordinario,ff,D#5,F:\DOUTORAMENTO_22\INSTRUMENTOS\Instrumentos_espectro_versão 3\CORDAS\VIOLONCELO\Phillarmonia\cello\violoncelo fortissimo_arco-normal\violoncelo_fortissimo_arco-normal15\cello_D#5_15_fortissimo_arco-normal.mp3,.mp3,ordinario,arco-normal
philharmonia,vlc,ordinario,ff,D2,F:\DOUTORAMENTO_22\INSTRUMENTOS\Instrumentos_espectro_versão 3\CORDAS\VIOLONCELO\Phillarmonia\cello\violoncelo fortissimo_arco-normal\violoncelo_fortissimo_arco-normal15\cello_D2_15_fortissimo_arco-normal.mp3,.mp3,ordinario,arco-normal
philharmonia,vlc,ordinario,ff,D3,F:\DOUTORAMENTO_22\INSTRUMENTOS\Instrumentos_espectro_versão 3\CORDAS\VIOLONCELO\Phillarmonia\cello\violoncelo fortissimo_arco-normal\violoncelo_fortissimo_arco-normal15\cello_D3_15_fortissimo_arco-normal.mp3,.mp3,ordinario,arco-normal
philharmonia,vlc,ordinario,ff,D4,F:\DOUTORAMENTO_22\INSTRUMENTOS\Instrumentos_espectro_versão 3\CORDAS\VIOLONCELO\Phillarmonia\cello\violoncelo fortissimo_arco-normal\violoncelo_fortissimo_arco-normal15\cello_D4_15_fortissimo_arco-normal.mp3,.mp3,ordinario,arco-normal
philharmonia,vlc,ordinario,ff,E2,F:\DOUTORAMENTO_22\INSTRUMENTOS\Instrumentos_espectro_versão 3\CORDAS\VIOLONCELO\Phillarmonia\cello\violoncelo fortissimo_arco-normal\violoncelo_fortissimo_arco-normal15\cello_E2_15_fortissimo_arco-normal.mp3,.mp3,ordinario,arco-normal
philharmonia,vlc,ordinario,ff,E3,F:\DOUTORAMENTO_22\INSTRUMENTOS\Instrumentos_espectro_versão 3\CORDAS\VIOLONCELO\Phillarmonia\cello\violoncelo fortissimo_arco-normal\violoncelo_fortissimo_arco-normal15\cello_E3_15_fortissimo_arco-normal.mp3,.mp3,ordinario,arco-normal
philharmonia,vlc,ordinario,ff,E4,F:\DOUTORAMENTO_22\INSTRUMENTOS\Instrumentos_espectro_versão 3\CORDAS\VIOLONCELO\Phillarmonia\cello\violoncelo fortissimo_arco-normal\violoncelo_fortissimo_arco-normal15\cello_E4_1_fortissimo_arco-normal.mp3,.mp3,ordinario,arco-normal
philharmonia,vlc,ordinario,ff,E5,F:\DOUTORAMENTO_22\INSTRUMENTOS\Instrumentos_espectro_versão 3\CORDAS\VIOLONCELO\Phillarmonia\cello\violoncelo fortissimo_arco-normal\violoncelo_fortissimo_arco-normal15\cello_E5_15_fortissimo_arco-normal.mp3,.mp3,ordinario,arco-normal
philharmonia,vlc,ordinario,ff,F#2,F:\DOUTORAMENTO_22\INSTRUMENTOS\Instrumentos_espectro_versão 3\CORDAS\VIOLONCELO\Phillarmonia\cello\violoncelo fortissimo_arco-normal\violoncelo_fortissimo_arco-normal15\cello_F#2_15_fortissimo_arco-normal.mp3,.mp3,ordinario,arco-normal
philharmonia,vlc,ordinario,ff,F#3,F:\DOUTORAMENTO_22\INSTRUMENTOS\Instrumentos_espectro_versão 3\CORDAS\VIOLONCELO\Phillarmonia\cello\violoncelo fortissimo_arco-normal\violoncelo_fortissimo_arco-normal15\cello_F#3_15_fortissimo_arco-normal.mp3,.mp3,ordinario,arco-normal
philharmonia,vlc,ordinario,ff,F#4,F:\DOUTORAMENTO_22\INSTRUMENTOS\Instrumentos_espectro_versão 3\CORDAS\VIOLONCELO\Phillarmonia\cello\violoncelo fortissimo_arco-normal\violoncelo_fortissimo_arco-normal15\cello_F#4_15_fortissimo_arco-normal.mp3,.mp3,ordinario,arco-normal
philharmonia,vlc,ordinario,ff,F#5,F:\DOUTORAMENTO_22\INSTRUMENTOS\Instrumentos_espectro_versão 3\CORDAS\VIOLONCELO\Phillarmonia\cello\violoncelo fortissimo_arco-normal\violoncelo_fortissimo_arco-normal15\cello_F#5_1_fortissimo_arco-normal.mp3,.mp3,ordinario,arco-normal
philharmonia,vlc,ordinario,ff,F2,F:\DOUTORAMENTO_22\INSTRUMENTOS\Instrumentos_espectro_versão 3\CORDAS\VIOLONCELO\Phillarmonia\cello\violoncelo fortissimo_arco-normal\violoncelo_fortissimo_arco-normal15\cello_F2_15_fortissimo_arco-normal.mp3,.mp3,ordinario,arco-normal
philharmonia,vlc,ordinario,ff,F3,F:\DOUTORAMENTO_22\INSTRUMENTOS\Instrumentos_espectro_versão 3\CORDAS\VIOLONCELO\Phillarmonia\cello\violoncelo fortissimo_arco-normal\violoncelo_fortissimo_arco-normal15\cello_F3_15_fortissimo_arco-normal.mp3,.mp3,ordinario,arco-normal
philharmonia,vlc,ordinario,ff,F4,F:\DOUTORAMENTO_22\INSTRUMENTOS\Instrumentos_espectro_versão 3\CORDAS\VIOLONCELO\Phillarmonia\cello\violoncelo fortissimo_arco-normal\violoncelo_fortissimo_arco-normal15\cello_F4_15_fortissimo_arco-normal.mp3,.mp3,ordinario,arco-normal
philharmonia,vlc,ordinario,ff,F5,F:\DOUTORAMENTO_22\INSTRUMENTOS\Instrumentos_espectro_versão 3\CORDAS\VIOLONCELO\Phillarmonia\cello\violoncelo fortissimo_arco-normal\violoncelo_fortissimo_arco-normal15\cello_F5_15_fortissimo_arco-normal.mp3,.mp3,ordinario,arco-normal
philharmonia,vlc,ordinario,ff,G#2,F:\DOUTORAMENTO_22\INSTRUMENTOS\Instrumentos_espectro_versão 3\CORDAS\VIOLONCELO\Phillarmonia\cello\violoncelo fortissimo_arco-normal\violoncelo_fortissimo_arco-normal15\cello_G#2_15_fortissimo_arco-normal.mp3,.mp3,ordinario,arco-normal
philharmonia,vlc,ordinario,ff,G#3,F:\DOUTORAMENTO_22\INSTRUMENTOS\Instrumentos_espectro_versão 3\CORDAS\VIOLONCELO\Phillarmonia\cello\violoncelo fortissimo_arco-normal\violoncelo_fortissimo_arco-normal15\cello_G#3_15_fortissimo_arco-normal.mp3,.mp3,ordinario,arco-normal
philharmonia,vlc,ordinario,ff,G#4,F:\DOUTORAMENTO_22\INSTRUMENTOS\Instrumentos_espectro_versão 3\CORDAS\VIOLONCELO\Phillarmonia\cello\violoncelo fortissimo_arco-normal\violoncelo_fortissimo_arco-normal15\cello_G#4_15_fortissimo_arco-normal.mp3,.mp3,ordinario,arco-normal
philharmonia,vlc,ordinario,ff,G#5,F:\DOUTORAMENTO_22\INSTRUMENTOS\Instrumentos_espectro_versão 3\CORDAS\VIOLONCELO\Phillarmonia\cello\violoncelo fortissimo_arco-normal\violoncelo_fortissimo_arco-normal15\cello_G#5_15_fortissimo_arco-normal.mp3,.mp3,ordinario,arco-normal
philharmonia,vlc,ordinario,ff,G2,F:\DOUTORAMENTO_22\INSTRUMENTOS\Instrumentos_espectro_versão 3\CORDAS\VIOLONCELO\Phillarmonia\cello\violoncelo fortissimo_arco-normal\violoncelo_fortissimo_arco-normal15\cello_G2_15_fortissimo_arco-normal.mp3,.mp3,ordinario,arco-normal
philharmonia,vlc,ordinario,ff,G3,F:\DOUTORAMENTO_22\INSTRUMENTOS\Instrumentos_espectro_versão 3\CORDAS\VIOLONCELO\Phillarmonia\cello\violoncelo fortissimo_arco-normal\violoncelo_fortissimo_arco-normal15\cello_G3_15_fortissimo_arco-normal.mp3,.mp3,ordinario,arco-normal
philharmonia,vlc,ordinario,ff,G4,F:\DOUTORAMENTO_22\INSTRUMENTOS\Instrumentos_espectro_versão 3\CORDAS\VIOLONCELO\Phillarmonia\cello\violoncelo fortissimo_arco-normal\violoncelo_fortissimo_arco-normal15\cello_G4_1_fortissimo_arco-normal.mp3,.mp3,ordinario,arco-normal
philharmonia,vlc,ordinario,ff,G5,F:\DOUTORAMENTO_22\INSTRUMENTOS\Instrumentos_espectro_versão 3\CORDAS\VIOLONCELO\Phillarmonia\cello\violoncelo fortissimo_arco-normal\violoncelo_fortissimo_arco-normal15\cello_G5_15_fortissimo_arco-normal.mp3,.mp3,ordinario,arco-normal
philharmonia,vlc,ordinario,mp,A#2,F:\DOUTORAMENTO_22\INSTRUMENTOS\Instrumentos_espectro_versão 3\CORDAS\VIOLONCELO\Phillarmonia\cello\violoncelo mezzo-piano_arco-normal\violoncelo_mezzo-piano_arco-normal15\cello_A#2_1_mezzo-piano_arco-normal.mp3,.mp3,ordinario,arco-normal
philharmonia,vlc,ordinario,mp,A#3,F:\DOUTORAMENTO_22\INSTRUMENTOS\Instrumentos_espectro_versão 3\CORDAS\VIOLONCELO\Phillarmonia\cello\violoncelo mezzo-piano_arco-normal\violoncelo_mezzo-piano_arco-normal15\cello_A#3_15_mezzo-piano_arco-normal.mp3,.mp3,ordinario,arco-normal
philharmonia,vlc,ordinario,mp,A#4,F:\DOUTORAMENTO_22\INSTRUMENTOS\Instrumentos_espectro_versão 3\CORDAS\VIOLONCELO\Phillarmonia\cello\violoncelo mezzo-piano_arco-normal\violoncelo_mezzo-piano_arco-normal15\cello_A#4_15_mezzo-piano_arco-normal.mp3,.mp3,ordinario,arco-normal
philharmonia,vlc,ordinario,mp,A#5,F:\DOUTORAMENTO_22\INSTRUMENTOS\Instrumentos_espectro_versão 3\CORDAS\VIOLONCELO\Phillarmonia\cello\violoncelo mezzo-piano_arco-normal\violoncelo_mezzo-piano_arco-normal15\cello_A#5_15_mezzo-piano_arco-normal.mp3,.mp3,ordinario,arco-normal
philharmonia,vlc,ordinario,mp,A2,F:\DOUTORAMENTO_22\INSTRUMENTOS\Instrumentos_espectro_versão 3\CORDAS\VIOLONCELO\Phillarmonia\cello\violoncelo mezzo-piano_arco-normal\violoncelo_mezzo-piano_arco-normal15\cello_A2_1_mezzo-piano_arco-normal.mp3,.mp3,ordinario,arco-normal
philharmonia,vlc,ordinario,mp,A3,F:\DOUTORAMENTO_22\INSTRUMENTOS\Instrumentos_espectro_versão 3\CORDAS\VIOLONCELO\Phillarmonia\cello\violoncelo mezzo-piano_arco-normal\violoncelo_mezzo-piano_arco-normal15\cello_A3_15_mezzo-piano_arco-normal.mp3,.mp3,ordinario,arco-normal
philharmonia,vlc,ordinario,mp,A4,F:\DOUTORAMENTO_22\INSTRUMENTOS\Instrumentos_espectro_versão 3\CORDAS\VIOLONCELO\Phillarmonia\cello\violoncelo mezzo-piano_arco-normal\violoncelo_mezzo-piano_arco-normal15\cello_A4_15_mezzo-piano_arco-normal.mp3,.mp3,ordinario,arco-normal
philharmonia,vlc,ordinario,mp,A5,F:\DOUTORAMENTO_22\INSTRUMENTOS\Instrumentos_espectro_versão 3\CORDAS\VIOLONCELO\Phillarmonia\cello\violoncelo mezzo-piano_arco-normal\violoncelo_mezzo-piano_arco-normal15\cello_A5_15_mezzo-piano_arco-normal.mp3,.mp3,ordinario,arco-normal
philharmonia,vlc,ordinario,mp,B2,F:\DOUTORAMENTO_22\INSTRUMENTOS\Instrumentos_espectro_versão 3\CORDAS\VIOLONCELO\Phillarmonia\cello\violoncelo mezzo-piano_arco-normal\violoncelo_mezzo-piano_arco-normal15\cello_B2_025_mezzo-piano_arco-normal.mp3,.mp3,ordinario,arco-normal
philharmonia,vlc,ordinario,mp,B3,F:\DOUTORAMENTO_22\INSTRUMENTOS\Instrumentos_espectro_versão 3\CORDAS\VIOLONCELO\Phillarmonia\cello\violoncelo mezzo-piano_arco-normal\violoncelo_mezzo-piano_arco-normal15\cello_B3_15_mezzo-piano_arco-normal.mp3,.mp3,ordinario,arco-normal
philharmonia,vlc,ordinario,mp,B4,F:\DOUTORAMENTO_22\INSTRUMENTOS\Instrumentos_espectro_versão 3\CORDAS\VIOLONCELO\Phillarmonia\cello\violoncelo mezzo-piano_arco-normal\violoncelo_mezzo-piano_arco-normal15\cello_B4_15_mezzo-piano_arco-normal.mp3,.mp3,ordinario,arco-normal
philharmonia,vlc,ordinario,mp,B5,F:\DOUTORAMENTO_22\INSTRUMENTOS\Instrumentos_espectro_versão 3\CORDAS\VIOLONCELO\Phillarmonia\cello\violoncelo mezzo-piano_arco-normal\violoncelo_mezzo-piano_arco-normal15\cello_B5_15_mezzo-piano_arco-normal.mp3,.mp3,ordinario,arco-normal
philharmonia,vlc,ordinario,mp,C#2,F:\DOUTORAMENTO_22\INSTRUMENTOS\Instrumentos_espectro_versão 3\CORDAS\VIOLONCELO\Phillarmonia\cello\violoncelo mezzo-piano_arco-normal\violoncelo_mezzo-piano_arco-normal15\cello_C#2_1_mezzo-piano_arco-normal.mp3,.mp3,ordinario,arco-normal
philharmonia,vlc,ordinario,mp,C#4,F:\DOUTORAMENTO_22\INSTRUMENTOS\Instrumentos_espectro_versão 3\CORDAS\VIOLONCELO\Phillarmonia\cello\violoncelo mezzo-piano_arco-normal\violoncelo_mezzo-piano_arco-normal15\cello_C#4_15_mezzo-piano_arco-normal.mp3,.mp3,ordinario,arco-normal
philharmonia,vlc,ordinario,mp,C#5,F:\DOUTORAMENTO_22\INSTRUMENTOS\Instrumentos_espectro_versão 3\CORDAS\VIOLONCELO\Phillarmonia\cello\violoncelo mezzo-piano_arco-normal\violoncelo_mezzo-piano_arco-normal15\cello_C#5_15_mezzo-piano_arco-normal.mp3,.mp3,ordinario,arco-normal
philharmonia,vlc,ordinario,mp,C2,F:\DOUTORAMENTO_22\INSTRUMENTOS\Instrumentos_espectro_versão 3\CORDAS\VIOLONCELO\Phillarmonia\cello\violoncelo mezzo-piano_arco-normal\violoncelo_mezzo-piano_arco-normal15\cello_C2_1_mezzo-piano_arco-normal.mp3,.mp3,ordinario,arco-normal
philharmonia,vlc,ordinario,mp,C3,F:\DOUTORAMENTO_22\INSTRUMENTOS\Instrumentos_espectro_versão 3\CORDAS\VIOLONCELO\Phillarmonia\cello\violoncelo mezzo-piano_arco-normal\violoncelo_mezzo-piano_arco-normal15\cello_C3_1_mezzo-piano_arco-normal.mp3,.mp3,ordinario,arco-normal
philharmonia,vlc,ordinario,mp,C4,F:\DOUTORAMENTO_22\INSTRUMENTOS\Instrumentos_espectro_versão 3\CORDAS\VIOLONCELO\Phillarmonia\cello\violoncelo mezzo-piano_arco-normal\violoncelo_mezzo-piano_arco-normal15\cello_C4_15_mezzo-piano_arco-normal.mp3,.mp3,ordinario,arco-normal
philharmonia,vlc,ordinario,mp,C5,F:\DOUTORAMENTO_22\INSTRUMENTOS\Instrumentos_espectro_versão 3\CORDAS\VIOLONCELO\Phillarmonia\cello\violoncelo mezzo-piano_arco-normal\violoncelo_mezzo-piano_arco-normal15\cello_C5_15_mezzo-piano_arco-normal.mp3,.mp3,ordinario,arco-normal
philharmonia,vlc,ordinario,mp,C6,F:\DOUTORAMENTO_22\INSTRUMENTOS\Instrumentos_espectro_versão 3\CORDAS\VIOLONCELO\Phillarmonia\cello\violoncelo mezzo-piano_arco-normal\violoncelo_mezzo-piano_arco-normal15\cello_C6_025_mezzo-piano_arco-normal.mp3,.mp3,ordinario,arco-normal
philharmonia,vlc,ordinario,mp,C6,F:\DOUTORAMENTO_22\INSTRUMENTOS\Instrumentos_espectro_versão 3\CORDAS\VIOLONCELO\Phillarmonia\cello\violoncelo mezzo-piano_arco-normal\violoncelo_mezzo-piano_arco-normal15\cello_C6_15_mezzo-piano_arco-normal.mp3,.mp3,ordinario,arco-normal
philharmonia,vlc,ordinario,mp,D#2,F:\DOUTORAMENTO_22\INSTRUMENTOS\Instrumentos_espectro_versão 3\CORDAS\VIOLONCELO\Phillarmonia\cello\violoncelo mezzo-piano_arco-normal\violoncelo_mezzo-piano_arco-normal15\cello_D#2_025_mezzo-piano_arco-normal.mp3,.mp3,ordinario,arco-normal
philharmonia,vlc,ordinario,mp,D#4,F:\DOUTORAMENTO_22\INSTRUMENTOS\Instrumentos_espectro_versão 3\CORDAS\VIOLONCELO\Phillarmonia\cello\violoncelo mezzo-piano_arco-normal\violoncelo_mezzo-piano_arco-normal15\cello_D#4_15_mezzo-piano_arco-normal.mp3,.mp3,ordinario,arco-normal
philharmonia,vlc,ordinario,mp,D#5,F:\DOUTORAMENTO_22\INSTRUMENTOS\Instrumentos_espectro_versão 3\CORDAS\VIOLONCELO\Phillarmonia\cello\violoncelo mezzo-piano_arco-normal\violoncelo_mezzo-piano_arco-normal15\cello_D#5_15_mezzo-piano_arco-normal.mp3,.mp3,ordinario,arco-normal
philharmonia,vlc,ordinario,mp,D2,F:\DOUTORAMENTO_22\INSTRUMENTOS\Instrumentos_espectro_versão 3\CORDAS\VIOLONCELO\Phillarmonia\cello\violoncelo mezzo-piano_arco-normal\violoncelo_mezzo-piano_arco-normal15\cello_D2_15_mezzo-piano_arco-normal.mp3,.mp3,ordinario,arco-normal
philharmonia,vlc,ordinario,mp,D3,F:\DOUTORAMENTO_22\INSTRUMENTOS\Instrumentos_espectro_versão 3\CORDAS\VIOLONCELO\Phillarmonia\cello\violoncelo mezzo-piano_arco-normal\violoncelo_mezzo-piano_arco-normal15\cello_D3_15_mezzo-piano_arco-normal.mp3,.mp3,ordinario,arco-normal
philharmonia,vlc,ordinario,mp,D4,F:\DOUTORAMENTO_22\INSTRUMENTOS\Instrumentos_espectro_versão 3\CORDAS\VIOLONCELO\Phillarmonia\cello\violoncelo mezzo-piano_arco-normal\violoncelo_mezzo-piano_arco-normal15\cello_D4_15_mezzo-piano_arco-normal.mp3,.mp3,ordinario,arco-normal
philharmonia,vlc,ordinario,mp,D5,F:\DOUTORAMENTO_22\INSTRUMENTOS\Instrumentos_espectro_versão 3\CORDAS\VIOLONCELO\Phillarmonia\cello\violoncelo mezzo-piano_arco-normal\violoncelo_mezzo-piano_arco-normal15\cello_D5_15_mezzo-piano_arco-normal.mp3,.mp3,ordinario,arco-normal
philharmonia,vlc,ordinario,mp,E4,F:\DOUTORAMENTO_22\INSTRUMENTOS\Instrumentos_espectro_versão 3\CORDAS\VIOLONCELO\Phillarmonia\cello\violoncelo mezzo-piano_arco-normal\violoncelo_mezzo-piano_arco-normal15\cello_E4_15_mezzo-piano_arco-normal.mp3,.mp3,ordinario,arco-normal
philharmonia,vlc,ordinario,mp,E5,F:\DOUTORAMENTO_22\INSTRUMENTOS\Instrumentos_espectro_versão 3\CORDAS\VIOLONCELO\Phillarmonia\cello\violoncelo mezzo-piano_arco-normal\violoncelo_mezzo-piano_arco-normal15\cello_E5_15_mezzo-piano_arco-normal.mp3,.mp3,ordinario,arco-normal
philharmonia,vlc,ordinario,mp,F#3,F:\DOUTORAMENTO_22\INSTRUMENTOS\Instrumentos_espectro_versão 3\CORDAS\VIOLONCELO\Phillarmonia\cello\violoncelo mezzo-piano_arco-normal\violoncelo_mezzo-piano_arco-normal15\cello_F#3_1_mezzo-piano_arco-normal.mp3,.mp3,ordinario,arco-normal
philharmonia,vlc,ordinario,mp,F#4,F:\DOUTORAMENTO_22\INSTRUMENTOS\Instrumentos_espectro_versão 3\CORDAS\VIOLONCELO\Phillarmonia\cello\violoncelo mezzo-piano_arco-normal\violoncelo_mezzo-piano_arco-normal15\cello_F#4_15_mezzo-piano_arco-normal.mp3,.mp3,ordinario,arco-normal
philharmonia,vlc,ordinario,mp,F#5,F:\DOUTORAMENTO_22\INSTRUMENTOS\Instrumentos_espectro_versão 3\CORDAS\VIOLONCELO\Phillarmonia\cello\violoncelo mezzo-piano_arco-normal\violoncelo_mezzo-piano_arco-normal15\cello_F#5_15_mezzo-piano_arco-normal.mp3,.mp3,ordinario,arco-normal
philharmonia,vlc,ordinario,mp,F3,F:\DOUTORAMENTO_22\INSTRUMENTOS\Instrumentos_espectro_versão 3\CORDAS\VIOLONCELO\Phillarmonia\cello\violoncelo mezzo-piano_arco-normal\violoncelo_mezzo-piano_arco-normal15\cello_F3_1_mezzo-piano_arco-normal.mp3,.mp3,ordinario,arco-normal
philharmonia,vlc,ordinario,mp,F4,F:\DOUTORAMENTO_22\INSTRUMENTOS\Instrumentos_espectro_versão 3\CORDAS\VIOLONCELO\Phillarmonia\cello\violoncelo mezzo-piano_arco-normal\violoncelo_mezzo-piano_arco-normal15\cello_F4_15_mezzo-piano_arco-normal.mp3,.mp3,ordinario,arco-normal
philharmonia,vlc,ordinario,mp,F5,F:\DOUTORAMENTO_22\INSTRUMENTOS\Instrumentos_espectro_versão 3\CORDAS\VIOLONCELO\Phillarmonia\cello\violoncelo mezzo-piano_arco-normal\violoncelo_mezzo-piano_arco-normal15\cello_F5_15_mezzo-piano_arco-normal.mp3,.mp3,ordinario,arco-normal
philharmonia,vlc,ordinario,mp,G#2,F:\DOUTORAMENTO_22\INSTRUMENTOS\Instrumentos_espectro_versão 3\CORDAS\VIOLONCELO\Phillarmonia\cello\violoncelo mezzo-piano_arco-normal\violoncelo_mezzo-piano_arco-normal15\cello_G#2_1_mezzo-piano_arco-normal.mp3,.mp3,ordinario,arco-normal
philharmonia,vlc,ordinario,mp,G#3,F:\DOUTORAMENTO_22\INSTRUMENTOS\Instrumentos_espectro_versão 3\CORDAS\VIOLONCELO\Phillarmonia\cello\violoncelo mezzo-piano_arco-normal\violoncelo_mezzo-piano_arco-normal15\cello_G#3_1_mezzo-piano_arco-normal.mp3,.mp3,ordinario,arco-normal
philharmonia,vlc,ordinario,mp,G#4,F:\DOUTORAMENTO_22\INSTRUMENTOS\Instrumentos_espectro_versão 3\CORDAS\VIOLONCELO\Phillarmonia\cello\violoncelo mezzo-piano_arco-normal\violoncelo_mezzo-piano_arco-normal15\cello_G#4_15_mezzo-piano_arco-normal.mp3,.mp3,ordinario,arco-normal
philharmonia,vlc,ordinario,mp,G#5,F:\DOUTORAMENTO_22\INSTRUMENTOS\Instrumentos_espectro_versão 3\CORDAS\VIOLONCELO\Phillarmonia\cello\violoncelo mezzo-piano_arco-normal\violoncelo_mezzo-piano_arco-normal15\cello_G#5_15_mezzo-piano_arco-normal.mp3,.mp3,ordinario,arco-normal
philharmonia,vlc,ordinario,mp,G2,F:\DOUTORAMENTO_22\INSTRUMENTOS\Instrumentos_espectro_versão 3\CORDAS\VIOLONCELO\Phillarmonia\cello\violoncelo mezzo-piano_arco-normal\violoncelo_mezzo-piano_arco-normal15\cello_G2_025_mezzo-piano_arco-normal.mp3,.mp3,ordinario,arco-normal
philharmonia,vlc,ordinario,mp,G2,F:\DOUTORAMENTO_22\INSTRUMENTOS\Instrumentos_espectro_versão 3\CORDAS\VIOLONCELO\Phillarmonia\cello\violoncelo mezzo-piano_arco-normal\violoncelo_mezzo-piano_arco-normal15\cello_G2_15_mezzo-piano_arco-normal.mp3,.mp3,ordinario,arco-normal
philharmonia,vlc,ordinario,mp,G3,F:\DOUTORAMENTO_22\INSTRUMENTOS\Instrumentos_espectro_versão 3\CORDAS\VIOLONCELO\Phillarmonia\cello\violoncelo mezzo-piano_arco-normal\violoncelo_mezzo-piano_arco-normal15\cello_G3_15_mezzo-piano_arco-normal.mp3,.mp3,ordinario,arco-normal
philharmonia,vlc,ordinario,mp,G4,F:\DOUTORAMENTO_22\INSTRUMENTOS\Instrumentos_espectro_versão 3\CORDAS\VIOLONCELO\Phillarmonia\cello\violoncelo mezzo-piano_arco-normal\violoncelo_mezzo-piano_arco-normal15\cello_G4_15_mezzo-piano_arco-normal.mp3,.mp3,ordinario,arco-normal
philharmonia,vlc,ordinario,mp,G5,F:\DOUTORAMENTO_22\INSTRUMENTOS\Instrumentos_espectro_versão 3\CORDAS\VIOLONCELO\Phillarmonia\cello\violoncelo mezzo-piano_arco-normal\violoncelo_mezzo-piano_arco-normal15\cello_G5_15_mezzo-piano_arco-normal.mp3,.mp3,ordinario,arco-normal
philharmonia,vlc,ordinario,pp,A#2,F:\DOUTORAMENTO_22\INSTRUMENTOS\Instrumentos_espectro_versão 3\CORDAS\VIOLONCELO\Phillarmonia\cello\violoncelo pianissimo_arco-normal\violoncelo_pianissimo_arco-normal15\cello_A#2_15_pianissimo_arco-normal.mp3,.mp3,ordinario,arco-normal
philharmonia,vlc,ordinario,pp,A#3,F:\DOUTORAMENTO_22\INSTRUMENTOS\Instrumentos_espectro_versão 3\CORDAS\VIOLONCELO\Phillarmonia\cello\violoncelo pianissimo_arco-normal\violoncelo_pianissimo_arco-normal15\cello_A#3_15_pianissimo_arco-normal.mp3,.mp3,ordinario,arco-normal
philharmonia,vlc,ordinario,pp,A#4,F:\DOUTORAMENTO_22\INSTRUMENTOS\Instrumentos_espectro_versão 3\CORDAS\VIOLONCELO\Phillarmonia\cello\violoncelo pianissimo_arco-normal\violoncelo_pianissimo_arco-normal15\cello_A#4_15_pianissimo_arco-normal.mp3,.mp3,ordinario,arco-normal
philharmonia,vlc,ordinario,pp,A#5,F:\DOUTORAMENTO_22\INSTRUMENTOS\Instrumentos_espectro_versão 3\CORDAS\VIOLONCELO\Phillarmonia\cello\violoncelo pianissimo_arco-normal\violoncelo_pianissimo_arco-normal15\cello_A#5_15_pianissimo_arco-normal.mp3,.mp3,ordinario,arco-normal
philharmonia,vlc,ordinario,pp,A2,F:\DOUTORAMENTO_22\INSTRUMENTOS\Instrumentos_espectro_versão 3\CORDAS\VIOLONCELO\Phillarmonia\cello\violoncelo pianissimo_arco-normal\violoncelo_pianissimo_arco-normal15\cello_A2_15_pianissimo_arco-normal.mp3,.mp3,ordinario,arco-normal
philharmonia,vlc,ordinario,pp,A3,F:\DOUTORAMENTO_22\INSTRUMENTOS\Instrumentos_espectro_versão 3\CORDAS\VIOLONCELO\Phillarmonia\cello\violoncelo pianissimo_arco-normal\violoncelo_pianissimo_arco-normal15\cello_A3_1_pianissimo_arco-normal.mp3,.mp3,ordinario,arco-normal
philharmonia,vlc,ordinario,pp,A4,F:\DOUTORAMENTO_22\INSTRUMENTOS\Instrumentos_espectro_versão 3\CORDAS\VIOLONCELO\Phillarmonia\cello\violoncelo pianissimo_arco-normal\violoncelo_pianissimo_arco-normal15\cello_A4_1_pianissimo_arco-normal.mp3,.mp3,ordinario,arco-normal
philharmonia,vlc,ordinario,pp,A5,F:\DOUTORAMENTO_22\INSTRUMENTOS\Instrumentos_espectro_versão 3\CORDAS\VIOLONCELO\Phillarmonia\cello\violoncelo pianissimo_arco-normal\violoncelo_pianissimo_arco-normal15\cello_A5_15_pianissimo_arco-normal.mp3,.mp3,ordinario,arco-normal
philharmonia,vlc,ordinario,pp,B2,F:\DOUTORAMENTO_22\INSTRUMENTOS\Instrumentos_espectro_versão 3\CORDAS\VIOLONCELO\Phillarmonia\cello\violoncelo pianissimo_arco-normal\violoncelo_pianissimo_arco-normal15\cello_B2_15_pianissimo_arco-normal.mp3,.mp3,ordinario,arco-normal
philharmonia,vlc,ordinario,pp,B3,F:\DOUTORAMENTO_22\INSTRUMENTOS\Instrumentos_espectro_versão 3\CORDAS\VIOLONCELO\Phillarmonia\cello\violoncelo pianissimo_arco-normal\violoncelo_pianissimo_arco-normal15\cello_B3_15_pianissimo_arco-normal.mp3,.mp3,ordinario,arco-normal
philharmonia,vlc,ordinario,pp,B4,F:\DOUTORAMENTO_22\INSTRUMENTOS\Instrumentos_espectro_versão 3\CORDAS\VIOLONCELO\Phillarmonia\cello\violoncelo pianissimo_arco-normal\violoncelo_pianissimo_arco-normal15\cello_B4_15_pianissimo_arco-normal.mp3,.mp3,ordinario,arco-normal
philharmonia,vlc,ordinario,pp,B5,F:\DOUTORAMENTO_22\INSTRUMENTOS\Instrumentos_espectro_versão 3\CORDAS\VIOLONCELO\Phillarmonia\cello\violoncelo pianissimo_arco-normal\violoncelo_pianissimo_arco-normal15\cello_B5_15_pianissimo_arco-normal.mp3,.mp3,ordinario,arco-normal
philharmonia,vlc,ordinario,pp,C#2,F:\DOUTORAMENTO_22\INSTRUMENTOS\Instrumentos_espectro_versão 3\CORDAS\VIOLONCELO\Phillarmonia\cello\violoncelo pianissimo_arco-normal\violoncelo_pianissimo_arco-normal15\cello_C#2_15_pianissimo_arco-normal.mp3,.mp3,ordinario,arco-normal
philharmonia,vlc,ordinario,pp,C#3,F:\DOUTORAMENTO_22\INSTRUMENTOS\Instrumentos_espectro_versão 3\CORDAS\VIOLONCELO\Phillarmonia\cello\violoncelo pianissimo_arco-normal\violoncelo_pianissimo_arco-normal15\cello_C#3_15_pianissimo_arco-normal.mp3,.mp3,ordinario,arco-normal
philharmonia,vlc,ordinario,pp,C#4,F:\DOUTORAMENTO_22\INSTRUMENTOS\Instrumentos_espectro_versão 3\CORDAS\VIOLONCELO\Phillarmonia\cello\violoncelo pianissimo_arco-normal\violoncelo_pianissimo_arco-normal15\cello_C#4_15_pianissimo_arco-normal.mp3,.mp3,ordinario,arco-normal
philharmonia,vlc,ordinario,pp,C#5,F:\DOUTORAMENTO_22\INSTRUMENTOS\Instrumentos_espectro_versão 3\CORDAS\VIOLONCELO\Phillarmonia\cello\violoncelo pianissimo_arco-normal\violoncelo_pianissimo_arco-normal15\cello_C#5_1_pianissimo_arco-normal.mp3,.mp3,ordinario,arco-normal
philharmonia,vlc,ordinario,pp,C2,F:\DOUTORAMENTO_22\INSTRUMENTOS\Instrumentos_espectro_versão 3\CORDAS\VIOLONCELO\Phillarmonia\cello\violoncelo pianissimo_arco-normal\violoncelo_pianissimo_arco-normal15\cello_C2_15_pianissimo_arco-normal.mp3,.mp3,ordinario,arco-normal
philharmonia,vlc,ordinario,pp,C3,F:\DOUTORAMENTO_22\INSTRUMENTOS\Instrumentos_espectro_versão 3\CORDAS\VIOLONCELO\Phillarmonia\cello\violoncelo pianissimo_arco-normal\violoncelo_pianissimo_arco-normal15\cello_C3_15_pianissimo_arco-normal.mp3,.mp3,ordinario,arco-normal
philharmonia,vlc,ordinario,pp,C4,F:\DOUTORAMENTO_22\INSTRUMENTOS\Instrumentos_espectro_versão 3\CORDAS\VIOLONCELO\Phillarmonia\cello\violoncelo pianissimo_arco-normal\violoncelo_pianissimo_arco-normal15\cello_C4_15_pianissimo_arco-normal.mp3,.mp3,ordinario,arco-normal
philharmonia,vlc,ordinario,pp,C5,F:\DOUTORAMENTO_22\INSTRUMENTOS\Instrumentos_espectro_versão 3\CORDAS\VIOLONCELO\Phillarmonia\cello\violoncelo pianissimo_arco-normal\violoncelo_pianissimo_arco-normal15\cello_C5_15_pianissimo_arco-normal.mp3,.mp3,ordinario,arco-normal
philharmonia,vlc,ordinario,pp,C6,F:\DOUTORAMENTO_22\INSTRUMENTOS\Instrumentos_espectro_versão 3\CORDAS\VIOLONCELO\Phillarmonia\cello\violoncelo pianissimo_arco-normal\violoncelo_pianissimo_arco-normal15\cello_C6_15_pianissimo_arco-normal.mp3,.mp3,ordinario,arco-normal
philharmonia,vlc,ordinario,pp,D#2,F:\DOUTORAMENTO_22\INSTRUMENTOS\Instrumentos_espectro_versão 3\CORDAS\VIOLONCELO\Phillarmonia\cello\violoncelo pianissimo_arco-normal\violoncelo_pianissimo_arco-normal15\cello_D#2_15_pianissimo_arco-normal.mp3,.mp3,ordinario,arco-normal
philharmonia,vlc,ordinario,pp,D#3,F:\DOUTORAMENTO_22\INSTRUMENTOS\Instrumentos_espectro_versão 3\CORDAS\VIOLONCELO\Phillarmonia\cello\violoncelo pianissimo_arco-normal\violoncelo_pianissimo_arco-normal15\cello_D#3_15_pianissimo_arco-normal.mp3,.mp3,ordinario,arco-normal
philharmonia,vlc,ordinario,pp,D#4,F:\DOUTORAMENTO_22\INSTRUMENTOS\Instrumentos_espectro_versão 3\CORDAS\VIOLONCELO\Phillarmonia\cello\violoncelo pianissimo_arco-normal\violoncelo_pianissimo_arco-normal15\cello_D#4_15_pianissimo_arco-normal.mp3,.mp3,ordinario,arco-normal
philharmonia,vlc,ordinario,pp,D#5,F:\DOUTORAMENTO_22\INSTRUMENTOS\Instrumentos_espectro_versão 3\CORDAS\VIOLONCELO\Phillarmonia\cello\violoncelo pianissimo_arco-normal\violoncelo_pianissimo_arco-normal15\cello_D#5_15_pianissimo_arco-normal.mp3,.mp3,ordinario,arco-normal
philharmonia,vlc,ordinario,pp,D2,F:\DOUTORAMENTO_22\INSTRUMENTOS\Instrumentos_espectro_versão 3\CORDAS\VIOLONCELO\Phillarmonia\cello\violoncelo pianissimo_arco-normal\violoncelo_pianissimo_arco-normal15\cello_D2_15_pianissimo_arco-normal.mp3,.mp3,ordinario,arco-normal
philharmonia,vlc,ordinario,pp,D3,F:\DOUTORAMENTO_22\INSTRUMENTOS\Instrumentos_espectro_versão 3\CORDAS\VIOLONCELO\Phillarmonia\cello\violoncelo pianissimo_arco-normal\violoncelo_pianissimo_arco-normal15\cello_D3_15_pianissimo_arco-normal.mp3,.mp3,ordinario,arco-normal
philharmonia,vlc,ordinario,pp,D4,F:\DOUTORAMENTO_22\INSTRUMENTOS\Instrumentos_espectro_versão 3\CORDAS\VIOLONCELO\Phillarmonia\cello\violoncelo pianissimo_arco-normal\violoncelo_pianissimo_arco-normal15\cello_D4_15_pianissimo_arco-normal.mp3,.mp3,ordinario,arco-normal
philharmonia,vlc,ordinario,pp,D5,F:\DOUTORAMENTO_22\INSTRUMENTOS\Instrumentos_espectro_versão 3\CORDAS\VIOLONCELO\Phillarmonia\cello\violoncelo pianissimo_arco-normal\violoncelo_pianissimo_arco-normal15\cello_D5_1_pianissimo_arco-normal.mp3,.mp3,ordinario,arco-normal
philharmonia,vlc,ordinario,pp,E2,F:\DOUTORAMENTO_22\INSTRUMENTOS\Instrumentos_espectro_versão 3\CORDAS\VIOLONCELO\Phillarmonia\cello\violoncelo pianissimo_arco-normal\violoncelo_pianissimo_arco-normal15\cello_E2_15_pianissimo_arco-normal.mp3,.mp3,ordinario,arco-normal
philharmonia,vlc,ordinario,pp,E3,F:\DOUTORAMENTO_22\INSTRUMENTOS\Instrumentos_espectro_versão 3\CORDAS\VIOLONCELO\Phillarmonia\cello\violoncelo pianissimo_arco-normal\violoncelo_pianissimo_arco-normal15\cello_E3_15_pianissimo_arco-normal.mp3,.mp3,ordinario,arco-normal
philharmonia,vlc,ordinario,pp,E4,F:\DOUTORAMENTO_22\INSTRUMENTOS\Instrumentos_espectro_versão 3\CORDAS\VIOLONCELO\Phillarmonia\cello\violoncelo pianissimo_arco-normal\violoncelo_pianissimo_arco-normal15\cello_E4_15_pianissimo_arco-normal.mp3,.mp3,ordinario,arco-normal
philharmonia,vlc,ordinario,pp,E5,F:\DOUTORAMENTO_22\INSTRUMENTOS\Instrumentos_espectro_versão 3\CORDAS\VIOLONCELO\Phillarmonia\cello\violoncelo pianissimo_arco-normal\violoncelo_pianissimo_arco-normal15\cello_E5_1_pianissimo_arco-normal.mp3,.mp3,ordinario,arco-normal
philharmonia,vlc,ordinario,pp,F#2,F:\DOUTORAMENTO_22\INSTRUMENTOS\Instrumentos_espectro_versão 3\CORDAS\VIOLONCELO\Phillarmonia\cello\violoncelo pianissimo_arco-normal\violoncelo_pianissimo_arco-normal15\cello_F#2_15_pianissimo_arco-normal.mp3,.mp3,ordinario,arco-normal
philharmonia,vlc,ordinario,pp,F#3,F:\DOUTORAMENTO_22\INSTRUMENTOS\Instrumentos_espectro_versão 3\CORDAS\VIOLONCELO\Phillarmonia\cello\violoncelo pianissimo_arco-normal\violoncelo_pianissimo_arco-normal15\cello_F#3_15_pianissimo_arco-normal.mp3,.mp3,ordinario,arco-normal
philharmonia,vlc,ordinario,pp,F#4,F:\DOUTORAMENTO_22\INSTRUMENTOS\Instrumentos_espectro_versão 3\CORDAS\VIOLONCELO\Phillarmonia\cello\violoncelo pianissimo_arco-normal\violoncelo_pianissimo_arco-normal15\cello_F#4_15_pianissimo_arco-normal.mp3,.mp3,ordinario,arco-normal
philharmonia,vlc,ordinario,pp,F#5,F:\DOUTORAMENTO_22\INSTRUMENTOS\Instrumentos_espectro_versão 3\CORDAS\VIOLONCELO\Phillarmonia\cello\violoncelo pianissimo_arco-normal\violoncelo_pianissimo_arco-normal15\cello_F#5_15_pianissimo_arco-normal.mp3,.mp3,ordinario,arco-normal
philharmonia,vlc,ordinario,pp,F2,F:\DOUTORAMENTO_22\INSTRUMENTOS\Instrumentos_espectro_versão 3\CORDAS\VIOLONCELO\Phillarmonia\cello\violoncelo pianissimo_arco-normal\violoncelo_pianissimo_arco-normal15\cello_F2_15_pianissimo_arco-normal.mp3,.mp3,ordinario,arco-normal
philharmonia,vlc,ordinario,pp,F3,F:\DOUTORAMENTO_22\INSTRUMENTOS\Instrumentos_espectro_versão 3\CORDAS\VIOLONCELO\Phillarmonia\cello\violoncelo pianissimo_arco-normal\violoncelo_pianissimo_arco-normal15\cello_F3_15_pianissimo_arco-normal.mp3,.mp3,ordinario,arco-normal
philharmonia,vlc,ordinario,pp,F4,F:\DOUTORAMENTO_22\INSTRUMENTOS\Instrumentos_espectro_versão 3\CORDAS\VIOLONCELO\Phillarmonia\cello\violoncelo pianissimo_arco-normal\violoncelo_pianissimo_arco-normal15\cello_F4_15_pianissimo_arco-normal.mp3,.mp3,ordinario,arco-normal
philharmonia,vlc,ordinario,pp,F5,F:\DOUTORAMENTO_22\INSTRUMENTOS\Instrumentos_espectro_versão 3\CORDAS\VIOLONCELO\Phillarmonia\cello\violoncelo pianissimo_arco-normal\violoncelo_pianissimo_arco-normal15\cello_F5_1_pianissimo_arco-normal.mp3,.mp3,ordinario,arco-normal
philharmonia,vlc,ordinario,pp,G#2,F:\DOUTORAMENTO_22\INSTRUMENTOS\Instrumentos_espectro_versão 3\CORDAS\VIOLONCELO\Phillarmonia\cello\violoncelo pianissimo_arco-normal\violoncelo_pianissimo_arco-normal15\cello_G#2_15_pianissimo_arco-normal.mp3,.mp3,ordinario,arco-normal
philharmonia,vlc,ordinario,pp,G#3,F:\DOUTORAMENTO_22\INSTRUMENTOS\Instrumentos_espectro_versão 3\CORDAS\VIOLONCELO\Phillarmonia\cello\violoncelo pianissimo_arco-normal\violoncelo_pianissimo_arco-normal15\cello_G#3_15_pianissimo_arco-normal.mp3,.mp3,ordinario,arco-normal
philharmonia,vlc,ordinario,pp,G#4,F:\DOUTORAMENTO_22\INSTRUMENTOS\Instrumentos_espectro_versão 3\CORDAS\VIOLONCELO\Phillarmonia\cello\violoncelo pianissimo_arco-normal\violoncelo_pianissimo_arco-normal15\cello_G#4_15_pianissimo_arco-normal.mp3,.mp3,ordinario,arco-normal
philharmonia,vlc,ordinario,pp,G#5,F:\DOUTORAMENTO_22\INSTRUMENTOS\Instrumentos_espectro_versão 3\CORDAS\VIOLONCELO\Phillarmonia\cello\violoncelo pianissimo_arco-normal\violoncelo_pianissimo_arco-normal15\cello_G#5_15_pianissimo_arco-normal.mp3,.mp3,ordinario,arco-normal
philharmonia,vlc,ordinario,pp,G2,F:\DOUTORAMENTO_22\INSTRUMENTOS\Instrumentos_espectro_versão 3\CORDAS\VIOLONCELO\Phillarmonia\cello\violoncelo pianissimo_arco-normal\violoncelo_pianissimo_arco-normal15\cello_G2_15_pianissimo_arco-normal.mp3,.mp3,ordinario,arco-normal
philharmonia,vlc,ordinario,pp,G3,F:\DOUTORAMENTO_22\INSTRUMENTOS\Instrumentos_espectro_versão 3\CORDAS\VIOLONCELO\Phillarmonia\cello\violoncelo pianissimo_arco-normal\violoncelo_pianissimo_arco-normal15\cello_G3_15_pianissimo_arco-normal.mp3,.mp3,ordinario,arco-normal
philharmonia,vlc,ordinario,pp,G4,F:\DOUTORAMENTO_22\INSTRUMENTOS\Instrumentos_espectro_versão 3\CORDAS\VIOLONCELO\Phillarmonia\cello\violoncelo pianissimo_arco-normal\violoncelo_pianissimo_arco-normal15\cello_G4_15_pianissimo_arco-normal.mp3,.mp3,ordinario,arco-normal
philharmonia,vlc,ordinario,pp,G5,F:\DOUTORAMENTO_22\INSTRUMENTOS\Instrumentos_espectro_versão 3\CORDAS\VIOLONCELO\Phillarmonia\cello\violoncelo pianissimo_arco-normal\violoncelo_pianissimo_arco-normal15\cello_G5_15_pianissimo_arco-normal.mp3,.mp3,ordinario,arco-normal
mcgill,vlc,artificial_harmonic,mf,A#5,F:\DOUTORAMENTO_22\INSTRUMENTOS\Instrumentos_espectro_versão 3\CORDAS\VIOLONCELO\McGill\CELLO ARTIFICIAL HARMONICS\CelA#5_4.86sec.wav,.wav,harmonic,artificial_harmonics
mcgill,vlc,artificial_harmonic,mf,A5,F:\DOUTORAMENTO_22\INSTRUMENTOS\Instrumentos_espectro_versão 3\CORDAS\VIOLONCELO\McGill\CELLO ARTIFICIAL HARMONICS\CelA5_5.12sec.wav,.wav,harmonic,artificial_harmonics
mcgill,vlc,artificial_harmonic,mf,B5,F:\DOUTORAMENTO_22\INSTRUMENTOS\Instrumentos_espectro_versão 3\CORDAS\VIOLONCELO\McGill\CELLO ARTIFICIAL HARMONICS\CelB5_4.72sec.wav,.wav,harmonic,artificial_harmonics
mcgill,vlc,artificial_harmonic,mf,C#5,F:\DOUTORAMENTO_22\INSTRUMENTOS\Instrumentos_espectro_versão 3\CORDAS\VIOLONCELO\McGill\CELLO ARTIFICIAL HARMONICS\CelC#5_5.23sec.wav,.wav,harmonic,artificial_harmonics
mcgill,vlc,artificial_harmonic,mf,C5,F:\DOUTORAMENTO_22\INSTRUMENTOS\Instrumentos_espectro_versão 3\CORDAS\VIOLONCELO\McGill\CELLO ARTIFICIAL HARMONICS\CelC5_6.06sec.wav,.wav,harmonic,artificial_harmonics
mcgill,vlc,artificial_harmonic,mf,C6,F:\DOUTORAMENTO_22\INSTRUMENTOS\Instrumentos_espectro_versão 3\CORDAS\VIOLONCELO\McGill\CELLO ARTIFICIAL HARMONICS\CelC6_4.84sec.wav,.wav,harmonic,artificial_harmonics
mcgill,vlc,artificial_harmonic,mf,D#5,F:\DOUTORAMENTO_22\INSTRUMENTOS\Instrumentos_espectro_versão 3\CORDAS\VIOLONCELO\McGill\CELLO ARTIFICIAL HARMONICS\CelD#5_4.61sec.wav,.wav,harmonic,artificial_harmonics
mcgill,vlc,artificial_harmonic,mf,D5,F:\DOUTORAMENTO_22\INSTRUMENTOS\Instrumentos_espectro_versão 3\CORDAS\VIOLONCELO\McGill\CELLO ARTIFICIAL HARMONICS\CelD5_5.49sec.wav,.wav,harmonic,artificial_harmonics
mcgill,vlc,artificial_harmonic,mf,E5,F:\DOUTORAMENTO_22\INSTRUMENTOS\Instrumentos_espectro_versão 3\CORDAS\VIOLONCELO\McGill\CELLO ARTIFICIAL HARMONICS\CelE5_5.39sec.wav,.wav,harmonic,artificial_harmonics
mcgill,vlc,artificial_harmonic,mf,F#5,F:\DOUTORAMENTO_22\INSTRUMENTOS\Instrumentos_espectro_versão 3\CORDAS\VIOLONCELO\McGill\CELLO ARTIFICIAL HARMONICS\CelF#5_4.62sec.wav,.wav,harmonic,artificial_harmonics
mcgill,vlc,artificial_harmonic,mf,F5,F:\DOUTORAMENTO_22\INSTRUMENTOS\Instrumentos_espectro_versão 3\CORDAS\VIOLONCELO\McGill\CELLO ARTIFICIAL HARMONICS\CelF5_4.48sec.wav,.wav,harmonic,artificial_harmonics
mcgill,vlc,artificial_harmonic,mf,G#5,F:\DOUTORAMENTO_22\INSTRUMENTOS\Instrumentos_espectro_versão 3\CORDAS\VIOLONCELO\McGill\CELLO ARTIFICIAL HARMONICS\CelG#5_4.94sec.wav,.wav,harmonic,artificial_harmonics
mcgill,vlc,artificial_harmonic,mf,G5,F:\DOUTORAMENTO_22\INSTRUMENTOS\Instrumentos_espectro_versão 3\CORDAS\VIOLONCELO\McGill\CELLO ARTIFICIAL HARMONICS\CelG5_5.00sec.wav,.wav,harmonic,artificial_harmonics
mcgill,vlc,ordinario,unknown,A#2,F:\DOUTORAMENTO_22\INSTRUMENTOS\Instrumentos_espectro_versão 3\CORDAS\VIOLONCELO\McGill\CELLO\CelA#2_4.08sec.wav,.wav,ordinario,cello
mcgill,vlc,ordinario,unknown,A#3,F:\DOUTORAMENTO_22\INSTRUMENTOS\Instrumentos_espectro_versão 3\CORDAS\VIOLONCELO\McGill\CELLO\CelA#3_3.03sec.wav,.wav,ordinario,cello
mcgill,vlc,ordinario,unknown,A#4,F:\DOUTORAMENTO_22\INSTRUMENTOS\Instrumentos_espectro_versão 3\CORDAS\VIOLONCELO\McGill\CELLO\CelA#4_3.47sec.wav,.wav,ordinario,cello
mcgill,vlc,ordinario,unknown,A2,F:\DOUTORAMENTO_22\INSTRUMENTOS\Instrumentos_espectro_versão 3\CORDAS\VIOLONCELO\McGill\CELLO\CelA2_4.94sec.wav,.wav,ordinario,cello
mcgill,vlc,ordinario,unknown,A3,F:\DOUTORAMENTO_22\INSTRUMENTOS\Instrumentos_espectro_versão 3\CORDAS\VIOLONCELO\McGill\CELLO\CelA3opn_3.71sec.wav,.wav,ordinario,cello
mcgill,vlc,ordinario,unknown,A4,F:\DOUTORAMENTO_22\INSTRUMENTOS\Instrumentos_espectro_versão 3\CORDAS\VIOLONCELO\McGill\CELLO\CelA4_4.22sec.wav,.wav,ordinario,cello
mcgill,vlc,ordinario,unknown,B2,F:\DOUTORAMENTO_22\INSTRUMENTOS\Instrumentos_espectro_versão 3\CORDAS\VIOLONCELO\McGill\CELLO\CelB2_4.85sec.wav,.wav,ordinario,cello
mcgill,vlc,ordinario,unknown,B3,F:\DOUTORAMENTO_22\INSTRUMENTOS\Instrumentos_espectro_versão 3\CORDAS\VIOLONCELO\McGill\CELLO\CelB3_3.35sec.wav,.wav,ordinario,cello
mcgill,vlc,ordinario,unknown,B4,F:\DOUTORAMENTO_22\INSTRUMENTOS\Instrumentos_espectro_versão 3\CORDAS\VIOLONCELO\McGill\CELLO\CelB4_3.62sec.wav,.wav,ordinario,cello
mcgill,vlc,ordinario,unknown,C#2,F:\DOUTORAMENTO_22\INSTRUMENTOS\Instrumentos_espectro_versão 3\CORDAS\VIOLONCELO\McGill\CELLO\CelC#2_4.21sec.wav,.wav,ordinario,cello
mcgill,vlc,ordinario,unknown,C#3,F:\DOUTORAMENTO_22\INSTRUMENTOS\Instrumentos_espectro_versão 3\CORDAS\VIOLONCELO\McGill\CELLO\CelC#3_4.41sec.wav,.wav,ordinario,cello
mcgill,vlc,ordinario,unknown,C#4,F:\DOUTORAMENTO_22\INSTRUMENTOS\Instrumentos_espectro_versão 3\CORDAS\VIOLONCELO\McGill\CELLO\CelC#4_3.04sec.wav,.wav,ordinario,cello
mcgill,vlc,ordinario,unknown,C#5,F:\DOUTORAMENTO_22\INSTRUMENTOS\Instrumentos_espectro_versão 3\CORDAS\VIOLONCELO\McGill\CELLO\CelC#5_2.50sec.wav,.wav,ordinario,cello
mcgill,vlc,ordinario,unknown,C2,F:\DOUTORAMENTO_22\INSTRUMENTOS\Instrumentos_espectro_versão 3\CORDAS\VIOLONCELO\McGill\CELLO\CelC2_3.33sec.wav,.wav,ordinario,cello
mcgill,vlc,ordinario,unknown,C3,F:\DOUTORAMENTO_22\INSTRUMENTOS\Instrumentos_espectro_versão 3\CORDAS\VIOLONCELO\McGill\CELLO\CelC3_4.67sec.wav,.wav,ordinario,cello
mcgill,vlc,ordinario,unknown,C4,F:\DOUTORAMENTO_22\INSTRUMENTOS\Instrumentos_espectro_versão 3\CORDAS\VIOLONCELO\McGill\CELLO\CelC4_3.20sec.wav,.wav,ordinario,cello
mcgill,vlc,ordinario,unknown,C5,F:\DOUTORAMENTO_22\INSTRUMENTOS\Instrumentos_espectro_versão 3\CORDAS\VIOLONCELO\McGill\CELLO\CelC5_1.99sec.wav,.wav,ordinario,cello
mcgill,vlc,ordinario,unknown,D#2,F:\DOUTORAMENTO_22\INSTRUMENTOS\Instrumentos_espectro_versão 3\CORDAS\VIOLONCELO\McGill\CELLO\CelD#2_3.25sec.wav,.wav,ordinario,cello
mcgill,vlc,ordinario,unknown,D#3,F:\DOUTORAMENTO_22\INSTRUMENTOS\Instrumentos_espectro_versão 3\CORDAS\VIOLONCELO\McGill\CELLO\CelD#3_4.36sec.wav,.wav,ordinario,cello
mcgill,vlc,ordinario,unknown,D#4,F:\DOUTORAMENTO_22\INSTRUMENTOS\Instrumentos_espectro_versão 3\CORDAS\VIOLONCELO\McGill\CELLO\CelD#4_4.36sec.wav,.wav,ordinario,cello
mcgill,vlc,ordinario,unknown,D#5,F:\DOUTORAMENTO_22\INSTRUMENTOS\Instrumentos_espectro_versão 3\CORDAS\VIOLONCELO\McGill\CELLO\CelD#5_2.07sec.wav,.wav,ordinario,cello
mcgill,vlc,ordinario,unknown,D2,F:\DOUTORAMENTO_22\INSTRUMENTOS\Instrumentos_espectro_versão 3\CORDAS\VIOLONCELO\McGill\CELLO\CelD2_3.84sec.wav,.wav,ordinario,cello
mcgill,vlc,ordinario,unknown,D3,F:\DOUTORAMENTO_22\INSTRUMENTOS\Instrumentos_espectro_versão 3\CORDAS\VIOLONCELO\McGill\CELLO\CelD3opn_5.36sec.wav,.wav,ordinario,cello
mcgill,vlc,ordinario,unknown,D3,F:\DOUTORAMENTO_22\INSTRUMENTOS\Instrumentos_espectro_versão 3\CORDAS\VIOLONCELO\McGill\CELLO\CelD3stp_4.47sec.wav,.wav,ordinario,cello
mcgill,vlc,ordinario,unknown,D4,F:\DOUTORAMENTO_22\INSTRUMENTOS\Instrumentos_espectro_versão 3\CORDAS\VIOLONCELO\McGill\CELLO\CelD4_3.85sec.wav,.wav,ordinario,cello
mcgill,vlc,ordinario,unknown,D5,F:\DOUTORAMENTO_22\INSTRUMENTOS\Instrumentos_espectro_versão 3\CORDAS\VIOLONCELO\McGill\CELLO\CelD5_3.02sec.wav,.wav,ordinario,cello
mcgill,vlc,ordinario,unknown,E2,F:\DOUTORAMENTO_22\INSTRUMENTOS\Instrumentos_espectro_versão 3\CORDAS\VIOLONCELO\McGill\CELLO\CelE2_2.90sec.wav,.wav,ordinario,cello
mcgill,vlc,ordinario,unknown,E3,F:\DOUTORAMENTO_22\INSTRUMENTOS\Instrumentos_espectro_versão 3\CORDAS\VIOLONCELO\McGill\CELLO\CelE3_4.24sec.wav,.wav,ordinario,cello
mcgill,vlc,ordinario,unknown,E4,F:\DOUTORAMENTO_22\INSTRUMENTOS\Instrumentos_espectro_versão 3\CORDAS\VIOLONCELO\McGill\CELLO\CelE4_4.07sec.wav,.wav,ordinario,cello
mcgill,vlc,ordinario,unknown,E5,F:\DOUTORAMENTO_22\INSTRUMENTOS\Instrumentos_espectro_versão 3\CORDAS\VIOLONCELO\McGill\CELLO\CelE5_2.02sec.wav,.wav,ordinario,cello
mcgill,vlc,ordinario,unknown,F#2,F:\DOUTORAMENTO_22\INSTRUMENTOS\Instrumentos_espectro_versão 3\CORDAS\VIOLONCELO\McGill\CELLO\CelF#2_3.41sec.wav,.wav,ordinario,cello
mcgill,vlc,ordinario,unknown,F#3,F:\DOUTORAMENTO_22\INSTRUMENTOS\Instrumentos_espectro_versão 3\CORDAS\VIOLONCELO\McGill\CELLO\CelF#3_3.12sec.wav,.wav,ordinario,cello
mcgill,vlc,ordinario,unknown,F#4,F:\DOUTORAMENTO_22\INSTRUMENTOS\Instrumentos_espectro_versão 3\CORDAS\VIOLONCELO\McGill\CELLO\CelF#4_3.13sec.wav,.wav,ordinario,cello
mcgill,vlc,ordinario,unknown,F#5,F:\DOUTORAMENTO_22\INSTRUMENTOS\Instrumentos_espectro_versão 3\CORDAS\VIOLONCELO\McGill\CELLO\CelF#5_2.06sec.wav,.wav,ordinario,cello
mcgill,vlc,ordinario,unknown,F2,F:\DOUTORAMENTO_22\INSTRUMENTOS\Instrumentos_espectro_versão 3\CORDAS\VIOLONCELO\McGill\CELLO\CelF2_3.24sec.wav,.wav,ordinario,cello
mcgill,vlc,ordinario,unknown,F3,F:\DOUTORAMENTO_22\INSTRUMENTOS\Instrumentos_espectro_versão 3\CORDAS\VIOLONCELO\McGill\CELLO\CelF3_3.27sec.wav,.wav,ordinario,cello
mcgill,vlc,ordinario,unknown,F4,F:\DOUTORAMENTO_22\INSTRUMENTOS\Instrumentos_espectro_versão 3\CORDAS\VIOLONCELO\McGill\CELLO\CelF4_2.40sec.wav,.wav,ordinario,cello
mcgill,vlc,ordinario,unknown,F5,F:\DOUTORAMENTO_22\INSTRUMENTOS\Instrumentos_espectro_versão 3\CORDAS\VIOLONCELO\McGill\CELLO\CelF5_1.65sec.wav,.wav,ordinario,cello
mcgill,vlc,ordinario,unknown,G#2,F:\DOUTORAMENTO_22\INSTRUMENTOS\Instrumentos_espectro_versão 3\CORDAS\VIOLONCELO\McGill\CELLO\CelG#2_3.57sec.wav,.wav,ordinario,cello
mcgill,vlc,ordinario,unknown,G#3,F:\DOUTORAMENTO_22\INSTRUMENTOS\Instrumentos_espectro_versão 3\CORDAS\VIOLONCELO\McGill\CELLO\CelG#3_3.51sec.wav,.wav,ordinario,cello
mcgill,vlc,ordinario,unknown,G#4,F:\DOUTORAMENTO_22\INSTRUMENTOS\Instrumentos_espectro_versão 3\CORDAS\VIOLONCELO\McGill\CELLO\CelG#4_3.32sec.wav,.wav,ordinario,cello
mcgill,vlc,ordinario,unknown,G2,F:\DOUTORAMENTO_22\INSTRUMENTOS\Instrumentos_espectro_versão 3\CORDAS\VIOLONCELO\McGill\CELLO\CelG2opn_6.38sec.wav,.wav,ordinario,cello
mcgill,vlc,ordinario,unknown,G2,F:\DOUTORAMENTO_22\INSTRUMENTOS\Instrumentos_espectro_versão 3\CORDAS\VIOLONCELO\McGill\CELLO\CelG2stp_5.23sec.wav,.wav,ordinario,cello
mcgill,vlc,ordinario,unknown,G3,F:\DOUTORAMENTO_22\INSTRUMENTOS\Instrumentos_espectro_versão 3\CORDAS\VIOLONCELO\McGill\CELLO\CelG3_4.25sec.wav,.wav,ordinario,cello
mcgill,vlc,ordinario,unknown,G4,F:\DOUTORAMENTO_22\INSTRUMENTOS\Instrumentos_espectro_versão 3\CORDAS\VIOLONCELO\McGill\CELLO\CelG4_3.67sec.wav,.wav,ordinario,cello
mcgill,vlc,ordinario,unknown,G5,F:\DOUTORAMENTO_22\INSTRUMENTOS\Instrumentos_espectro_versão 3\CORDAS\VIOLONCELO\McGill\CELLO\CelG5_2.35sec.wav,.wav,ordinario,cello
orchidea,vlc,artificial_harmonic,mf,A#4,F:\DOUTORAMENTO_22\INSTRUMENTOS\Instrumentos_espectro_versão 3\CORDAS\VIOLONCELO\Orchidea_Vlc\Violoncello\artificial_harmonic\Vc-art_harm-A#4-mf-3c-N.wav,.wav,harmonic,artificial_harmonic
orchidea,vlc,artificial_harmonic,mf,A#5,F:\DOUTORAMENTO_22\INSTRUMENTOS\Instrumentos_espectro_versão 3\CORDAS\VIOLONCELO\Orchidea_Vlc\Violoncello\artificial_harmonic\Vc-art_harm-A#5-mf-1c-N.wav,.wav,harmonic,artificial_harmonic
orchidea,vlc,artificial_harmonic,mf,A#5,F:\DOUTORAMENTO_22\INSTRUMENTOS\Instrumentos_espectro_versão 3\CORDAS\VIOLONCELO\Orchidea_Vlc\Violoncello\artificial_harmonic\Vc-art_harm-A#5-mf-2c-N.wav,.wav,harmonic,artificial_harmonic
orchidea,vlc,artificial_harmonic,mf,A#6,F:\DOUTORAMENTO_22\INSTRUMENTOS\Instrumentos_espectro_versão 3\CORDAS\VIOLONCELO\Orchidea_Vlc\Violoncello\artificial_harmonic\Vc-art_harm-A#6-mf-1c-N.wav,.wav,harmonic,artificial_harmonic
orchidea,vlc,artificial_harmonic,mf,A4,F:\DOUTORAMENTO_22\INSTRUMENTOS\Instrumentos_espectro_versão 3\CORDAS\VIOLONCELO\Orchidea_Vlc\Violoncello\artificial_harmonic\Vc-art_harm-A4-mf-3c-N.wav,.wav,harmonic,artificial_harmonic
orchidea,vlc,artificial_harmonic,mf,A5,F:\DOUTORAMENTO_22\INSTRUMENTOS\Instrumentos_espectro_versão 3\CORDAS\VIOLONCELO\Orchidea_Vlc\Violoncello\artificial_harmonic\Vc-art_harm-A5-mf-1c-N.wav,.wav,harmonic,artificial_harmonic
orchidea,vlc,artificial_harmonic,mf,A5,F:\DOUTORAMENTO_22\INSTRUMENTOS\Instrumentos_espectro_versão 3\CORDAS\VIOLONCELO\Orchidea_Vlc\Violoncello\artificial_harmonic\Vc-art_harm-A5-mf-2c-N.wav,.wav,harmonic,artificial_harmonic
orchidea,vlc,artificial_harmonic,mf,A6,F:\DOUTORAMENTO_22\INSTRUMENTOS\Instrumentos_espectro_versão 3\CORDAS\VIOLONCELO\Orchidea_Vlc\Violoncello\artificial_harmonic\Vc-art_harm-A6-mf-1c-N.wav,.wav,harmonic,artificial_harmonic
orchidea,vlc,artificial_harmonic,mf,B4,F:\DOUTORAMENTO_22\INSTRUMENTOS\Instrumentos_espectro_versão 3\CORDAS\VIOLONCELO\Orchidea_Vlc\Violoncello\artificial_harmonic\Vc-art_harm-B4-mf-3c-N.wav,.wav,harmonic,artificial_harmonic
orchidea,vlc,artificial_harmonic,mf,B5,F:\DOUTORAMENTO_22\INSTRUMENTOS\Instrumentos_espectro_versão 3\CORDAS\VIOLONCELO\Orchidea_Vlc\Violoncello\artificial_harmonic\Vc-art_harm-B5-mf-1c-N.wav,.wav,harmonic,artificial_harmonic
orchidea,vlc,artificial_harmonic,mf,B6,F:\DOUTORAMENTO_22\INSTRUMENTOS\Instrumentos_espectro_versão 3\CORDAS\VIOLONCELO\Orchidea_Vlc\Violoncello\artificial_harmonic\Vc-art_harm-B6-mf-1c-N.wav,.wav,harmonic,artificial_harmonic
orchidea,vlc,artificial_harmonic,mf,C#4,F:\DOUTORAMENTO_22\INSTRUMENTOS\Instrumentos_espectro_versão 3\CORDAS\VIOLONCELO\Orchidea_Vlc\Violoncello\artificial_harmonic\Vc-art_harm-C#4-mf-4c-N.wav,.wav,harmonic,artificial_harmonic
orchidea,vlc,artificial_harmonic,mf,C#5,F:\DOUTORAMENTO_22\INSTRUMENTOS\Instrumentos_espectro_versão 3\CORDAS\VIOLONCELO\Orchidea_Vlc\Violoncello\artificial_harmonic\Vc-art_harm-C#5-mf-3c-N.wav,.wav,harmonic,artificial_harmonic
orchidea,vlc,artificial_harmonic,mf,C#6,F:\DOUTORAMENTO_22\INSTRUMENTOS\Instrumentos_espectro_versão 3\CORDAS\VIOLONCELO\Orchidea_Vlc\Violoncello\artificial_harmonic\Vc-art_harm-C#6-mf-1c-N.wav,.wav,harmonic,artificial_harmonic
orchidea,vlc,artificial_harmonic,mf,C#7,F:\DOUTORAMENTO_22\INSTRUMENTOS\Instrumentos_espectro_versão 3\CORDAS\VIOLONCELO\Orchidea_Vlc\Violoncello\artificial_harmonic\Vc-art_harm-C#7-mf-1c-N.wav,.wav,harmonic,artificial_harmonic
orchidea,vlc,artificial_harmonic,mf,C4,F:\DOUTORAMENTO_22\INSTRUMENTOS\Instrumentos_espectro_versão 3\CORDAS\VIOLONCELO\Orchidea_Vlc\Violoncello\artificial_harmonic\Vc-art_harm-C4-mf-4c-N.wav,.wav,harmonic,artificial_harmonic
orchidea,vlc,artificial_harmonic,mf,C5,F:\DOUTORAMENTO_22\INSTRUMENTOS\Instrumentos_espectro_versão 3\CORDAS\VIOLONCELO\Orchidea_Vlc\Violoncello\artificial_harmonic\Vc-art_harm-C5-mf-3c-N.wav,.wav,harmonic,artificial_harmonic
orchidea,vlc,artificial_harmonic,mf,C6,F:\DOUTORAMENTO_22\INSTRUMENTOS\Instrumentos_espectro_versão 3\CORDAS\VIOLONCELO\Orchidea_Vlc\Violoncello\artificial_harmonic\Vc-art_harm-C6-mf-1c-N.wav,.wav,harmonic,artificial_harmonic
orchidea,vlc,artificial_harmonic,mf,C7,F:\DOUTORAMENTO_22\INSTRUMENTOS\Instrumentos_espectro_versão 3\CORDAS\VIOLONCELO\Orchidea_Vlc\Violoncello\artificial_harmonic\Vc-art_harm-C7-mf-1c-N.wav,.wav,harmonic,artificial_harmonic
orchidea,vlc,artificial_harmonic,mf,D#4,F:\DOUTORAMENTO_22\INSTRUMENTOS\Instrumentos_espectro_versão 3\CORDAS\VIOLONCELO\Orchidea_Vlc\Violoncello\artificial_harmonic\Vc-art_harm-D#4-mf-4c-N.wav,.wav,harmonic,artificial_harmonic
orchidea,vlc,artificial_harmonic,mf,D#5,F:\DOUTORAMENTO_22\INSTRUMENTOS\Instrumentos_espectro_versão 3\CORDAS\VIOLONCELO\Orchidea_Vlc\Violoncello\artificial_harmonic\Vc-art_harm-D#5-mf-2c-N.wav,.wav,harmonic,artificial_harmonic
orchidea,vlc,artificial_harmonic,mf,D#5,F:\DOUTORAMENTO_22\INSTRUMENTOS\Instrumentos_espectro_versão 3\CORDAS\VIOLONCELO\Orchidea_Vlc\Violoncello\artificial_harmonic\Vc-art_harm-D#5-mf-3c-N.wav,.wav,harmonic,artificial_harmonic
orchidea,vlc,artificial_harmonic,mf,D#6,F:\DOUTORAMENTO_22\INSTRUMENTOS\Instrumentos_espectro_versão 3\CORDAS\VIOLONCELO\Orchidea_Vlc\Violoncello\artificial_harmonic\Vc-art_harm-D#6-mf-1c-N.wav,.wav,harmonic,artificial_harmonic
orchidea,vlc,artificial_harmonic,mf,D#7,F:\DOUTORAMENTO_22\INSTRUMENTOS\Instrumentos_espectro_versão 3\CORDAS\VIOLONCELO\Orchidea_Vlc\Violoncello\artificial_harmonic\Vc-art_harm-D#7-mf-1c-N.wav,.wav,harmonic,artificial_harmonic
orchidea,vlc,artificial_harmonic,mf,D4,F:\DOUTORAMENTO_22\INSTRUMENTOS\Instrumentos_espectro_versão 3\CORDAS\VIOLONCELO\Orchidea_Vlc\Violoncello\artificial_harmonic\Vc-art_harm-D4-mf-4c-N.wav,.wav,harmonic,artificial_harmonic
orchidea,vlc,artificial_harmonic,mf,D5,F:\DOUTORAMENTO_22\INSTRUMENTOS\Instrumentos_espectro_versão 3\CORDAS\VIOLONCELO\Orchidea_Vlc\Violoncello\artificial_harmonic\Vc-art_harm-D5-mf-2c-N.wav,.wav,harmonic,artificial_harmonic
orchidea,vlc,artificial_harmonic,mf,D5,F:\DOUTORAMENTO_22\INSTRUMENTOS\Instrumentos_espectro_versão 3\CORDAS\VIOLONCELO\Orchidea_Vlc\Violoncello\artificial_harmonic\Vc-art_harm-D5-mf-3c-N.wav,.wav,harmonic,artificial_harmonic
orchidea,vlc,artificial_harmonic,mf,D6,F:\DOUTORAMENTO_22\INSTRUMENTOS\Instrumentos_espectro_versão 3\CORDAS\VIOLONCELO\Orchidea_Vlc\Violoncello\artificial_harmonic\Vc-art_harm-D6-mf-1c-N.wav,.wav,harmonic,artificial_harmonic
orchidea,vlc,artificial_harmonic,mf,D7,F:\DOUTORAMENTO_22\INSTRUMENTOS\Instrumentos_espectro_versão 3\CORDAS\VIOLONCELO\Orchidea_Vlc\Violoncello\artificial_harmonic\Vc-art_harm-D7-mf-1c-N.wav,.wav,harmonic,artificial_harmonic
orchidea,vlc,artificial_harmonic,mf,E4,F:\DOUTORAMENTO_22\INSTRUMENTOS\Instrumentos_espectro_versão 3\CORDAS\VIOLONCELO\Orchidea_Vlc\Violoncello\artificial_harmonic\Vc-art_harm-E4-mf-4c-N.wav,.wav,harmonic,artificial_harmonic
orchidea,vlc,artificial_harmonic,mf,E5,F:\DOUTORAMENTO_22\INSTRUMENTOS\Instrumentos_espectro_versão 3\CORDAS\VIOLONCELO\Orchidea_Vlc\Violoncello\artificial_harmonic\Vc-art_harm-E5-mf-2c-N.wav,.wav,harmonic,artificial_harmonic
orchidea,vlc,artificial_harmonic,mf,E6,F:\DOUTORAMENTO_22\INSTRUMENTOS\Instrumentos_espectro_versão 3\CORDAS\VIOLONCELO\Orchidea_Vlc\Violoncello\artificial_harmonic\Vc-art_harm-E6-mf-1c-N.wav,.wav,harmonic,artificial_harmonic
orchidea,vlc,artificial_harmonic,mf,E7,F:\DOUTORAMENTO_22\INSTRUMENTOS\Instrumentos_espectro_versão 3\CORDAS\VIOLONCELO\Orchidea_Vlc\Violoncello\artificial_harmonic\Vc-art_harm-E7-mf-1c-N.wav,.wav,harmonic,artificial_harmonic
orchidea,vlc,artificial_harmonic,mf,F#4,F:\DOUTORAMENTO_22\INSTRUMENTOS\Instrumentos_espectro_versão 3\CORDAS\VIOLONCELO\Orchidea_Vlc\Violoncello\artificial_harmonic\Vc-art_harm-F#4-mf-4c-N.wav,.wav,harmonic,artificial_harmonic
orchidea,vlc,artificial_harmonic,mf,F#5,F:\DOUTORAMENTO_22\INSTRUMENTOS\Instrumentos_espectro_versão 3\CORDAS\VIOLONCELO\Orchidea_Vlc\Violoncello\artificial_harmonic\Vc-art_harm-F#5-mf-2c-N.wav,.wav,harmonic,artificial_harmonic
orchidea,vlc,artificial_harmonic,mf,F#6,F:\DOUTORAMENTO_22\INSTRUMENTOS\Instrumentos_espectro_versão 3\CORDAS\VIOLONCELO\Orchidea_Vlc\Violoncello\artificial_harmonic\Vc-art_harm-F#6-mf-1c-N.wav,.wav,harmonic,artificial_harmonic
orchidea,vlc,artificial_harmonic,mf,F4,F:\DOUTORAMENTO_22\INSTRUMENTOS\Instrumentos_espectro_versão 3\CORDAS\VIOLONCELO\Orchidea_Vlc\Violoncello\artificial_harmonic\Vc-art_harm-F4-mf-4c-N.wav,.wav,harmonic,artificial_harmonic
orchidea,vlc,artificial_harmonic,mf,F5,F:\DOUTORAMENTO_22\INSTRUMENTOS\Instrumentos_espectro_versão 3\CORDAS\VIOLONCELO\Orchidea_Vlc\Violoncello\artificial_harmonic\Vc-art_harm-F5-mf-2c-N.wav,.wav,harmonic,artificial_harmonic
orchidea,vlc,artificial_harmonic,mf,F6,F:\DOUTORAMENTO_22\INSTRUMENTOS\Instrumentos_espectro_versão 3\CORDAS\VIOLONCELO\Orchidea_Vlc\Violoncello\artificial_harmonic\Vc-art_harm-F6-mf-1c-N.wav,.wav,harmonic,artificial_harmonic
orchidea,vlc,artificial_harmonic,mf,G#4,F:\DOUTORAMENTO_22\INSTRUMENTOS\Instrumentos_espectro_versão 3\CORDAS\VIOLONCELO\Orchidea_Vlc\Violoncello\artificial_harmonic\Vc-art_harm-G#4-mf-3c-N.wav,.wav,harmonic,artificial_harmonic
orchidea,vlc,artificial_harmonic,mf,G#5,F:\DOUTORAMENTO_22\INSTRUMENTOS\Instrumentos_espectro_versão 3\CORDAS\VIOLONCELO\Orchidea_Vlc\Violoncello\artificial_harmonic\Vc-art_harm-G#5-mf-2c-N.wav,.wav,harmonic,artificial_harmonic
orchidea,vlc,artificial_harmonic,mf,G#6,F:\DOUTORAMENTO_22\INSTRUMENTOS\Instrumentos_espectro_versão 3\CORDAS\VIOLONCELO\Orchidea_Vlc\Violoncello\artificial_harmonic\Vc-art_harm-G#6-mf-1c-N.wav,.wav,harmonic,artificial_harmonic
orchidea,vlc,artificial_harmonic,mf,G4,F:\DOUTORAMENTO_22\INSTRUMENTOS\Instrumentos_espectro_versão 3\CORDAS\VIOLONCELO\Orchidea_Vlc\Violoncello\artificial_harmonic\Vc-art_harm-G4-mf-3c-N.wav,.wav,harmonic,artificial_harmonic
orchidea,vlc,artificial_harmonic,mf,G5,F:\DOUTORAMENTO_22\INSTRUMENTOS\Instrumentos_espectro_versão 3\CORDAS\VIOLONCELO\Orchidea_Vlc\Violoncello\artificial_harmonic\Vc-art_harm-G5-mf-2c-N.wav,.wav,harmonic,artificial_harmonic
orchidea,vlc,artificial_harmonic,mf,G6,F:\DOUTORAMENTO_22\INSTRUMENTOS\Instrumentos_espectro_versão 3\CORDAS\VIOLONCELO\Orchidea_Vlc\Violoncello\artificial_harmonic\Vc-art_harm-G6-mf-1c-N.wav,.wav,harmonic,artificial_harmonic
orchidea,vlc,ordinario,ff,A#2,F:\DOUTORAMENTO_22\INSTRUMENTOS\Instrumentos_espectro_versão 3\CORDAS\VIOLONCELO\Orchidea_Vlc\Violoncello\ordinario\Orchidea_Vlc_ff\Vc-ord-A#2-ff-3c-N.wav,.wav,ordinario,ordinario
orchidea,vlc,ordinario,ff,A#2,F:\DOUTORAMENTO_22\INSTRUMENTOS\Instrumentos_espectro_versão 3\CORDAS\VIOLONCELO\Orchidea_Vlc\Violoncello\ordinario\Orchidea_Vlc_ff\Vc-ord-A#2-ff-4c-N.wav,.wav,ordinario,ordinario
orchidea,vlc,ordinario,ff,A#3,F:\DOUTORAMENTO_22\INSTRUMENTOS\Instrumentos_espectro_versão 3\CORDAS\VIOLONCELO\Orchidea_Vlc\Violoncello\ordinario\Orchidea_Vlc_ff\Vc-ord-A#3-ff-1c-N.wav,.wav,ordinario,ordinario
orchidea,vlc,ordinario,ff,A#3,F:\DOUTORAMENTO_22\INSTRUMENTOS\Instrumentos_espectro_versão 3\CORDAS\VIOLONCELO\Orchidea_Vlc\Violoncello\ordinario\Orchidea_Vlc_ff\Vc-ord-A#3-ff-2c-T12u.wav,.wav,ordinario,ordinario
orchidea,vlc,ordinario,ff,A#3,F:\DOUTORAMENTO_22\INSTRUMENTOS\Instrumentos_espectro_versão 3\CORDAS\VIOLONCELO\Orchidea_Vlc\Violoncello\ordinario\Orchidea_Vlc_ff\Vc-ord-A#3-ff-3c-N.wav,.wav,ordinario,ordinario
orchidea,vlc,ordinario,ff,A#3,F:\DOUTORAMENTO_22\INSTRUMENTOS\Instrumentos_espectro_versão 3\CORDAS\VIOLONCELO\Orchidea_Vlc\Violoncello\ordinario\Orchidea_Vlc_ff\Vc-ord-A#3-ff-4c-N.wav,.wav,ordinario,ordinario
orchidea,vlc,ordinario,ff,A#4,F:\DOUTORAMENTO_22\INSTRUMENTOS\Instrumentos_espectro_versão 3\CORDAS\VIOLONCELO\Orchidea_Vlc\Violoncello\ordinario\Orchidea_Vlc_ff\Vc-ord-A#4-ff-1c-N.wav,.wav,ordinario,ordinario
orchidea,vlc,ordinario,ff,A#4,F:\DOUTORAMENTO_22\INSTRUMENTOS\Instrumentos_espectro_versão 3\CORDAS\VIOLONCELO\Orchidea_Vlc\Violoncello\ordinario\Orchidea_Vlc_ff\Vc-ord-A#4-ff-2c-N.wav,.wav,ordinario,ordinario
orchidea,vlc,ordinario,ff,A#5,F:\DOUTORAMENTO_22\INSTRUMENTOS\Instrumentos_espectro_versão 3\CORDAS\VIOLONCELO\Orchidea_Vlc\Violoncello\ordinario\Orchidea_Vlc_ff\Vc-ord-A#5-ff-1c-N.wav,.wav,ordinario,ordinario
orchidea,vlc,ordinario,ff,A2,F:\DOUTORAMENTO_22\INSTRUMENTOS\Instrumentos_espectro_versão 3\CORDAS\VIOLONCELO\Orchidea_Vlc\Violoncello\ordinario\Orchidea_Vlc_ff\Vc-ord-A2-ff-3c-T19d.wav,.wav,ordinario,ordinario
orchidea,vlc,ordinario,ff,A2,F:\DOUTORAMENTO_22\INSTRUMENTOS\Instrumentos_espectro_versão 3\CORDAS\VIOLONCELO\Orchidea_Vlc\Violoncello\ordinario\Orchidea_Vlc_ff\Vc-ord-A2-ff-4c-N.wav,.wav,ordinario,ordinario
orchidea,vlc,ordinario,ff,A3,F:\DOUTORAMENTO_22\INSTRUMENTOS\Instrumentos_espectro_versão 3\CORDAS\VIOLONCELO\Orchidea_Vlc\Violoncello\ordinario\Orchidea_Vlc_ff\Vc-ord-A3-ff-1c-N.wav,.wav,ordinario,ordinario
orchidea,vlc,ordinario,ff,A3,F:\DOUTORAMENTO_22\INSTRUMENTOS\Instrumentos_espectro_versão 3\CORDAS\VIOLONCELO\Orchidea_Vlc\Violoncello\ordinario\Orchidea_Vlc_ff\Vc-ord-A3-ff-2c-N.wav,.wav,ordinario,ordinario
orchidea,vlc,ordinario,ff,A3,F:\DOUTORAMENTO_22\INSTRUMENTOS\Instrumentos_espectro_versão 3\CORDAS\VIOLONCELO\Orchidea_Vlc\Violoncello\ordinario\Orchidea_Vlc_ff\Vc-ord-A3-ff-3c-T21d.wav,.wav,ordinario,ordinario
orchidea,vlc,ordinario,ff,A3,F:\DOUTORAMENTO_22\INSTRUMENTOS\Instrumentos_espectro_versão 3\CORDAS\VIOLONCELO\Orchidea_Vlc\Violoncello\ordinario\Orchidea_Vlc_ff\Vc-ord-A3-ff-4c-N.wav,.wav,ordinario,ordinario
orchidea,vlc,ordinario,ff,A4,F:\DOUTORAMENTO_22\INSTRUMENTOS\Instrumentos_espectro_versão 3\CORDAS\VIOLONCELO\Orchidea_Vlc\Violoncello\ordinario\Orchidea_Vlc_ff\Vc-ord-A4-ff-1c-N.wav,.wav,ordinario,ordinario
orchidea,vlc,ordinario,ff,A4,F:\DOUTORAMENTO_22\INSTRUMENTOS\Instrumentos_espectro_versão 3\CORDAS\VIOLONCELO\Orchidea_Vlc\Violoncello\ordinario\Orchidea_Vlc_ff\Vc-ord-A4-ff-2c-N.wav,.wav,ordinario,ordinario
orchidea,vlc,ordinario,ff,A5,F:\DOUTORAMENTO_22\INSTRUMENTOS\Instrumentos_espectro_versão 3\CORDAS\VIOLONCELO\Orchidea_Vlc\Violoncello\ordinario\Orchidea_Vlc_ff\Vc-ord-A5-ff-1c-T13d.wav,.wav,ordinario,ordinario
orchidea,vlc,ordinario,ff,B2,F:\DOUTORAMENTO_22\INSTRUMENTOS\Instrumentos_espectro_versão 3\CORDAS\VIOLONCELO\Orchidea_Vlc\Violoncello\ordinario\Orchidea_Vlc_ff\Vc-ord-B2-ff-3c-N.wav,.wav,ordinario,ordinario
orchidea,vlc,ordinario,ff,B2,F:\DOUTORAMENTO_22\INSTRUMENTOS\Instrumentos_espectro_versão 3\CORDAS\VIOLONCELO\Orchidea_Vlc\Violoncello\ordinario\Orchidea_Vlc_ff\Vc-ord-B2-ff-4c-T11u.wav,.wav,ordinario,ordinario
orchidea,vlc,ordinario,ff,B3,F:\DOUTORAMENTO_22\INSTRUMENTOS\Instrumentos_espectro_versão 3\CORDAS\VIOLONCELO\Orchidea_Vlc\Violoncello\ordinario\Orchidea_Vlc_ff\Vc-ord-B3-ff-1c-T11u.wav,.wav,ordinario,ordinario
orchidea,vlc,ordinario,ff,B3,F:\DOUTORAMENTO_22\INSTRUMENTOS\Instrumentos_espectro_versão 3\CORDAS\VIOLONCELO\Orchidea_Vlc\Violoncello\ordinario\Orchidea_Vlc_ff\Vc-ord-B3-ff-2c-N.wav,.wav,ordinario,ordinario
orchidea,vlc,ordinario,ff,B3,F:\DOUTORAMENTO_22\INSTRUMENTOS\Instrumentos_espectro_versão 3\CORDAS\VIOLONCELO\Orchidea_Vlc\Violoncello\ordinario\Orchidea_Vlc_ff\Vc-ord-B3-ff-3c-T11u.wav,.wav,ordinario,ordinario
orchidea,vlc,ordinario,ff,B4,F:\DOUTORAMENTO_22\INSTRUMENTOS\Instrumentos_espectro_versão 3\CORDAS\VIOLONCELO\Orchidea_Vlc\Violoncello\ordinario\Orchidea_Vlc_ff\Vc-ord-B4-ff-1c-N.wav,.wav,ordinario,ordinario
orchidea,vlc,ordinario,ff,B4,F:\DOUTORAMENTO_22\INSTRUMENTOS\Instrumentos_espectro_versão 3\CORDAS\VIOLONCELO\Orchidea_Vlc\Violoncello\ordinario\Orchidea_Vlc_ff\Vc-ord-B4-ff-2c-N.wav,.wav,ordinario,ordinario
orchidea,vlc,ordinario,ff,B5,F:\DOUTORAMENTO_22\INSTRUMENTOS\Instrumentos_espectro_versão 3\CORDAS\VIOLONCELO\Orchidea_Vlc\Violoncello\ordinario\Orchidea_Vlc_ff\Vc-ord-B5-ff-1c-N.wav,.wav,ordinario,ordinario
orchidea,vlc,ordinario,ff,C#2,F:\DOUTORAMENTO_22\INSTRUMENTOS\Instrumentos_espectro_versão 3\CORDAS\VIOLONCELO\Orchidea_Vlc\Violoncello\ordinario\Orchidea_Vlc_ff\Vc-ord-C#2-ff-4c-N.wav,.wav,ordinario,ordinario
orchidea,vlc,ordinario,ff,C#3,F:\DOUTORAMENTO_22\INSTRUMENTOS\Instrumentos_espectro_versão 3\CORDAS\VIOLONCELO\Orchidea_Vlc\Violoncello\ordinario\Orchidea_Vlc_ff\Vc-ord-C#3-ff-3c-N.wav,.wav,ordinario,ordinario
orchidea,vlc,ordinario,ff,C#3,F:\DOUTORAMENTO_22\INSTRUMENTOS\Instrumentos_espectro_versão 3\CORDAS\VIOLONCELO\Orchidea_Vlc\Violoncello\ordinario\Orchidea_Vlc_ff\Vc-ord-C#3-ff-4c-N.wav,.wav,ordinario,ordinario
orchidea,vlc,ordinario,ff,C#4,F:\DOUTORAMENTO_22\INSTRUMENTOS\Instrumentos_espectro_versão 3\CORDAS\VIOLONCELO\Orchidea_Vlc\Violoncello\ordinario\Orchidea_Vlc_ff\Vc-ord-C#4-ff-1c-N.wav,.wav,ordinario,ordinario
orchidea,vlc,ordinario,ff,C#4,F:\DOUTORAMENTO_22\INSTRUMENTOS\Instrumentos_espectro_versão 3\CORDAS\VIOLONCELO\Orchidea_Vlc\Violoncello\ordinario\Orchidea_Vlc_ff\Vc-ord-C#4-ff-2c-N.wav,.wav,ordinario,ordinario
orchidea,vlc,ordinario,ff,C#4,F:\DOUTORAMENTO_22\INSTRUMENTOS\Instrumentos_espectro_versão 3\CORDAS\VIOLONCELO\Orchidea_Vlc\Violoncello\ordinario\Orchidea_Vlc_ff\Vc-ord-C#4-ff-3c-N.wav,.wav,ordinario,ordinario
orchidea,vlc,ordinario,ff,C#5,F:\DOUTORAMENTO_22\INSTRUMENTOS\Instrumentos_espectro_versão 3\CORDAS\VIOLONCELO\Orchidea_Vlc\Violoncello\ordinario\Orchidea_Vlc_ff\Vc-ord-C#5-ff-1c-N.wav,.wav,ordinario,ordinario
orchidea,vlc,ordinario,ff,C2,F:\DOUTORAMENTO_22\INSTRUMENTOS\Instrumentos_espectro_versão 3\CORDAS\VIOLONCELO\Orchidea_Vlc\Violoncello\ordinario\Orchidea_Vlc_ff\Vc-ord-C2-ff-4c-N.wav,.wav,ordinario,ordinario
orchidea,vlc,ordinario,ff,C3,F:\DOUTORAMENTO_22\INSTRUMENTOS\Instrumentos_espectro_versão 3\CORDAS\VIOLONCELO\Orchidea_Vlc\Violoncello\ordinario\Orchidea_Vlc_ff\Vc-ord-C3-ff-3c-N.wav,.wav,ordinario,ordinario
orchidea,vlc,ordinario,ff,C3,F:\DOUTORAMENTO_22\INSTRUMENTOS\Instrumentos_espectro_versão 3\CORDAS\VIOLONCELO\Orchidea_Vlc\Violoncello\ordinario\Orchidea_Vlc_ff\Vc-ord-C3-ff-4c-N.wav,.wav,ordinario,ordinario
orchidea,vlc,ordinario,ff,C4,F:\DOUTORAMENTO_22\INSTRUMENTOS\Instrumentos_espectro_versão 3\CORDAS\VIOLONCELO\Orchidea_Vlc\Violoncello\ordinario\Orchidea_Vlc_ff\Vc-ord-C4-ff-1c-N.wav,.wav,ordinario,ordinario
orchidea,vlc,ordinario,ff,C4,F:\DOUTORAMENTO_22\INSTRUMENTOS\Instrumentos_espectro_versão 3\CORDAS\VIOLONCELO\Orchidea_Vlc\Violoncello\ordinario\Orchidea_Vlc_ff\Vc-ord-C4-ff-2c-N.wav,.wav,ordinario,ordinario
orchidea,vlc,ordinario,ff,C4,F:\DOUTORAMENTO_22\INSTRUMENTOS\Instrumentos_espectro_versão 3\CORDAS\VIOLONCELO\Orchidea_Vlc\Violoncello\ordinario\Orchidea_Vlc_ff\Vc-ord-C4-ff-3c-N.wav,.wav,ordinario,ordinario
orchidea,vlc,ordinario,ff,C5,F:\DOUTORAMENTO_22\INSTRUMENTOS\Instrumentos_espectro_versão 3\CORDAS\VIOLONCELO\Orchidea_Vlc\Violoncello\ordinario\Orchidea_Vlc_ff\Vc-ord-C5-ff-1c-T16u.wav,.wav,ordinario,ordinario
orchidea,vlc,ordinario,ff,C5,F:\DOUTORAMENTO_22\INSTRUMENTOS\Instrumentos_espectro_versão 3\CORDAS\VIOLONCELO\Orchidea_Vlc\Violoncello\ordinario\Orchidea_Vlc_ff\Vc-ord-C5-ff-2c-N.wav,.wav,ordinario,ordinario
orchidea,vlc,ordinario,ff,C6,F:\DOUTORAMENTO_22\INSTRUMENTOS\Instrumentos_espectro_versão 3\CORDAS\VIOLONCELO\Orchidea_Vlc\Violoncello\ordinario\Orchidea_Vlc_ff\Vc-ord-C6-ff-1c-N.wav,.wav,ordinario,ordinario
orchidea,vlc,ordinario,ff,D#2,F:\DOUTORAMENTO_22\INSTRUMENTOS\Instrumentos_espectro_versão 3\CORDAS\VIOLONCELO\Orchidea_Vlc\Violoncello\ordinario\Orchidea_Vlc_ff\Vc-ord-D#2-ff-4c-N.wav,.wav,ordinario,ordinario
orchidea,vlc,ordinario,ff,D#3,F:\DOUTORAMENTO_22\INSTRUMENTOS\Instrumentos_espectro_versão 3\CORDAS\VIOLONCELO\Orchidea_Vlc\Violoncello\ordinario\Orchidea_Vlc_ff\Vc-ord-D#3-ff-2c-T16d.wav,.wav,ordinario,ordinario
orchidea,vlc,ordinario,ff,D#3,F:\DOUTORAMENTO_22\INSTRUMENTOS\Instrumentos_espectro_versão 3\CORDAS\VIOLONCELO\Orchidea_Vlc\Violoncello\ordinario\Orchidea_Vlc_ff\Vc-ord-D#3-ff-3c-T12u.wav,.wav,ordinario,ordinario
orchidea,vlc,ordinario,ff,D#3,F:\DOUTORAMENTO_22\INSTRUMENTOS\Instrumentos_espectro_versão 3\CORDAS\VIOLONCELO\Orchidea_Vlc\Violoncello\ordinario\Orchidea_Vlc_ff\Vc-ord-D#3-ff-4c-T16u.wav,.wav,ordinario,ordinario
orchidea,vlc,ordinario,ff,D#4,F:\DOUTORAMENTO_22\INSTRUMENTOS\Instrumentos_espectro_versão 3\CORDAS\VIOLONCELO\Orchidea_Vlc\Violoncello\ordinario\Orchidea_Vlc_ff\Vc-ord-D#4-ff-1c-T22u.wav,.wav,ordinario,ordinario
orchidea,vlc,ordinario,ff,D#4,F:\DOUTORAMENTO_22\INSTRUMENTOS\Instrumentos_espectro_versão 3\CORDAS\VIOLONCELO\Orchidea_Vlc\Violoncello\ordinario\Orchidea_Vlc_ff\Vc-ord-D#4-ff-2c-T12u.wav,.wav,ordinario,ordinario
orchidea,vlc,ordinario,ff,D#4,F:\DOUTORAMENTO_22\INSTRUMENTOS\Instrumentos_espectro_versão 3\CORDAS\VIOLONCELO\Orchidea_Vlc\Violoncello\ordinario\Orchidea_Vlc_ff\Vc-ord-D#4-ff-3c-N.wav,.wav,ordinario,ordinario
orchidea,vlc,ordinario,ff,D#5,F:\DOUTORAMENTO_22\INSTRUMENTOS\Instrumentos_espectro_versão 3\CORDAS\VIOLONCELO\Orchidea_Vlc\Violoncello\ordinario\Orchidea_Vlc_ff\Vc-ord-D#5-ff-1c-N.wav,.wav,ordinario,ordinario
orchidea,vlc,ordinario,ff,D2,F:\DOUTORAMENTO_22\INSTRUMENTOS\Instrumentos_espectro_versão 3\CORDAS\VIOLONCELO\Orchidea_Vlc\Violoncello\ordinario\Orchidea_Vlc_ff\Vc-ord-D2-ff-4c-N.wav,.wav,ordinario,ordinario
orchidea,vlc,ordinario,ff,D3,F:\DOUTORAMENTO_22\INSTRUMENTOS\Instrumentos_espectro_versão 3\CORDAS\VIOLONCELO\Orchidea_Vlc\Violoncello\ordinario\Orchidea_Vlc_ff\Vc-ord-D3-ff-2c-N.wav,.wav,ordinario,ordinario
orchidea,vlc,ordinario,ff,D3,F:\DOUTORAMENTO_22\INSTRUMENTOS\Instrumentos_espectro_versão 3\CORDAS\VIOLONCELO\Orchidea_Vlc\Violoncello\ordinario\Orchidea_Vlc_ff\Vc-ord-D3-ff-3c-N.wav,.wav,ordinario,ordinario
orchidea,vlc,ordinario,ff,D3,F:\DOUTORAMENTO_22\INSTRUMENTOS\Instrumentos_espectro_versão 3\CORDAS\VIOLONCELO\Orchidea_Vlc\Violoncello\ordinario\Orchidea_Vlc_ff\Vc-ord-D3-ff-4c-T10d.wav,.wav,ordinario,ordinario
orchidea,vlc,ordinario,ff,D4,F:\DOUTORAMENTO_22\INSTRUMENTOS\Instrumentos_espectro_versão 3\CORDAS\VIOLONCELO\Orchidea_Vlc\Violoncello\ordinario\Orchidea_Vlc_ff\Vc-ord-D4-ff-1c-N.wav,.wav,ordinario,ordinario
orchidea,vlc,ordinario,ff,D4,F:\DOUTORAMENTO_22\INSTRUMENTOS\Instrumentos_espectro_versão 3\CORDAS\VIOLONCELO\Orchidea_Vlc\Violoncello\ordinario\Orchidea_Vlc_ff\Vc-ord-D4-ff-2c-N.wav,.wav,ordinario,ordinario
orchidea,vlc,ordinario,ff,D4,F:\DOUTORAMENTO_22\INSTRUMENTOS\Instrumentos_espectro_versão 3\CORDAS\VIOLONCELO\Orchidea_Vlc\Violoncello\ordinario\Orchidea_Vlc_ff\Vc-ord-D4-ff-3c-N.wav,.wav,ordinario,ordinario
orchidea,vlc,ordinario,ff,D5,F:\DOUTORAMENTO_22\INSTRUMENTOS\Instrumentos_espectro_versão 3\CORDAS\VIOLONCELO\Orchidea_Vlc\Violoncello\ordinario\Orchidea_Vlc_ff\Vc-ord-D5-ff-1c-N.wav,.wav,ordinario,ordinario
orchidea,vlc,ordinario,ff,E2,F:\DOUTORAMENTO_22\INSTRUMENTOS\Instrumentos_espectro_versão 3\CORDAS\VIOLONCELO\Orchidea_Vlc\Violoncello\ordinario\Orchidea_Vlc_ff\Vc-ord-E2-ff-4c-N.wav,.wav,ordinario,ordinario
orchidea,vlc,ordinario,ff,E3,F:\DOUTORAMENTO_22\INSTRUMENTOS\Instrumentos_espectro_versão 3\CORDAS\VIOLONCELO\Orchidea_Vlc\Violoncello\ordinario\Orchidea_Vlc_ff\Vc-ord-E3-ff-2c-N.wav,.wav,ordinario,ordinario
orchidea,vlc,ordinario,ff,E3,F:\DOUTORAMENTO_22\INSTRUMENTOS\Instrumentos_espectro_versão 3\CORDAS\VIOLONCELO\Orchidea_Vlc\Violoncello\ordinario\Orchidea_Vlc_ff\Vc-ord-E3-ff-3c-T11d.wav,.wav,ordinario,ordinario
orchidea,vlc,ordinario,ff,E3,F:\DOUTORAMENTO_22\INSTRUMENTOS\Instrumentos_espectro_versão 3\CORDAS\VIOLONCELO\Orchidea_Vlc\Violoncello\ordinario\Orchidea_Vlc_ff\Vc-ord-E3-ff-4c-N.wav,.wav,ordinario,ordinario
orchidea,vlc,ordinario,ff,E4,F:\DOUTORAMENTO_22\INSTRUMENTOS\Instrumentos_espectro_versão 3\CORDAS\VIOLONCELO\Orchidea_Vlc\Violoncello\ordinario\Orchidea_Vlc_ff\Vc-ord-E4-ff-1c-N.wav,.wav,ordinario,ordinario
orchidea,vlc,ordinario,ff,E4,F:\DOUTORAMENTO_22\INSTRUMENTOS\Instrumentos_espectro_versão 3\CORDAS\VIOLONCELO\Orchidea_Vlc\Violoncello\ordinario\Orchidea_Vlc_ff\Vc-ord-E4-ff-2c-N.wav,.wav,ordinario,ordinario
orchidea,vlc,ordinario,ff,E4,F:\DOUTORAMENTO_22\INSTRUMENTOS\Instrumentos_espectro_versão 3\CORDAS\VIOLONCELO\Orchidea_Vlc\Violoncello\ordinario\Orchidea_Vlc_ff\Vc-ord-E4-ff-3c-T10u.wav,.wav,ordinario,ordinario
orchidea,vlc,ordinario,ff,E5,F:\DOUTORAMENTO_22\INSTRUMENTOS\Instrumentos_espectro_versão 3\CORDAS\VIOLONCELO\Orchidea_Vlc\Violoncello\ordinario\Orchidea_Vlc_ff\Vc-ord-E5-ff-1c-N.wav,.wav,ordinario,ordinario
orchidea,vlc,ordinario,ff,F#2,F:\DOUTORAMENTO_22\INSTRUMENTOS\Instrumentos_espectro_versão 3\CORDAS\VIOLONCELO\Orchidea_Vlc\Violoncello\ordinario\Orchidea_Vlc_ff\Vc-ord-F#2-ff-4c-N.wav,.wav,ordinario,ordinario
orchidea,vlc,ordinario,ff,F#3,F:\DOUTORAMENTO_22\INSTRUMENTOS\Instrumentos_espectro_versão 3\CORDAS\VIOLONCELO\Orchidea_Vlc\Violoncello\ordinario\Orchidea_Vlc_ff\Vc-ord-F#3-ff-2c-N.wav,.wav,ordinario,ordinario
orchidea,vlc,ordinario,ff,F#3,F:\DOUTORAMENTO_22\INSTRUMENTOS\Instrumentos_espectro_versão 3\CORDAS\VIOLONCELO\Orchidea_Vlc\Violoncello\ordinario\Orchidea_Vlc_ff\Vc-ord-F#3-ff-3c-N.wav,.wav,ordinario,ordinario
orchidea,vlc,ordinario,ff,F#3,F:\DOUTORAMENTO_22\INSTRUMENTOS\Instrumentos_espectro_versão 3\CORDAS\VIOLONCELO\Orchidea_Vlc\Violoncello\ordinario\Orchidea_Vlc_ff\Vc-ord-F#3-ff-4c-T14u.wav,.wav,ordinario,ordinario
orchidea,vlc,ordinario,ff,F#4,F:\DOUTORAMENTO_22\INSTRUMENTOS\Instrumentos_espectro_versão 3\CORDAS\VIOLONCELO\Orchidea_Vlc\Violoncello\ordinario\Orchidea_Vlc_ff\Vc-ord-F#4-ff-1c-N.wav,.wav,ordinario,ordinario
orchidea,vlc,ordinario,ff,F#4,F:\DOUTORAMENTO_22\INSTRUMENTOS\Instrumentos_espectro_versão 3\CORDAS\VIOLONCELO\Orchidea_Vlc\Violoncello\ordinario\Orchidea_Vlc_ff\Vc-ord-F#4-ff-2c-N.wav,.wav,ordinario,ordinario
orchidea,vlc,ordinario,ff,F#5,F:\DOUTORAMENTO_22\INSTRUMENTOS\Instrumentos_espectro_versão 3\CORDAS\VIOLONCELO\Orchidea_Vlc\Violoncello\ordinario\Orchidea_Vlc_ff\Vc-ord-F#5-ff-1c-T33u.wav,.wav,ordinario,ordinario
orchidea,vlc,ordinario,ff,F2,F:\DOUTORAMENTO_22\INSTRUMENTOS\Instrumentos_espectro_versão 3\CORDAS\VIOLONCELO\Orchidea_Vlc\Violoncello\ordinario\Orchidea_Vlc_ff\Vc-ord-F2-ff-4c-T17u.wav,.wav,ordinario,ordinario
orchidea,vlc,ordinario,ff,F3,F:\DOUTORAMENTO_22\INSTRUMENTOS\Instrumentos_espectro_versão 3\CORDAS\VIOLONCELO\Orchidea_Vlc\Violoncello\ordinario\Orchidea_Vlc_ff\Vc-ord-F3-ff-2c-T17d.wav,.wav,ordinario,ordinario
orchidea,vlc,ordinario,ff,F3,F:\DOUTORAMENTO_22\INSTRUMENTOS\Instrumentos_espectro_versão 3\CORDAS\VIOLONCELO\Orchidea_Vlc\Violoncello\ordinario\Orchidea_Vlc_ff\Vc-ord-F3-ff-3c-T17d.wav,.wav,ordinario,ordinario
orchidea,vlc,ordinario,ff,F3,F:\DOUTORAMENTO_22\INSTRUMENTOS\Instrumentos_espectro_versão 3\CORDAS\VIOLONCELO\Orchidea_Vlc\Violoncello\ordinario\Orchidea_Vlc_ff\Vc-ord-F3-ff-4c-T14u.wav,.wav,ordinario,ordinario
orchidea,vlc,ordinario,ff,F4,F:\DOUTORAMENTO_22\INSTRUMENTOS\Instrumentos_espectro_versão 3\CORDAS\VIOLONCELO\Orchidea_Vlc\Violoncello\ordinario\Orchidea_Vlc_ff\Vc-ord-F4-ff-1c-N.wav,.wav,ordinario,ordinario
orchidea,vlc,ordinario,ff,F4,F:\DOUTORAMENTO_22\INSTRUMENTOS\Instrumentos_espectro_versão 3\CORDAS\VIOLONCELO\Orchidea_Vlc\Violoncello\ordinario\Orchidea_Vlc_ff\Vc-ord-F4-ff-2c-N.wav,.wav,ordinario,ordinario
orchidea,vlc,ordinario,ff,F4,F:\DOUTORAMENTO_22\INSTRUMENTOS\Instrumentos_espectro_versão 3\CORDAS\VIOLONCELO\Orchidea_Vlc\Violoncello\ordinario\Orchidea_Vlc_ff\Vc-ord-F4-ff-3c-T14u.wav,.wav,ordinario,ordinario
orchidea,vlc,ordinario,ff,F5,F:\DOUTORAMENTO_22\INSTRUMENTOS\Instrumentos_espectro_versão 3\CORDAS\VIOLONCELO\Orchidea_Vlc\Violoncello\ordinario\Orchidea_Vlc_ff\Vc-ord-F5-ff-1c-N.wav,.wav,ordinario,ordinario
orchidea,vlc,ordinario,ff,G#2,F:\DOUTORAMENTO_22\INSTRUMENTOS\Instrumentos_espectro_versão 3\CORDAS\VIOLONCELO\Orchidea_Vlc\Violoncello\ordinario\Orchidea_Vlc_ff\Vc-ord-G#2-ff-3c-T10d.wav,.wav,ordinario,ordinario
orchidea,vlc,ordinario,ff,G#2,F:\DOUTORAMENTO_22\INSTRUMENTOS\Instrumentos_espectro_versão 3\CORDAS\VIOLONCELO\Orchidea_Vlc\Violoncello\ordinario\Orchidea_Vlc_ff\Vc-ord-G#2-ff-4c-T12u.wav,.wav,ordinario,ordinario
orchidea,vlc,ordinario,ff,G#3,F:\DOUTORAMENTO_22\INSTRUMENTOS\Instrumentos_espectro_versão 3\CORDAS\VIOLONCELO\Orchidea_Vlc\Violoncello\ordinario\Orchidea_Vlc_ff\Vc-ord-G#3-ff-2c-N.wav,.wav,ordinario,ordinario
orchidea,vlc,ordinario,ff,G#3,F:\DOUTORAMENTO_22\INSTRUMENTOS\Instrumentos_espectro_versão 3\CORDAS\VIOLONCELO\Orchidea_Vlc\Violoncello\ordinario\Orchidea_Vlc_ff\Vc-ord-G#3-ff-3c-N.wav,.wav,ordinario,ordinario
orchidea,vlc,ordinario,ff,G#3,F:\DOUTORAMENTO_22\INSTRUMENTOS\Instrumentos_espectro_versão 3\CORDAS\VIOLONCELO\Orchidea_Vlc\Violoncello\ordinario\Orchidea_Vlc_ff\Vc-ord-G#3-ff-4c-T15u.wav,.wav,ordinario,ordinario
orchidea,vlc,ordinario,ff,G#4,F:\DOUTORAMENTO_22\INSTRUMENTOS\Instrumentos_espectro_versão 3\CORDAS\VIOLONCELO\Orchidea_Vlc\Violoncello\ordinario\Orchidea_Vlc_ff\Vc-ord-G#4-ff-1c-T18u.wav,.wav,ordinario,ordinario
orchidea,vlc,ordinario,ff,G#4,F:\DOUTORAMENTO_22\INSTRUMENTOS\Instrumentos_espectro_versão 3\CORDAS\VIOLONCELO\Orchidea_Vlc\Violoncello\ordinario\Orchidea_Vlc_ff\Vc-ord-G#4-ff-2c-N.wav,.wav,ordinario,ordinario
orchidea,vlc,ordinario,ff,G#5,F:\DOUTORAMENTO_22\INSTRUMENTOS\Instrumentos_espectro_versão 3\CORDAS\VIOLONCELO\Orchidea_Vlc\Violoncello\ordinario\Orchidea_Vlc_ff\Vc-ord-G#5-ff-1c-T10u.wav,.wav,ordinario,ordinario
orchidea,vlc,ordinario,ff,G2,F:\DOUTORAMENTO_22\INSTRUMENTOS\Instrumentos_espectro_versão 3\CORDAS\VIOLONCELO\Orchidea_Vlc\Violoncello\ordinario\Orchidea_Vlc_ff\Vc-ord-G2-ff-3c-N.wav,.wav,ordinario,ordinario
orchidea,vlc,ordinario,ff,G2,F:\DOUTORAMENTO_22\INSTRUMENTOS\Instrumentos_espectro_versão 3\CORDAS\VIOLONCELO\Orchidea_Vlc\Violoncello\ordinario\Orchidea_Vlc_ff\Vc-ord-G2-ff-4c-N.wav,.wav,ordinario,ordinario
orchidea,vlc,ordinario,ff,G3,F:\DOUTORAMENTO_22\INSTRUMENTOS\Instrumentos_espectro_versão 3\CORDAS\VIOLONCELO\Orchidea_Vlc\Violoncello\ordinario\Orchidea_Vlc_ff\Vc-ord-G3-ff-2c-N.wav,.wav,ordinario,ordinario
orchidea,vlc,ordinario,ff,G3,F:\DOUTORAMENTO_22\INSTRUMENTOS\Instrumentos_espectro_versão 3\CORDAS\VIOLONCELO\Orchidea_Vlc\Violoncello\ordinario\Orchidea_Vlc_ff\Vc-ord-G3-ff-3c-N.wav,.wav,ordinario,ordinario
orchidea,vlc,ordinario,ff,G3,F:\DOUTORAMENTO_22\INSTRUMENTOS\Instrumentos_espectro_versão 3\CORDAS\VIOLONCELO\Orchidea_Vlc\Violoncello\ordinario\Orchidea_Vlc_ff\Vc-ord-G3-ff-4c-N.wav,.wav,ordinario,ordinario
orchidea,vlc,ordinario,ff,G4,F:\DOUTORAMENTO_22\INSTRUMENTOS\Instrumentos_espectro_versão 3\CORDAS\VIOLONCELO\Orchidea_Vlc\Violoncello\ordinario\Orchidea_Vlc_ff\Vc-ord-G4-ff-1c-N.wav,.wav,ordinario,ordinario
orchidea,vlc,ordinario,ff,G4,F:\DOUTORAMENTO_22\INSTRUMENTOS\Instrumentos_espectro_versão 3\CORDAS\VIOLONCELO\Orchidea_Vlc\Violoncello\ordinario\Orchidea_Vlc_ff\Vc-ord-G4-ff-2c-N.wav,.wav,ordinario,ordinario
orchidea,vlc,ordinario,ff,G5,F:\DOUTORAMENTO_22\INSTRUMENTOS\Instrumentos_espectro_versão 3\CORDAS\VIOLONCELO\Orchidea_Vlc\Violoncello\ordinario\Orchidea_Vlc_ff\Vc-ord-G5-ff-1c-N.wav,.wav,ordinario,ordinario
orchidea,vlc,ordinario,ff,A#2,F:\DOUTORAMENTO_22\INSTRUMENTOS\Instrumentos_espectro_versão 3\CORDAS\VIOLONCELO\Orchidea_Vlc\Violoncello\ordinario\Orchidea_Vlc_ff\_Attacks\Vc-ord-A#2-ff-3c-N_Attacks.wav,.wav,ordinario,ordinario
orchidea,vlc,ordinario,ff,A#2,F:\DOUTORAMENTO_22\INSTRUMENTOS\Instrumentos_espectro_versão 3\CORDAS\VIOLONCELO\Orchidea_Vlc\Violoncello\ordinario\Orchidea_Vlc_ff\_Attacks\Vc-ord-A#2-ff-4c-N_Attacks.wav,.wav,ordinario,ordinario
orchidea,vlc,ordinario,ff,A#3,F:\DOUTORAMENTO_22\INSTRUMENTOS\Instrumentos_espectro_versão 3\CORDAS\VIOLONCELO\Orchidea_Vlc\Violoncello\ordinario\Orchidea_Vlc_ff\_Attacks\Vc-ord-A#3-ff-1c-N_Attacks.wav,.wav,ordinario,ordinario
orchidea,vlc,ordinario,ff,A#3,F:\DOUTORAMENTO_22\INSTRUMENTOS\Instrumentos_espectro_versão 3\CORDAS\VIOLONCELO\Orchidea_Vlc\Violoncello\ordinario\Orchidea_Vlc_ff\_Attacks\Vc-ord-A#3-ff-2c-T12u_Attacks.wav,.wav,ordinario,ordinario
orchidea,vlc,ordinario,ff,A#3,F:\DOUTORAMENTO_22\INSTRUMENTOS\Instrumentos_espectro_versão 3\CORDAS\VIOLONCELO\Orchidea_Vlc\Violoncello\ordinario\Orchidea_Vlc_ff\_Attacks\Vc-ord-A#3-ff-3c-N_Attacks.wav,.wav,ordinario,ordinario
orchidea,vlc,ordinario,ff,A#3,F:\DOUTORAMENTO_22\INSTRUMENTOS\Instrumentos_espectro_versão 3\CORDAS\VIOLONCELO\Orchidea_Vlc\Violoncello\ordinario\Orchidea_Vlc_ff\_Attacks\Vc-ord-A#3-ff-4c-N_Attacks.wav,.wav,ordinario,ordinario
orchidea,vlc,ordinario,ff,A#4,F:\DOUTORAMENTO_22\INSTRUMENTOS\Instrumentos_espectro_versão 3\CORDAS\VIOLONCELO\Orchidea_Vlc\Violoncello\ordinario\Orchidea_Vlc_ff\_Attacks\Vc-ord-A#4-ff-1c-N_Attacks.wav,.wav,ordinario,ordinario
orchidea,vlc,ordinario,ff,A#4,F:\DOUTORAMENTO_22\INSTRUMENTOS\Instrumentos_espectro_versão 3\CORDAS\VIOLONCELO\Orchidea_Vlc\Violoncello\ordinario\Orchidea_Vlc_ff\_Attacks\Vc-ord-A#4-ff-2c-N_Attacks.wav,.wav,ordinario,ordinario
orchidea,vlc,ordinario,ff,A#5,F:\DOUTORAMENTO_22\INSTRUMENTOS\Instrumentos_espectro_versão 3\CORDAS\VIOLONCELO\Orchidea_Vlc\Violoncello\ordinario\Orchidea_Vlc_ff\_Attacks\Vc-ord-A#5-ff-1c-N_Attacks.wav,.wav,ordinario,ordinario
orchidea,vlc,ordinario,ff,A2,F:\DOUTORAMENTO_22\INSTRUMENTOS\Instrumentos_espectro_versão 3\CORDAS\VIOLONCELO\Orchidea_Vlc\Violoncello\ordinario\Orchidea_Vlc_ff\_Attacks\Vc-ord-A2-ff-3c-T19d_Attacks.wav,.wav,ordinario,ordinario
orchidea,vlc,ordinario,ff,A2,F:\DOUTORAMENTO_22\INSTRUMENTOS\Instrumentos_espectro_versão 3\CORDAS\VIOLONCELO\Orchidea_Vlc\Violoncello\ordinario\Orchidea_Vlc_ff\_Attacks\Vc-ord-A2-ff-4c-N_Attacks.wav,.wav,ordinario,ordinario
orchidea,vlc,ordinario,ff,A3,F:\DOUTORAMENTO_22\INSTRUMENTOS\Instrumentos_espectro_versão 3\CORDAS\VIOLONCELO\Orchidea_Vlc\Violoncello\ordinario\Orchidea_Vlc_ff\_Attacks\Vc-ord-A3-ff-1c-N_Attacks.wav,.wav,ordinario,ordinario
orchidea,vlc,ordinario,ff,A3,F:\DOUTORAMENTO_22\INSTRUMENTOS\Instrumentos_espectro_versão 3\CORDAS\VIOLONCELO\Orchidea_Vlc\Violoncello\ordinario\Orchidea_Vlc_ff\_Attacks\Vc-ord-A3-ff-2c-N_Attacks.wav,.wav,ordinario,ordinario
orchidea,vlc,ordinario,ff,A3,F:\DOUTORAMENTO_22\INSTRUMENTOS\Instrumentos_espectro_versão 3\CORDAS\VIOLONCELO\Orchidea_Vlc\Violoncello\ordinario\Orchidea_Vlc_ff\_Attacks\Vc-ord-A3-ff-3c-T21d_Attacks.wav,.wav,ordinario,ordinario
orchidea,vlc,ordinario,ff,A3,F:\DOUTORAMENTO_22\INSTRUMENTOS\Instrumentos_espectro_versão 3\CORDAS\VIOLONCELO\Orchidea_Vlc\Violoncello\ordinario\Orchidea_Vlc_ff\_Attacks\Vc-ord-A3-ff-4c-N_Attacks.wav,.wav,ordinario,ordinario
orchidea,vlc,ordinario,ff,A4,F:\DOUTORAMENTO_22\INSTRUMENTOS\Instrumentos_espectro_versão 3\CORDAS\VIOLONCELO\Orchidea_Vlc\Violoncello\ordinario\Orchidea_Vlc_ff\_Attacks\Vc-ord-A4-ff-1c-N_Attacks.wav,.wav,ordinario,ordinario
orchidea,vlc,ordinario,ff,A4,F:\DOUTORAMENTO_22\INSTRUMENTOS\Instrumentos_espectro_versão 3\CORDAS\VIOLONCELO\Orchidea_Vlc\Violoncello\ordinario\Orchidea_Vlc_ff\_Attacks\Vc-ord-A4-ff-2c-N_Attacks.wav,.wav,ordinario,ordinario
orchidea,vlc,ordinario,ff,A5,F:\DOUTORAMENTO_22\INSTRUMENTOS\Instrumentos_espectro_versão 3\CORDAS\VIOLONCELO\Orchidea_Vlc\Violoncello\ordinario\Orchidea_Vlc_ff\_Attacks\Vc-ord-A5-ff-1c-T13d_Attacks.wav,.wav,ordinario,ordinario
orchidea,vlc,ordinario,ff,B2,F:\DOUTORAMENTO_22\INSTRUMENTOS\Instrumentos_espectro_versão 3\CORDAS\VIOLONCELO\Orchidea_Vlc\Violoncello\ordinario\Orchidea_Vlc_ff\_Attacks\Vc-ord-B2-ff-3c-N_Attacks.wav,.wav,ordinario,ordinario
orchidea,vlc,ordinario,ff,B2,F:\DOUTORAMENTO_22\INSTRUMENTOS\Instrumentos_espectro_versão 3\CORDAS\VIOLONCELO\Orchidea_Vlc\Violoncello\ordinario\Orchidea_Vlc_ff\_Attacks\Vc-ord-B2-ff-4c-T11u_Attacks.wav,.wav,ordinario,ordinario
orchidea,vlc,ordinario,ff,B3,F:\DOUTORAMENTO_22\INSTRUMENTOS\Instrumentos_espectro_versão 3\CORDAS\VIOLONCELO\Orchidea_Vlc\Violoncello\ordinario\Orchidea_Vlc_ff\_Attacks\Vc-ord-B3-ff-1c-T11u_Attacks.wav,.wav,ordinario,ordinario
orchidea,vlc,ordinario,ff,B3,F:\DOUTORAMENTO_22\INSTRUMENTOS\Instrumentos_espectro_versão 3\CORDAS\VIOLONCELO\Orchidea_Vlc\Violoncello\ordinario\Orchidea_Vlc_ff\_Attacks\Vc-ord-B3-ff-2c-N_Attacks.wav,.wav,ordinario,ordinario
orchidea,vlc,ordinario,ff,B3,F:\DOUTORAMENTO_22\INSTRUMENTOS\Instrumentos_espectro_versão 3\CORDAS\VIOLONCELO\Orchidea_Vlc\Violoncello\ordinario\Orchidea_Vlc_ff\_Attacks\Vc-ord-B3-ff-3c-T11u_Attacks.wav,.wav,ordinario,ordinario
orchidea,vlc,ordinario,ff,B4,F:\DOUTORAMENTO_22\INSTRUMENTOS\Instrumentos_espectro_versão 3\CORDAS\VIOLONCELO\Orchidea_Vlc\Violoncello\ordinario\Orchidea_Vlc_ff\_Attacks\Vc-ord-B4-ff-1c-N_Attacks.wav,.wav,ordinario,ordinario
orchidea,vlc,ordinario,ff,B4,F:\DOUTORAMENTO_22\INSTRUMENTOS\Instrumentos_espectro_versão 3\CORDAS\VIOLONCELO\Orchidea_Vlc\Violoncello\ordinario\Orchidea_Vlc_ff\_Attacks\Vc-ord-B4-ff-2c-N_Attacks.wav,.wav,ordinario,ordinario
orchidea,vlc,ordinario,ff,B5,F:\DOUTORAMENTO_22\INSTRUMENTOS\Instrumentos_espectro_versão 3\CORDAS\VIOLONCELO\Orchidea_Vlc\Violoncello\ordinario\Orchidea_Vlc_ff\_Attacks\Vc-ord-B5-ff-1c-N_Attacks.wav,.wav,ordinario,ordinario
orchidea,vlc,ordinario,ff,C#2,F:\DOUTORAMENTO_22\INSTRUMENTOS\Instrumentos_espectro_versão 3\CORDAS\VIOLONCELO\Orchidea_Vlc\Violoncello\ordinario\Orchidea_Vlc_ff\_Attacks\Vc-ord-C#2-ff-4c-N_Attacks.wav,.wav,ordinario,ordinario
orchidea,vlc,ordinario,ff,C#3,F:\DOUTORAMENTO_22\INSTRUMENTOS\Instrumentos_espectro_versão 3\CORDAS\VIOLONCELO\Orchidea_Vlc\Violoncello\ordinario\Orchidea_Vlc_ff\_Attacks\Vc-ord-C#3-ff-3c-N_Attacks.wav,.wav,ordinario,ordinario
orchidea,vlc,ordinario,ff,C#3,F:\DOUTORAMENTO_22\INSTRUMENTOS\Instrumentos_espectro_versão 3\CORDAS\VIOLONCELO\Orchidea_Vlc\Violoncello\ordinario\Orchidea_Vlc_ff\_Attacks\Vc-ord-C#3-ff-4c-N_Attacks.wav,.wav,ordinario,ordinario
orchidea,vlc,ordinario,ff,C#4,F:\DOUTORAMENTO_22\INSTRUMENTOS\Instrumentos_espectro_versão 3\CORDAS\VIOLONCELO\Orchidea_Vlc\Violoncello\ordinario\Orchidea_Vlc_ff\_Attacks\Vc-ord-C#4-ff-1c-N_Attacks.wav,.wav,ordinario,ordinario
orchidea,vlc,ordinario,ff,C#4,F:\DOUTORAMENTO_22\INSTRUMENTOS\Instrumentos_espectro_versão 3\CORDAS\VIOLONCELO\Orchidea_Vlc\Violoncello\ordinario\Orchidea_Vlc_ff\_Attacks\Vc-ord-C#4-ff-2c-N_Attacks.wav,.wav,ordinario,ordinario
orchidea,vlc,ordinario,ff,C#4,F:\DOUTORAMENTO_22\INSTRUMENTOS\Instrumentos_espectro_versão 3\CORDAS\VIOLONCELO\Orchidea_Vlc\Violoncello\ordinario\Orchidea_Vlc_ff\_Attacks\Vc-ord-C#4-ff-3c-N_Attacks.wav,.wav,ordinario,ordinario
orchidea,vlc,ordinario,ff,C#5,F:\DOUTORAMENTO_22\INSTRUMENTOS\Instrumentos_espectro_versão 3\CORDAS\VIOLONCELO\Orchidea_Vlc\Violoncello\ordinario\Orchidea_Vlc_ff\_Attacks\Vc-ord-C#5-ff-1c-N_Attacks.wav,.wav,ordinario,ordinario
orchidea,vlc,ordinario,ff,C2,F:\DOUTORAMENTO_22\INSTRUMENTOS\Instrumentos_espectro_versão 3\CORDAS\VIOLONCELO\Orchidea_Vlc\Violoncello\ordinario\Orchidea_Vlc_ff\_Attacks\Vc-ord-C2-ff-4c-N_Attacks.wav,.wav,ordinario,ordinario
orchidea,vlc,ordinario,ff,C3,F:\DOUTORAMENTO_22\INSTRUMENTOS\Instrumentos_espectro_versão 3\CORDAS\VIOLONCELO\Orchidea_Vlc\Violoncello\ordinario\Orchidea_Vlc_ff\_Attacks\Vc-ord-C3-ff-3c-N_Attacks.wav,.wav,ordinario,ordinario
orchidea,vlc,ordinario,ff,C3,F:\DOUTORAMENTO_22\INSTRUMENTOS\Instrumentos_espectro_versão 3\CORDAS\VIOLONCELO\Orchidea_Vlc\Violoncello\ordinario\Orchidea_Vlc_ff\_Attacks\Vc-ord-C3-ff-4c-N_Attacks.wav,.wav,ordinario,ordinario
orchidea,vlc,ordinario,ff,C4,F:\DOUTORAMENTO_22\INSTRUMENTOS\Instrumentos_espectro_versão 3\CORDAS\VIOLONCELO\Orchidea_Vlc\Violoncello\ordinario\Orchidea_Vlc_ff\_Attacks\Vc-ord-C4-ff-1c-N_Attacks.wav,.wav,ordinario,ordinario
orchidea,vlc,ordinario,ff,C4,F:\DOUTORAMENTO_22\INSTRUMENTOS\Instrumentos_espectro_versão 3\CORDAS\VIOLONCELO\Orchidea_Vlc\Violoncello\ordinario\Orchidea_Vlc_ff\_Attacks\Vc-ord-C4-ff-2c-N_Attacks.wav,.wav,ordinario,ordinario
orchidea,vlc,ordinario,ff,C4,F:\DOUTORAMENTO_22\INSTRUMENTOS\Instrumentos_espectro_versão 3\CORDAS\VIOLONCELO\Orchidea_Vlc\Violoncello\ordinario\Orchidea_Vlc_ff\_Attacks\Vc-ord-C4-ff-3c-N_Attacks.wav,.wav,ordinario,ordinario
orchidea,vlc,ordinario,ff,C5,F:\DOUTORAMENTO_22\INSTRUMENTOS\Instrumentos_espectro_versão 3\CORDAS\VIOLONCELO\Orchidea_Vlc\Violoncello\ordinario\Orchidea_Vlc_ff\_Attacks\Vc-ord-C5-ff-1c-T16u_Attacks.wav,.wav,ordinario,ordinario
orchidea,vlc,ordinario,ff,C5,F:\DOUTORAMENTO_22\INSTRUMENTOS\Instrumentos_espectro_versão 3\CORDAS\VIOLONCELO\Orchidea_Vlc\Violoncello\ordinario\Orchidea_Vlc_ff\_Attacks\Vc-ord-C5-ff-2c-N_Attacks.wav,.wav,ordinario,ordinario
orchidea,vlc,ordinario,ff,C6,F:\DOUTORAMENTO_22\INSTRUMENTOS\Instrumentos_espectro_versão 3\CORDAS\VIOLONCELO\Orchidea_Vlc\Violoncello\ordinario\Orchidea_Vlc_ff\_Attacks\Vc-ord-C6-ff-1c-N_Attacks.wav,.wav,ordinario,ordinario
orchidea,vlc,ordinario,ff,D#2,F:\DOUTORAMENTO_22\INSTRUMENTOS\Instrumentos_espectro_versão 3\CORDAS\VIOLONCELO\Orchidea_Vlc\Violoncello\ordinario\Orchidea_Vlc_ff\_Attacks\Vc-ord-D#2-ff-4c-N_Attacks.wav,.wav,ordinario,ordinario
orchidea,vlc,ordinario,ff,D#3,F:\DOUTORAMENTO_22\INSTRUMENTOS\Instrumentos_espectro_versão 3\CORDAS\VIOLONCELO\Orchidea_Vlc\Violoncello\ordinario\Orchidea_Vlc_ff\_Attacks\Vc-ord-D#3-ff-2c-T16d_Attacks.wav,.wav,ordinario,ordinario
orchidea,vlc,ordinario,ff,D#3,F:\DOUTORAMENTO_22\INSTRUMENTOS\Instrumentos_espectro_versão 3\CORDAS\VIOLONCELO\Orchidea_Vlc\Violoncello\ordinario\Orchidea_Vlc_ff\_Attacks\Vc-ord-D#3-ff-3c-T12u_Attacks.wav,.wav,ordinario,ordinario
orchidea,vlc,ordinario,ff,D#3,F:\DOUTORAMENTO_22\INSTRUMENTOS\Instrumentos_espectro_versão 3\CORDAS\VIOLONCELO\Orchidea_Vlc\Violoncello\ordinario\Orchidea_Vlc_ff\_Attacks\Vc-ord-D#3-ff-4c-T16u_Attacks.wav,.wav,ordinario,ordinario
orchidea,vlc,ordinario,ff,D#4,F:\DOUTORAMENTO_22\INSTRUMENTOS\Instrumentos_espectro_versão 3\CORDAS\VIOLONCELO\Orchidea_Vlc\Violoncello\ordinario\Orchidea_Vlc_ff\_Attacks\Vc-ord-D#4-ff-1c-T22u_Attacks.wav,.wav,ordinario,ordinario
orchidea,vlc,ordinario,ff,D#4,F:\DOUTORAMENTO_22\INSTRUMENTOS\Instrumentos_espectro_versão 3\CORDAS\VIOLONCELO\Orchidea_Vlc\Violoncello\ordinario\Orchidea_Vlc_ff\_Attacks\Vc-ord-D#4-ff-2c-T12u_Attacks.wav,.wav,ordinario,ordinario
orchidea,vlc,ordinario,ff,D#4,F:\DOUTORAMENTO_22\INSTRUMENTOS\Instrumentos_espectro_versão 3\CORDAS\VIOLONCELO\Orchidea_Vlc\Violoncello\ordinario\Orchidea_Vlc_ff\_Attacks\Vc-ord-D#4-ff-3c-N_Attacks.wav,.wav,ordinario,ordinario
orchidea,vlc,ordinario,ff,D#5,F:\DOUTORAMENTO_22\INSTRUMENTOS\Instrumentos_espectro_versão 3\CORDAS\VIOLONCELO\Orchidea_Vlc\Violoncello\ordinario\Orchidea_Vlc_ff\_Attacks\Vc-ord-D#5-ff-1c-N_Attacks.wav,.wav,ordinario,ordinario
orchidea,vlc,ordinario,ff,D2,F:\DOUTORAMENTO_22\INSTRUMENTOS\Instrumentos_espectro_versão 3\CORDAS\VIOLONCELO\Orchidea_Vlc\Violoncello\ordinario\Orchidea_Vlc_ff\_Attacks\Vc-ord-D2-ff-4c-N_Attacks.wav,.wav,ordinario,ordinario
orchidea,vlc,ordinario,ff,D3,F:\DOUTORAMENTO_22\INSTRUMENTOS\Instrumentos_espectro_versão 3\CORDAS\VIOLONCELO\Orchidea_Vlc\Violoncello\ordinario\Orchidea_Vlc_ff\_Attacks\Vc-ord-D3-ff-2c-N_Attacks.wav,.wav,ordinario,ordinario
orchidea,vlc,ordinario,ff,D3,F:\DOUTORAMENTO_22\INSTRUMENTOS\Instrumentos_espectro_versão 3\CORDAS\VIOLONCELO\Orchidea_Vlc\Violoncello\ordinario\Orchidea_Vlc_ff\_Attacks\Vc-ord-D3-ff-3c-N_Attacks.wav,.wav,ordinario,ordinario
orchidea,vlc,ordinario,ff,D3,F:\DOUTORAMENTO_22\INSTRUMENTOS\Instrumentos_espectro_versão 3\CORDAS\VIOLONCELO\Orchidea_Vlc\Violoncello\ordinario\Orchidea_Vlc_ff\_Attacks\Vc-ord-D3-ff-4c-T10d_Attacks.wav,.wav,ordinario,ordinario
orchidea,vlc,ordinario,ff,D4,F:\DOUTORAMENTO_22\INSTRUMENTOS\Instrumentos_espectro_versão 3\CORDAS\VIOLONCELO\Orchidea_Vlc\Violoncello\ordinario\Orchidea_Vlc_ff\_Attacks\Vc-ord-D4-ff-1c-N_Attacks.wav,.wav,ordinario,ordinario
orchidea,vlc,ordinario,ff,D4,F:\DOUTORAMENTO_22\INSTRUMENTOS\Instrumentos_espectro_versão 3\CORDAS\VIOLONCELO\Orchidea_Vlc\Violoncello\ordinario\Orchidea_Vlc_ff\_Attacks\Vc-ord-D4-ff-2c-N_Attacks.wav,.wav,ordinario,ordinario
orchidea,vlc,ordinario,ff,D4,F:\DOUTORAMENTO_22\INSTRUMENTOS\Instrumentos_espectro_versão 3\CORDAS\VIOLONCELO\Orchidea_Vlc\Violoncello\ordinario\Orchidea_Vlc_ff\_Attacks\Vc-ord-D4-ff-3c-N_Attacks.wav,.wav,ordinario,ordinario
orchidea,vlc,ordinario,ff,D5,F:\DOUTORAMENTO_22\INSTRUMENTOS\Instrumentos_espectro_versão 3\CORDAS\VIOLONCELO\Orchidea_Vlc\Violoncello\ordinario\Orchidea_Vlc_ff\_Attacks\Vc-ord-D5-ff-1c-N_Attacks.wav,.wav,ordinario,ordinario
orchidea,vlc,ordinario,ff,E2,F:\DOUTORAMENTO_22\INSTRUMENTOS\Instrumentos_espectro_versão 3\CORDAS\VIOLONCELO\Orchidea_Vlc\Violoncello\ordinario\Orchidea_Vlc_ff\_Attacks\Vc-ord-E2-ff-4c-N_Attacks.wav,.wav,ordinario,ordinario
orchidea,vlc,ordinario,ff,E3,F:\DOUTORAMENTO_22\INSTRUMENTOS\Instrumentos_espectro_versão 3\CORDAS\VIOLONCELO\Orchidea_Vlc\Violoncello\ordinario\Orchidea_Vlc_ff\_Attacks\Vc-ord-E3-ff-2c-N_Attacks.wav,.wav,ordinario,ordinario
orchidea,vlc,ordinario,ff,E3,F:\DOUTORAMENTO_22\INSTRUMENTOS\Instrumentos_espectro_versão 3\CORDAS\VIOLONCELO\Orchidea_Vlc\Violoncello\ordinario\Orchidea_Vlc_ff\_Attacks\Vc-ord-E3-ff-3c-T11d_Attacks.wav,.wav,ordinario,ordinario
orchidea,vlc,ordinario,ff,E3,F:\DOUTORAMENTO_22\INSTRUMENTOS\Instrumentos_espectro_versão 3\CORDAS\VIOLONCELO\Orchidea_Vlc\Violoncello\ordinario\Orchidea_Vlc_ff\_Attacks\Vc-ord-E3-ff-4c-N_Attacks.wav,.wav,ordinario,ordinario
orchidea,vlc,ordinario,ff,E4,F:\DOUTORAMENTO_22\INSTRUMENTOS\Instrumentos_espectro_versão 3\CORDAS\VIOLONCELO\Orchidea_Vlc\Violoncello\ordinario\Orchidea_Vlc_ff\_Attacks\Vc-ord-E4-ff-1c-N_Attacks.wav,.wav,ordinario,ordinario
orchidea,vlc,ordinario,ff,E4,F:\DOUTORAMENTO_22\INSTRUMENTOS\Instrumentos_espectro_versão 3\CORDAS\VIOLONCELO\Orchidea_Vlc\Violoncello\ordinario\Orchidea_Vlc_ff\_Attacks\Vc-ord-E4-ff-2c-N_Attacks.wav,.wav,ordinario,ordinario
orchidea,vlc,ordinario,ff,E4,F:\DOUTORAMENTO_22\INSTRUMENTOS\Instrumentos_espectro_versão 3\CORDAS\VIOLONCELO\Orchidea_Vlc\Violoncello\ordinario\Orchidea_Vlc_ff\_Attacks\Vc-ord-E4-ff-3c-T10u_Attacks.wav,.wav,ordinario,ordinario
orchidea,vlc,ordinario,ff,E5,F:\DOUTORAMENTO_22\INSTRUMENTOS\Instrumentos_espectro_versão 3\CORDAS\VIOLONCELO\Orchidea_Vlc\Violoncello\ordinario\Orchidea_Vlc_ff\_Attacks\Vc-ord-E5-ff-1c-N_Attacks.wav,.wav,ordinario,ordinario
orchidea,vlc,ordinario,ff,F#2,F:\DOUTORAMENTO_22\INSTRUMENTOS\Instrumentos_espectro_versão 3\CORDAS\VIOLONCELO\Orchidea_Vlc\Violoncello\ordinario\Orchidea_Vlc_ff\_Attacks\Vc-ord-F#2-ff-4c-N_Attacks.wav,.wav,ordinario,ordinario
orchidea,vlc,ordinario,ff,F#3,F:\DOUTORAMENTO_22\INSTRUMENTOS\Instrumentos_espectro_versão 3\CORDAS\VIOLONCELO\Orchidea_Vlc\Violoncello\ordinario\Orchidea_Vlc_ff\_Attacks\Vc-ord-F#3-ff-2c-N_Attacks.wav,.wav,ordinario,ordinario
orchidea,vlc,ordinario,ff,F#3,F:\DOUTORAMENTO_22\INSTRUMENTOS\Instrumentos_espectro_versão 3\CORDAS\VIOLONCELO\Orchidea_Vlc\Violoncello\ordinario\Orchidea_Vlc_ff\_Attacks\Vc-ord-F#3-ff-3c-N_Attacks.wav,.wav,ordinario,ordinario
orchidea,vlc,ordinario,ff,F#3,F:\DOUTORAMENTO_22\INSTRUMENTOS\Instrumentos_espectro_versão 3\CORDAS\VIOLONCELO\Orchidea_Vlc\Violoncello\ordinario\Orchidea_Vlc_ff\_Attacks\Vc-ord-F#3-ff-4c-T14u_Attacks.wav,.wav,ordinario,ordinario
orchidea,vlc,ordinario,ff,F#4,F:\DOUTORAMENTO_22\INSTRUMENTOS\Instrumentos_espectro_versão 3\CORDAS\VIOLONCELO\Orchidea_Vlc\Violoncello\ordinario\Orchidea_Vlc_ff\_Attacks\Vc-ord-F#4-ff-1c-N_Attacks.wav,.wav,ordinario,ordinario
orchidea,vlc,ordinario,ff,F#4,F:\DOUTORAMENTO_22\INSTRUMENTOS\Instrumentos_espectro_versão 3\CORDAS\VIOLONCELO\Orchidea_Vlc\Violoncello\ordinario\Orchidea_Vlc_ff\_Attacks\Vc-ord-F#4-ff-2c-N_Attacks.wav,.wav,ordinario,ordinario
orchidea,vlc,ordinario,ff,F#5,F:\DOUTORAMENTO_22\INSTRUMENTOS\Instrumentos_espectro_versão 3\CORDAS\VIOLONCELO\Orchidea_Vlc\Violoncello\ordinario\Orchidea_Vlc_ff\_Attacks\Vc-ord-F#5-ff-1c-T33u_Attacks.wav,.wav,ordinario,ordinario
orchidea,vlc,ordinario,ff,F2,F:\DOUTORAMENTO_22\INSTRUMENTOS\Instrumentos_espectro_versão 3\CORDAS\VIOLONCELO\Orchidea_Vlc\Violoncello\ordinario\Orchidea_Vlc_ff\_Attacks\Vc-ord-F2-ff-4c-T17u_Attacks.wav,.wav,ordinario,ordinario
orchidea,vlc,ordinario,ff,F3,F:\DOUTORAMENTO_22\INSTRUMENTOS\Instrumentos_espectro_versão 3\CORDAS\VIOLONCELO\Orchidea_Vlc\Violoncello\ordinario\Orchidea_Vlc_ff\_Attacks\Vc-ord-F3-ff-2c-T17d_Attacks.wav,.wav,ordinario,ordinario
orchidea,vlc,ordinario,ff,F3,F:\DOUTORAMENTO_22\INSTRUMENTOS\Instrumentos_espectro_versão 3\CORDAS\VIOLONCELO\Orchidea_Vlc\Violoncello\ordinario\Orchidea_Vlc_ff\_Attacks\Vc-ord-F3-ff-3c-T17d_Attacks.wav,.wav,ordinario,ordinario
orchidea,vlc,ordinario,ff,F3,F:\DOUTORAMENTO_22\INSTRUMENTOS\Instrumentos_espectro_versão 3\CORDAS\VIOLONCELO\Orchidea_Vlc\Violoncello\ordinario\Orchidea_Vlc_ff\_Attacks\Vc-ord-F3-ff-4c-T14u_Attacks.wav,.wav,ordinario,ordinario
orchidea,vlc,ordinario,ff,F4,F:\DOUTORAMENTO_22\INSTRUMENTOS\Instrumentos_espectro_versão 3\CORDAS\VIOLONCELO\Orchidea_Vlc\Violoncello\ordinario\Orchidea_Vlc_ff\_Attacks\Vc-ord-F4-ff-1c-N_Attacks.wav,.wav,ordinario,ordinario
orchidea,vlc,ordinario,ff,F4,F:\DOUTORAMENTO_22\INSTRUMENTOS\Instrumentos_espectro_versão 3\CORDAS\VIOLONCELO\Orchidea_Vlc\Violoncello\ordinario\Orchidea_Vlc_ff\_Attacks\Vc-ord-F4-ff-2c-N_Attacks.wav,.wav,ordinario,ordinario
orchidea,vlc,ordinario,ff,F4,F:\DOUTORAMENTO_22\INSTRUMENTOS\Instrumentos_espectro_versão 3\CORDAS\VIOLONCELO\Orchidea_Vlc\Violoncello\ordinario\Orchidea_Vlc_ff\_Attacks\Vc-ord-F4-ff-3c-T14u_Attacks.wav,.wav,ordinario,ordinario
orchidea,vlc,ordinario,ff,F5,F:\DOUTORAMENTO_22\INSTRUMENTOS\Instrumentos_espectro_versão 3\CORDAS\VIOLONCELO\Orchidea_Vlc\Violoncello\ordinario\Orchidea_Vlc_ff\_Attacks\Vc-ord-F5-ff-1c-N_Attacks.wav,.wav,ordinario,ordinario
orchidea,vlc,ordinario,ff,G#2,F:\DOUTORAMENTO_22\INSTRUMENTOS\Instrumentos_espectro_versão 3\CORDAS\VIOLONCELO\Orchidea_Vlc\Violoncello\ordinario\Orchidea_Vlc_ff\_Attacks\Vc-ord-G#2-ff-3c-T10d_Attacks.wav,.wav,ordinario,ordinario
orchidea,vlc,ordinario,ff,G#2,F:\DOUTORAMENTO_22\INSTRUMENTOS\Instrumentos_espectro_versão 3\CORDAS\VIOLONCELO\Orchidea_Vlc\Violoncello\ordinario\Orchidea_Vlc_ff\_Attacks\Vc-ord-G#2-ff-4c-T12u_Attacks.wav,.wav,ordinario,ordinario
orchidea,vlc,ordinario,ff,G#3,F:\DOUTORAMENTO_22\INSTRUMENTOS\Instrumentos_espectro_versão 3\CORDAS\VIOLONCELO\Orchidea_Vlc\Violoncello\ordinario\Orchidea_Vlc_ff\_Attacks\Vc-ord-G#3-ff-2c-N_Attacks.wav,.wav,ordinario,ordinario
orchidea,vlc,ordinario,ff,G#3,F:\DOUTORAMENTO_22\INSTRUMENTOS\Instrumentos_espectro_versão 3\CORDAS\VIOLONCELO\Orchidea_Vlc\Violoncello\ordinario\Orchidea_Vlc_ff\_Attacks\Vc-ord-G#3-ff-3c-N_Attacks.wav,.wav,ordinario,ordinario
orchidea,vlc,ordinario,ff,G#3,F:\DOUTORAMENTO_22\INSTRUMENTOS\Instrumentos_espectro_versão 3\CORDAS\VIOLONCELO\Orchidea_Vlc\Violoncello\ordinario\Orchidea_Vlc_ff\_Attacks\Vc-ord-G#3-ff-4c-T15u_Attacks.wav,.wav,ordinario,ordinario
orchidea,vlc,ordinario,ff,G#4,F:\DOUTORAMENTO_22\INSTRUMENTOS\Instrumentos_espectro_versão 3\CORDAS\VIOLONCELO\Orchidea_Vlc\Violoncello\ordinario\Orchidea_Vlc_ff\_Attacks\Vc-ord-G#4-ff-1c-T18u_Attacks.wav,.wav,ordinario,ordinario
orchidea,vlc,ordinario,ff,G#4,F:\DOUTORAMENTO_22\INSTRUMENTOS\Instrumentos_espectro_versão 3\CORDAS\VIOLONCELO\Orchidea_Vlc\Violoncello\ordinario\Orchidea_Vlc_ff\_Attacks\Vc-ord-G#4-ff-2c-N_Attacks.wav,.wav,ordinario,ordinario
orchidea,vlc,ordinario,ff,G#5,F:\DOUTORAMENTO_22\INSTRUMENTOS\Instrumentos_espectro_versão 3\CORDAS\VIOLONCELO\Orchidea_Vlc\Violoncello\ordinario\Orchidea_Vlc_ff\_Attacks\Vc-ord-G#5-ff-1c-T10u_Attacks.wav,.wav,ordinario,ordinario
orchidea,vlc,ordinario,ff,G2,F:\DOUTORAMENTO_22\INSTRUMENTOS\Instrumentos_espectro_versão 3\CORDAS\VIOLONCELO\Orchidea_Vlc\Violoncello\ordinario\Orchidea_Vlc_ff\_Attacks\Vc-ord-G2-ff-3c-N_Attacks.wav,.wav,ordinario,ordinario
orchidea,vlc,ordinario,ff,G2,F:\DOUTORAMENTO_22\INSTRUMENTOS\Instrumentos_espectro_versão 3\CORDAS\VIOLONCELO\Orchidea_Vlc\Violoncello\ordinario\Orchidea_Vlc_ff\_Attacks\Vc-ord-G2-ff-4c-N_Attacks.wav,.wav,ordinario,ordinario
orchidea,vlc,ordinario,ff,G3,F:\DOUTORAMENTO_22\INSTRUMENTOS\Instrumentos_espectro_versão 3\CORDAS\VIOLONCELO\Orchidea_Vlc\Violoncello\ordinario\Orchidea_Vlc_ff\_Attacks\Vc-ord-G3-ff-2c-N_Attacks.wav,.wav,ordinario,ordinario
orchidea,vlc,ordinario,ff,G3,F:\DOUTORAMENTO_22\INSTRUMENTOS\Instrumentos_espectro_versão 3\CORDAS\VIOLONCELO\Orchidea_Vlc\Violoncello\ordinario\Orchidea_Vlc_ff\_Attacks\Vc-ord-G3-ff-3c-N_Attacks.wav,.wav,ordinario,ordinario
orchidea,vlc,ordinario,ff,G3,F:\DOUTORAMENTO_22\INSTRUMENTOS\Instrumentos_espectro_versão 3\CORDAS\VIOLONCELO\Orchidea_Vlc\Violoncello\ordinario\Orchidea_Vlc_ff\_Attacks\Vc-ord-G3-ff-4c-N_Attacks.wav,.wav,ordinario,ordinario
orchidea,vlc,ordinario,ff,G4,F:\DOUTORAMENTO_22\INSTRUMENTOS\Instrumentos_espectro_versão 3\CORDAS\VIOLONCELO\Orchidea_Vlc\Violoncello\ordinario\Orchidea_Vlc_ff\_Attacks\Vc-ord-G4-ff-1c-N_Attacks.wav,.wav,ordinario,ordinario
orchidea,vlc,ordinario,ff,G4,F:\DOUTORAMENTO_22\INSTRUMENTOS\Instrumentos_espectro_versão 3\CORDAS\VIOLONCELO\Orchidea_Vlc\Violoncello\ordinario\Orchidea_Vlc_ff\_Attacks\Vc-ord-G4-ff-2c-N_Attacks.wav,.wav,ordinario,ordinario
orchidea,vlc,ordinario,ff,G5,F:\DOUTORAMENTO_22\INSTRUMENTOS\Instrumentos_espectro_versão 3\CORDAS\VIOLONCELO\Orchidea_Vlc\Violoncello\ordinario\Orchidea_Vlc_ff\_Attacks\Vc-ord-G5-ff-1c-N_Attacks.wav,.wav,ordinario,ordinario
orchidea,vlc,ordinario,ff,A#2,F:\DOUTORAMENTO_22\INSTRUMENTOS\Instrumentos_espectro_versão 3\CORDAS\VIOLONCELO\Orchidea_Vlc\Violoncello\ordinario\Orchidea_Vlc_ff\_Decays\Vc-ord-A#2-ff-3c-N_Decays.wav,.wav,ordinario,ordinario
orchidea,vlc,ordinario,ff,A#2,F:\DOUTORAMENTO_22\INSTRUMENTOS\Instrumentos_espectro_versão 3\CORDAS\VIOLONCELO\Orchidea_Vlc\Violoncello\ordinario\Orchidea_Vlc_ff\_Decays\Vc-ord-A#2-ff-4c-N_Decays.wav,.wav,ordinario,ordinario
orchidea,vlc,ordinario,ff,A#3,F:\DOUTORAMENTO_22\INSTRUMENTOS\Instrumentos_espectro_versão 3\CORDAS\VIOLONCELO\Orchidea_Vlc\Violoncello\ordinario\Orchidea_Vlc_ff\_Decays\Vc-ord-A#3-ff-1c-N_Decays.wav,.wav,ordinario,ordinario
orchidea,vlc,ordinario,ff,A#3,F:\DOUTORAMENTO_22\INSTRUMENTOS\Instrumentos_espectro_versão 3\CORDAS\VIOLONCELO\Orchidea_Vlc\Violoncello\ordinario\Orchidea_Vlc_ff\_Decays\Vc-ord-A#3-ff-2c-T12u_Decays.wav,.wav,ordinario,ordinario
orchidea,vlc,ordinario,ff,A#3,F:\DOUTORAMENTO_22\INSTRUMENTOS\Instrumentos_espectro_versão 3\CORDAS\VIOLONCELO\Orchidea_Vlc\Violoncello\ordinario\Orchidea_Vlc_ff\_Decays\Vc-ord-A#3-ff-3c-N_Decays.wav,.wav,ordinario,ordinario
orchidea,vlc,ordinario,ff,A#3,F:\DOUTORAMENTO_22\INSTRUMENTOS\Instrumentos_espectro_versão 3\CORDAS\VIOLONCELO\Orchidea_Vlc\Violoncello\ordinario\Orchidea_Vlc_ff\_Decays\Vc-ord-A#3-ff-4c-N_Decays.wav,.wav,ordinario,ordinario
orchidea,vlc,ordinario,ff,A#4,F:\DOUTORAMENTO_22\INSTRUMENTOS\Instrumentos_espectro_versão 3\CORDAS\VIOLONCELO\Orchidea_Vlc\Violoncello\ordinario\Orchidea_Vlc_ff\_Decays\Vc-ord-A#4-ff-1c-N_Decays.wav,.wav,ordinario,ordinario
orchidea,vlc,ordinario,ff,A#4,F:\DOUTORAMENTO_22\INSTRUMENTOS\Instrumentos_espectro_versão 3\CORDAS\VIOLONCELO\Orchidea_Vlc\Violoncello\ordinario\Orchidea_Vlc_ff\_Decays\Vc-ord-A#4-ff-2c-N_Decays.wav,.wav,ordinario,ordinario
orchidea,vlc,ordinario,ff,A#5,F:\DOUTORAMENTO_22\INSTRUMENTOS\Instrumentos_espectro_versão 3\CORDAS\VIOLONCELO\Orchidea_Vlc\Violoncello\ordinario\Orchidea_Vlc_ff\_Decays\Vc-ord-A#5-ff-1c-N_Decays.wav,.wav,ordinario,ordinario
orchidea,vlc,ordinario,ff,A2,F:\DOUTORAMENTO_22\INSTRUMENTOS\Instrumentos_espectro_versão 3\CORDAS\VIOLONCELO\Orchidea_Vlc\Violoncello\ordinario\Orchidea_Vlc_ff\_Decays\Vc-ord-A2-ff-3c-T19d_Decays.wav,.wav,ordinario,ordinario
orchidea,vlc,ordinario,ff,A2,F:\DOUTORAMENTO_22\INSTRUMENTOS\Instrumentos_espectro_versão 3\CORDAS\VIOLONCELO\Orchidea_Vlc\Violoncello\ordinario\Orchidea_Vlc_ff\_Decays\Vc-ord-A2-ff-4c-N_Decays.wav,.wav,ordinario,ordinario
orchidea,vlc,ordinario,ff,A3,F:\DOUTORAMENTO_22\INSTRUMENTOS\Instrumentos_espectro_versão 3\CORDAS\VIOLONCELO\Orchidea_Vlc\Violoncello\ordinario\Orchidea_Vlc_ff\_Decays\Vc-ord-A3-ff-1c-N_Decays.wav,.wav,ordinario,ordinario
orchidea,vlc,ordinario,ff,A3,F:\DOUTORAMENTO_22\INSTRUMENTOS\Instrumentos_espectro_versão 3\CORDAS\VIOLONCELO\Orchidea_Vlc\Violoncello\ordinario\Orchidea_Vlc_ff\_Decays\Vc-ord-A3-ff-2c-N_Decays.wav,.wav,ordinario,ordinario
orchidea,vlc,ordinario,ff,A3,F:\DOUTORAMENTO_22\INSTRUMENTOS\Instrumentos_espectro_versão 3\CORDAS\VIOLONCELO\Orchidea_Vlc\Violoncello\ordinario\Orchidea_Vlc_ff\_Decays\Vc-ord-A3-ff-3c-T21d_Decays.wav,.wav,ordinario,ordinario
orchidea,vlc,ordinario,ff,A3,F:\DOUTORAMENTO_22\INSTRUMENTOS\Instrumentos_espectro_versão 3\CORDAS\VIOLONCELO\Orchidea_Vlc\Violoncello\ordinario\Orchidea_Vlc_ff\_Decays\Vc-ord-A3-ff-4c-N_Decays.wav,.wav,ordinario,ordinario
orchidea,vlc,ordinario,ff,A4,F:\DOUTORAMENTO_22\INSTRUMENTOS\Instrumentos_espectro_versão 3\CORDAS\VIOLONCELO\Orchidea_Vlc\Violoncello\ordinario\Orchidea_Vlc_ff\_Decays\Vc-ord-A4-ff-1c-N_Decays.wav,.wav,ordinario,ordinario
orchidea,vlc,ordinario,ff,A4,F:\DOUTORAMENTO_22\INSTRUMENTOS\Instrumentos_espectro_versão 3\CORDAS\VIOLONCELO\Orchidea_Vlc\Violoncello\ordinario\Orchidea_Vlc_ff\_Decays\Vc-ord-A4-ff-2c-N_Decays.wav,.wav,ordinario,ordinario
orchidea,vlc,ordinario,ff,A5,F:\DOUTORAMENTO_22\INSTRUMENTOS\Instrumentos_espectro_versão 3\CORDAS\VIOLONCELO\Orchidea_Vlc\Violoncello\ordinario\Orchidea_Vlc_ff\_Decays\Vc-ord-A5-ff-1c-T13d_Decays.wav,.wav,ordinario,ordinario
orchidea,vlc,ordinario,ff,B2,F:\DOUTORAMENTO_22\INSTRUMENTOS\Instrumentos_espectro_versão 3\CORDAS\VIOLONCELO\Orchidea_Vlc\Violoncello\ordinario\Orchidea_Vlc_ff\_Decays\Vc-ord-B2-ff-3c-N_Decays.wav,.wav,ordinario,ordinario
orchidea,vlc,ordinario,ff,B2,F:\DOUTORAMENTO_22\INSTRUMENTOS\Instrumentos_espectro_versão 3\CORDAS\VIOLONCELO\Orchidea_Vlc\Violoncello\ordinario\Orchidea_Vlc_ff\_Decays\Vc-ord-B2-ff-4c-T11u_Decays.wav,.wav,ordinario,ordinario
orchidea,vlc,ordinario,ff,B3,F:\DOUTORAMENTO_22\INSTRUMENTOS\Instrumentos_espectro_versão 3\CORDAS\VIOLONCELO\Orchidea_Vlc\Violoncello\ordinario\Orchidea_Vlc_ff\_Decays\Vc-ord-B3-ff-1c-T11u_Decays.wav,.wav,ordinario,ordinario
orchidea,vlc,ordinario,ff,B3,F:\DOUTORAMENTO_22\INSTRUMENTOS\Instrumentos_espectro_versão 3\CORDAS\VIOLONCELO\Orchidea_Vlc\Violoncello\ordinario\Orchidea_Vlc_ff\_Decays\Vc-ord-B3-ff-2c-N_Decays.wav,.wav,ordinario,ordinario
orchidea,vlc,ordinario,ff,B3,F:\DOUTORAMENTO_22\INSTRUMENTOS\Instrumentos_espectro_versão 3\CORDAS\VIOLONCELO\Orchidea_Vlc\Violoncello\ordinario\Orchidea_Vlc_ff\_Decays\Vc-ord-B3-ff-3c-T11u_Decays.wav,.wav,ordinario,ordinario
orchidea,vlc,ordinario,ff,B4,F:\DOUTORAMENTO_22\INSTRUMENTOS\Instrumentos_espectro_versão 3\CORDAS\VIOLONCELO\Orchidea_Vlc\Violoncello\ordinario\Orchidea_Vlc_ff\_Decays\Vc-ord-B4-ff-1c-N_Decays.wav,.wav,ordinario,ordinario
orchidea,vlc,ordinario,ff,B4,F:\DOUTORAMENTO_22\INSTRUMENTOS\Instrumentos_espectro_versão 3\CORDAS\VIOLONCELO\Orchidea_Vlc\Violoncello\ordinario\Orchidea_Vlc_ff\_Decays\Vc-ord-B4-ff-2c-N_Decays.wav,.wav,ordinario,ordinario
orchidea,vlc,ordinario,ff,B5,F:\DOUTORAMENTO_22\INSTRUMENTOS\Instrumentos_espectro_versão 3\CORDAS\VIOLONCELO\Orchidea_Vlc\Violoncello\ordinario\Orchidea_Vlc_ff\_Decays\Vc-ord-B5-ff-1c-N_Decays.wav,.wav,ordinario,ordinario
orchidea,vlc,ordinario,ff,C#2,F:\DOUTORAMENTO_22\INSTRUMENTOS\Instrumentos_espectro_versão 3\CORDAS\VIOLONCELO\Orchidea_Vlc\Violoncello\ordinario\Orchidea_Vlc_ff\_Decays\Vc-ord-C#2-ff-4c-N_Decays.wav,.wav,ordinario,ordinario
orchidea,vlc,ordinario,ff,C#3,F:\DOUTORAMENTO_22\INSTRUMENTOS\Instrumentos_espectro_versão 3\CORDAS\VIOLONCELO\Orchidea_Vlc\Violoncello\ordinario\Orchidea_Vlc_ff\_Decays\Vc-ord-C#3-ff-3c-N_Decays.wav,.wav,ordinario,ordinario
orchidea,vlc,ordinario,ff,C#3,F:\DOUTORAMENTO_22\INSTRUMENTOS\Instrumentos_espectro_versão 3\CORDAS\VIOLONCELO\Orchidea_Vlc\Violoncello\ordinario\Orchidea_Vlc_ff\_Decays\Vc-ord-C#3-ff-4c-N_Decays.wav,.wav,ordinario,ordinario
orchidea,vlc,ordinario,ff,C#4,F:\DOUTORAMENTO_22\INSTRUMENTOS\Instrumentos_espectro_versão 3\CORDAS\VIOLONCELO\Orchidea_Vlc\Violoncello\ordinario\Orchidea_Vlc_ff\_Decays\Vc-ord-C#4-ff-1c-N_Decays.wav,.wav,ordinario,ordinario
orchidea,vlc,ordinario,ff,C#4,F:\DOUTORAMENTO_22\INSTRUMENTOS\Instrumentos_espectro_versão 3\CORDAS\VIOLONCELO\Orchidea_Vlc\Violoncello\ordinario\Orchidea_Vlc_ff\_Decays\Vc-ord-C#4-ff-2c-N_Decays.wav,.wav,ordinario,ordinario
orchidea,vlc,ordinario,ff,C#4,F:\DOUTORAMENTO_22\INSTRUMENTOS\Instrumentos_espectro_versão 3\CORDAS\VIOLONCELO\Orchidea_Vlc\Violoncello\ordinario\Orchidea_Vlc_ff\_Decays\Vc-ord-C#4-ff-3c-N_Decays.wav,.wav,ordinario,ordinario
orchidea,vlc,ordinario,ff,C#5,F:\DOUTORAMENTO_22\INSTRUMENTOS\Instrumentos_espectro_versão 3\CORDAS\VIOLONCELO\Orchidea_Vlc\Violoncello\ordinario\Orchidea_Vlc_ff\_Decays\Vc-ord-C#5-ff-1c-N_Decays.wav,.wav,ordinario,ordinario
orchidea,vlc,ordinario,ff,C2,F:\DOUTORAMENTO_22\INSTRUMENTOS\Instrumentos_espectro_versão 3\CORDAS\VIOLONCELO\Orchidea_Vlc\Violoncello\ordinario\Orchidea_Vlc_ff\_Decays\Vc-ord-C2-ff-4c-N_Decays.wav,.wav,ordinario,ordinario
orchidea,vlc,ordinario,ff,C3,F:\DOUTORAMENTO_22\INSTRUMENTOS\Instrumentos_espectro_versão 3\CORDAS\VIOLONCELO\Orchidea_Vlc\Violoncello\ordinario\Orchidea_Vlc_ff\_Decays\Vc-ord-C3-ff-3c-N_Decays.wav,.wav,ordinario,ordinario
orchidea,vlc,ordinario,ff,C3,F:\DOUTORAMENTO_22\INSTRUMENTOS\Instrumentos_espectro_versão 3\CORDAS\VIOLONCELO\Orchidea_Vlc\Violoncello\ordinario\Orchidea_Vlc_ff\_Decays\Vc-ord-C3-ff-4c-N_Decays.wav,.wav,ordinario,ordinario
orchidea,vlc,ordinario,ff,C4,F:\DOUTORAMENTO_22\INSTRUMENTOS\Instrumentos_espectro_versão 3\CORDAS\VIOLONCELO\Orchidea_Vlc\Violoncello\ordinario\Orchidea_Vlc_ff\_Decays\Vc-ord-C4-ff-1c-N_Decays.wav,.wav,ordinario,ordinario
orchidea,vlc,ordinario,ff,C4,F:\DOUTORAMENTO_22\INSTRUMENTOS\Instrumentos_espectro_versão 3\CORDAS\VIOLONCELO\Orchidea_Vlc\Violoncello\ordinario\Orchidea_Vlc_ff\_Decays\Vc-ord-C4-ff-2c-N_Decays.wav,.wav,ordinario,ordinario
orchidea,vlc,ordinario,ff,C4,F:\DOUTORAMENTO_22\INSTRUMENTOS\Instrumentos_espectro_versão 3\CORDAS\VIOLONCELO\Orchidea_Vlc\Violoncello\ordinario\Orchidea_Vlc_ff\_Decays\Vc-ord-C4-ff-3c-N_Decays.wav,.wav,ordinario,ordinario
orchidea,vlc,ordinario,ff,C5,F:\DOUTORAMENTO_22\INSTRUMENTOS\Instrumentos_espectro_versão 3\CORDAS\VIOLONCELO\Orchidea_Vlc\Violoncello\ordinario\Orchidea_Vlc_ff\_Decays\Vc-ord-C5-ff-1c-T16u_Decays.wav,.wav,ordinario,ordinario
orchidea,vlc,ordinario,ff,C5,F:\DOUTORAMENTO_22\INSTRUMENTOS\Instrumentos_espectro_versão 3\CORDAS\VIOLONCELO\Orchidea_Vlc\Violoncello\ordinario\Orchidea_Vlc_ff\_Decays\Vc-ord-C5-ff-2c-N_Decays.wav,.wav,ordinario,ordinario
orchidea,vlc,ordinario,ff,C6,F:\DOUTORAMENTO_22\INSTRUMENTOS\Instrumentos_espectro_versão 3\CORDAS\VIOLONCELO\Orchidea_Vlc\Violoncello\ordinario\Orchidea_Vlc_ff\_Decays\Vc-ord-C6-ff-1c-N_Decays.wav,.wav,ordinario,ordinario
orchidea,vlc,ordinario,ff,D#2,F:\DOUTORAMENTO_22\INSTRUMENTOS\Instrumentos_espectro_versão 3\CORDAS\VIOLONCELO\Orchidea_Vlc\Violoncello\ordinario\Orchidea_Vlc_ff\_Decays\Vc-ord-D#2-ff-4c-N_Decays.wav,.wav,ordinario,ordinario
orchidea,vlc,ordinario,ff,D#3,F:\DOUTORAMENTO_22\INSTRUMENTOS\Instrumentos_espectro_versão 3\CORDAS\VIOLONCELO\Orchidea_Vlc\Violoncello\ordinario\Orchidea_Vlc_ff\_Decays\Vc-ord-D#3-ff-2c-T16d_Decays.wav,.wav,ordinario,ordinario
orchidea,vlc,ordinario,ff,D#3,F:\DOUTORAMENTO_22\INSTRUMENTOS\Instrumentos_espectro_versão 3\CORDAS\VIOLONCELO\Orchidea_Vlc\Violoncello\ordinario\Orchidea_Vlc_ff\_Decays\Vc-ord-D#3-ff-3c-T12u_Decays.wav,.wav,ordinario,ordinario
orchidea,vlc,ordinario,ff,D#3,F:\DOUTORAMENTO_22\INSTRUMENTOS\Instrumentos_espectro_versão 3\CORDAS\VIOLONCELO\Orchidea_Vlc\Violoncello\ordinario\Orchidea_Vlc_ff\_Decays\Vc-ord-D#3-ff-4c-T16u_Decays.wav,.wav,ordinario,ordinario
orchidea,vlc,ordinario,ff,D#4,F:\DOUTORAMENTO_22\INSTRUMENTOS\Instrumentos_espectro_versão 3\CORDAS\VIOLONCELO\Orchidea_Vlc\Violoncello\ordinario\Orchidea_Vlc_ff\_Decays\Vc-ord-D#4-ff-1c-T22u_Decays.wav,.wav,ordinario,ordinario
orchidea,vlc,ordinario,ff,D#4,F:\DOUTORAMENTO_22\INSTRUMENTOS\Instrumentos_espectro_versão 3\CORDAS\VIOLONCELO\Orchidea_Vlc\Violoncello\ordinario\Orchidea_Vlc_ff\_Decays\Vc-ord-D#4-ff-2c-T12u_Decays.wav,.wav,ordinario,ordinario
orchidea,vlc,ordinario,ff,D#4,F:\DOUTORAMENTO_22\INSTRUMENTOS\Instrumentos_espectro_versão 3\CORDAS\VIOLONCELO\Orchidea_Vlc\Violoncello\ordinario\Orchidea_Vlc_ff\_Decays\Vc-ord-D#4-ff-3c-N_Decays.wav,.wav,ordinario,ordinario
orchidea,vlc,ordinario,ff,D#5,F:\DOUTORAMENTO_22\INSTRUMENTOS\Instrumentos_espectro_versão 3\CORDAS\VIOLONCELO\Orchidea_Vlc\Violoncello\ordinario\Orchidea_Vlc_ff\_Decays\Vc-ord-D#5-ff-1c-N_Decays.wav,.wav,ordinario,ordinario
orchidea,vlc,ordinario,ff,D2,F:\DOUTORAMENTO_22\INSTRUMENTOS\Instrumentos_espectro_versão 3\CORDAS\VIOLONCELO\Orchidea_Vlc\Violoncello\ordinario\Orchidea_Vlc_ff\_Decays\Vc-ord-D2-ff-4c-N_Decays.wav,.wav,ordinario,ordinario
orchidea,vlc,ordinario,ff,D3,F:\DOUTORAMENTO_22\INSTRUMENTOS\Instrumentos_espectro_versão 3\CORDAS\VIOLONCELO\Orchidea_Vlc\Violoncello\ordinario\Orchidea_Vlc_ff\_Decays\Vc-ord-D3-ff-2c-N_Decays.wav,.wav,ordinario,ordinario
orchidea,vlc,ordinario,ff,D3,F:\DOUTORAMENTO_22\INSTRUMENTOS\Instrumentos_espectro_versão 3\CORDAS\VIOLONCELO\Orchidea_Vlc\Violoncello\ordinario\Orchidea_Vlc_ff\_Decays\Vc-ord-D3-ff-3c-N_Decays.wav,.wav,ordinario,ordinario
orchidea,vlc,ordinario,ff,D3,F:\DOUTORAMENTO_22\INSTRUMENTOS\Instrumentos_espectro_versão 3\CORDAS\VIOLONCELO\Orchidea_Vlc\Violoncello\ordinario\Orchidea_Vlc_ff\_Decays\Vc-ord-D3-ff-4c-T10d_Decays.wav,.wav,ordinario,ordinario
orchidea,vlc,ordinario,ff,D4,F:\DOUTORAMENTO_22\INSTRUMENTOS\Instrumentos_espectro_versão 3\CORDAS\VIOLONCELO\Orchidea_Vlc\Violoncello\ordinario\Orchidea_Vlc_ff\_Decays\Vc-ord-D4-ff-1c-N_Decays.wav,.wav,ordinario,ordinario
orchidea,vlc,ordinario,ff,D4,F:\DOUTORAMENTO_22\INSTRUMENTOS\Instrumentos_espectro_versão 3\CORDAS\VIOLONCELO\Orchidea_Vlc\Violoncello\ordinario\Orchidea_Vlc_ff\_Decays\Vc-ord-D4-ff-2c-N_Decays.wav,.wav,ordinario,ordinario
orchidea,vlc,ordinario,ff,D4,F:\DOUTORAMENTO_22\INSTRUMENTOS\Instrumentos_espectro_versão 3\CORDAS\VIOLONCELO\Orchidea_Vlc\Violoncello\ordinario\Orchidea_Vlc_ff\_Decays\Vc-ord-D4-ff-3c-N_Decays.wav,.wav,ordinario,ordinario
orchidea,vlc,ordinario,ff,D5,F:\DOUTORAMENTO_22\INSTRUMENTOS\Instrumentos_espectro_versão 3\CORDAS\VIOLONCELO\Orchidea_Vlc\Violoncello\ordinario\Orchidea_Vlc_ff\_Decays\Vc-ord-D5-ff-1c-N_Decays.wav,.wav,ordinario,ordinario
orchidea,vlc,ordinario,ff,E2,F:\DOUTORAMENTO_22\INSTRUMENTOS\Instrumentos_espectro_versão 3\CORDAS\VIOLONCELO\Orchidea_Vlc\Violoncello\ordinario\Orchidea_Vlc_ff\_Decays\Vc-ord-E2-ff-4c-N_Decays.wav,.wav,ordinario,ordinario
orchidea,vlc,ordinario,ff,E3,F:\DOUTORAMENTO_22\INSTRUMENTOS\Instrumentos_espectro_versão 3\CORDAS\VIOLONCELO\Orchidea_Vlc\Violoncello\ordinario\Orchidea_Vlc_ff\_Decays\Vc-ord-E3-ff-2c-N_Decays.wav,.wav,ordinario,ordinario
orchidea,vlc,ordinario,ff,E3,F:\DOUTORAMENTO_22\INSTRUMENTOS\Instrumentos_espectro_versão 3\CORDAS\VIOLONCELO\Orchidea_Vlc\Violoncello\ordinario\Orchidea_Vlc_ff\_Decays\Vc-ord-E3-ff-3c-T11d_Decays.wav,.wav,ordinario,ordinario
orchidea,vlc,ordinario,ff,E3,F:\DOUTORAMENTO_22\INSTRUMENTOS\Instrumentos_espectro_versão 3\CORDAS\VIOLONCELO\Orchidea_Vlc\Violoncello\ordinario\Orchidea_Vlc_ff\_Decays\Vc-ord-E3-ff-4c-N_Decays.wav,.wav,ordinario,ordinario
orchidea,vlc,ordinario,ff,E4,F:\DOUTORAMENTO_22\INSTRUMENTOS\Instrumentos_espectro_versão 3\CORDAS\VIOLONCELO\Orchidea_Vlc\Violoncello\ordinario\Orchidea_Vlc_ff\_Decays\Vc-ord-E4-ff-1c-N_Decays.wav,.wav,ordinario,ordinario
orchidea,vlc,ordinario,ff,E4,F:\DOUTORAMENTO_22\INSTRUMENTOS\Instrumentos_espectro_versão 3\CORDAS\VIOLONCELO\Orchidea_Vlc\Violoncello\ordinario\Orchidea_Vlc_ff\_Decays\Vc-ord-E4-ff-2c-N_Decays.wav,.wav,ordinario,ordinario
orchidea,vlc,ordinario,ff,E4,F:\DOUTORAMENTO_22\INSTRUMENTOS\Instrumentos_espectro_versão 3\CORDAS\VIOLONCELO\Orchidea_Vlc\Violoncello\ordinario\Orchidea_Vlc_ff\_Decays\Vc-ord-E4-ff-3c-T10u_Decays.wav,.wav,ordinario,ordinario
orchidea,vlc,ordinario,ff,E5,F:\DOUTORAMENTO_22\INSTRUMENTOS\Instrumentos_espectro_versão 3\CORDAS\VIOLONCELO\Orchidea_Vlc\Violoncello\ordinario\Orchidea_Vlc_ff\_Decays\Vc-ord-E5-ff-1c-N_Decays.wav,.wav,ordinario,ordinario
orchidea,vlc,ordinario,ff,F#2,F:\DOUTORAMENTO_22\INSTRUMENTOS\Instrumentos_espectro_versão 3\CORDAS\VIOLONCELO\Orchidea_Vlc\Violoncello\ordinario\Orchidea_Vlc_ff\_Decays\Vc-ord-F#2-ff-4c-N_Decays.wav,.wav,ordinario,ordinario
orchidea,vlc,ordinario,ff,F#3,F:\DOUTORAMENTO_22\INSTRUMENTOS\Instrumentos_espectro_versão 3\CORDAS\VIOLONCELO\Orchidea_Vlc\Violoncello\ordinario\Orchidea_Vlc_ff\_Decays\Vc-ord-F#3-ff-2c-N_Decays.wav,.wav,ordinario,ordinario
orchidea,vlc,ordinario,ff,F#3,F:\DOUTORAMENTO_22\INSTRUMENTOS\Instrumentos_espectro_versão 3\CORDAS\VIOLONCELO\Orchidea_Vlc\Violoncello\ordinario\Orchidea_Vlc_ff\_Decays\Vc-ord-F#3-ff-3c-N_Decays.wav,.wav,ordinario,ordinario
orchidea,vlc,ordinario,ff,F#3,F:\DOUTORAMENTO_22\INSTRUMENTOS\Instrumentos_espectro_versão 3\CORDAS\VIOLONCELO\Orchidea_Vlc\Violoncello\ordinario\Orchidea_Vlc_ff\_Decays\Vc-ord-F#3-ff-4c-T14u_Decays.wav,.wav,ordinario,ordinario
orchidea,vlc,ordinario,ff,F#4,F:\DOUTORAMENTO_22\INSTRUMENTOS\Instrumentos_espectro_versão 3\CORDAS\VIOLONCELO\Orchidea_Vlc\Violoncello\ordinario\Orchidea_Vlc_ff\_Decays\Vc-ord-F#4-ff-1c-N_Decays.wav,.wav,ordinario,ordinario
orchidea,vlc,ordinario,ff,F#4,F:\DOUTORAMENTO_22\INSTRUMENTOS\Instrumentos_espectro_versão 3\CORDAS\VIOLONCELO\Orchidea_Vlc\Violoncello\ordinario\Orchidea_Vlc_ff\_Decays\Vc-ord-F#4-ff-2c-N_Decays.wav,.wav,ordinario,ordinario
orchidea,vlc,ordinario,ff,F#5,F:\DOUTORAMENTO_22\INSTRUMENTOS\Instrumentos_espectro_versão 3\CORDAS\VIOLONCELO\Orchidea_Vlc\Violoncello\ordinario\Orchidea_Vlc_ff\_Decays\Vc-ord-F#5-ff-1c-T33u_Decays.wav,.wav,ordinario,ordinario
orchidea,vlc,ordinario,ff,F2,F:\DOUTORAMENTO_22\INSTRUMENTOS\Instrumentos_espectro_versão 3\CORDAS\VIOLONCELO\Orchidea_Vlc\Violoncello\ordinario\Orchidea_Vlc_ff\_Decays\Vc-ord-F2-ff-4c-T17u_Decays.wav,.wav,ordinario,ordinario
orchidea,vlc,ordinario,ff,F3,F:\DOUTORAMENTO_22\INSTRUMENTOS\Instrumentos_espectro_versão 3\CORDAS\VIOLONCELO\Orchidea_Vlc\Violoncello\ordinario\Orchidea_Vlc_ff\_Decays\Vc-ord-F3-ff-2c-T17d_Decays.wav,.wav,ordinario,ordinario
orchidea,vlc,ordinario,ff,F3,F:\DOUTORAMENTO_22\INSTRUMENTOS\Instrumentos_espectro_versão 3\CORDAS\VIOLONCELO\Orchidea_Vlc\Violoncello\ordinario\Orchidea_Vlc_ff\_Decays\Vc-ord-F3-ff-3c-T17d_Decays.wav,.wav,ordinario,ordinario
orchidea,vlc,ordinario,ff,F3,F:\DOUTORAMENTO_22\INSTRUMENTOS\Instrumentos_espectro_versão 3\CORDAS\VIOLONCELO\Orchidea_Vlc\Violoncello\ordinario\Orchidea_Vlc_ff\_Decays\Vc-ord-F3-ff-4c-T14u_Decays.wav,.wav,ordinario,ordinario
orchidea,vlc,ordinario,ff,F4,F:\DOUTORAMENTO_22\INSTRUMENTOS\Instrumentos_espectro_versão 3\CORDAS\VIOLONCELO\Orchidea_Vlc\Violoncello\ordinario\Orchidea_Vlc_ff\_Decays\Vc-ord-F4-ff-1c-N_Decays.wav,.wav,ordinario,ordinario
orchidea,vlc,ordinario,ff,F4,F:\DOUTORAMENTO_22\INSTRUMENTOS\Instrumentos_espectro_versão 3\CORDAS\VIOLONCELO\Orchidea_Vlc\Violoncello\ordinario\Orchidea_Vlc_ff\_Decays\Vc-ord-F4-ff-2c-N_Decays.wav,.wav,ordinario,ordinario
orchidea,vlc,ordinario,ff,F4,F:\DOUTORAMENTO_22\INSTRUMENTOS\Instrumentos_espectro_versão 3\CORDAS\VIOLONCELO\Orchidea_Vlc\Violoncello\ordinario\Orchidea_Vlc_ff\_Decays\Vc-ord-F4-ff-3c-T14u_Decays.wav,.wav,ordinario,ordinario
orchidea,vlc,ordinario,ff,F5,F:\DOUTORAMENTO_22\INSTRUMENTOS\Instrumentos_espectro_versão 3\CORDAS\VIOLONCELO\Orchidea_Vlc\Violoncello\ordinario\Orchidea_Vlc_ff\_Decays\Vc-ord-F5-ff-1c-N_Decays.wav,.wav,ordinario,ordinario
orchidea,vlc,ordinario,ff,G#2,F:\DOUTORAMENTO_22\INSTRUMENTOS\Instrumentos_espectro_versão 3\CORDAS\VIOLONCELO\Orchidea_Vlc\Violoncello\ordinario\Orchidea_Vlc_ff\_Decays\Vc-ord-G#2-ff-3c-T10d_Decays.wav,.wav,ordinario,ordinario
orchidea,vlc,ordinario,ff,G#2,F:\DOUTORAMENTO_22\INSTRUMENTOS\Instrumentos_espectro_versão 3\CORDAS\VIOLONCELO\Orchidea_Vlc\Violoncello\ordinario\Orchidea_Vlc_ff\_Decays\Vc-ord-G#2-ff-4c-T12u_Decays.wav,.wav,ordinario,ordinario
orchidea,vlc,ordinario,ff,G#3,F:\DOUTORAMENTO_22\INSTRUMENTOS\Instrumentos_espectro_versão 3\CORDAS\VIOLONCELO\Orchidea_Vlc\Violoncello\ordinario\Orchidea_Vlc_ff\_Decays\Vc-ord-G#3-ff-2c-N_Decays.wav,.wav,ordinario,ordinario
orchidea,vlc,ordinario,ff,G#3,F:\DOUTORAMENTO_22\INSTRUMENTOS\Instrumentos_espectro_versão 3\CORDAS\VIOLONCELO\Orchidea_Vlc\Violoncello\ordinario\Orchidea_Vlc_ff\_Decays\Vc-ord-G#3-ff-3c-N_Decays.wav,.wav,ordinario,ordinario
orchidea,vlc,ordinario,ff,G#3,F:\DOUTORAMENTO_22\INSTRUMENTOS\Instrumentos_espectro_versão 3\CORDAS\VIOLONCELO\Orchidea_Vlc\Violoncello\ordinario\Orchidea_Vlc_ff\_Decays\Vc-ord-G#3-ff-4c-T15u_Decays.wav,.wav,ordinario,ordinario
orchidea,vlc,ordinario,ff,G#4,F:\DOUTORAMENTO_22\INSTRUMENTOS\Instrumentos_espectro_versão 3\CORDAS\VIOLONCELO\Orchidea_Vlc\Violoncello\ordinario\Orchidea_Vlc_ff\_Decays\Vc-ord-G#4-ff-1c-T18u_Decays.wav,.wav,ordinario,ordinario
orchidea,vlc,ordinario,ff,G#4,F:\DOUTORAMENTO_22\INSTRUMENTOS\Instrumentos_espectro_versão 3\CORDAS\VIOLONCELO\Orchidea_Vlc\Violoncello\ordinario\Orchidea_Vlc_ff\_Decays\Vc-ord-G#4-ff-2c-N_Decays.wav,.wav,ordinario,ordinario
orchidea,vlc,ordinario,ff,G#5,F:\DOUTORAMENTO_22\INSTRUMENTOS\Instrumentos_espectro_versão 3\CORDAS\VIOLONCELO\Orchidea_Vlc\Violoncello\ordinario\Orchidea_Vlc_ff\_Decays\Vc-ord-G#5-ff-1c-T10u_Decays.wav,.wav,ordinario,ordinario
orchidea,vlc,ordinario,ff,G2,F:\DOUTORAMENTO_22\INSTRUMENTOS\Instrumentos_espectro_versão 3\CORDAS\VIOLONCELO\Orchidea_Vlc\Violoncello\ordinario\Orchidea_Vlc_ff\_Decays\Vc-ord-G2-ff-3c-N_Decays.wav,.wav,ordinario,ordinario
orchidea,vlc,ordinario,ff,G2,F:\DOUTORAMENTO_22\INSTRUMENTOS\Instrumentos_espectro_versão 3\CORDAS\VIOLONCELO\Orchidea_Vlc\Violoncello\ordinario\Orchidea_Vlc_ff\_Decays\Vc-ord-G2-ff-4c-N_Decays.wav,.wav,ordinario,ordinario
orchidea,vlc,ordinario,ff,G3,F:\DOUTORAMENTO_22\INSTRUMENTOS\Instrumentos_espectro_versão 3\CORDAS\VIOLONCELO\Orchidea_Vlc\Violoncello\ordinario\Orchidea_Vlc_ff\_Decays\Vc-ord-G3-ff-2c-N_Decays.wav,.wav,ordinario,ordinario
orchidea,vlc,ordinario,ff,G3,F:\DOUTORAMENTO_22\INSTRUMENTOS\Instrumentos_espectro_versão 3\CORDAS\VIOLONCELO\Orchidea_Vlc\Violoncello\ordinario\Orchidea_Vlc_ff\_Decays\Vc-ord-G3-ff-3c-N_Decays.wav,.wav,ordinario,ordinario
orchidea,vlc,ordinario,ff,G3,F:\DOUTORAMENTO_22\INSTRUMENTOS\Instrumentos_espectro_versão 3\CORDAS\VIOLONCELO\Orchidea_Vlc\Violoncello\ordinario\Orchidea_Vlc_ff\_Decays\Vc-ord-G3-ff-4c-N_Decays.wav,.wav,ordinario,ordinario
orchidea,vlc,ordinario,ff,G4,F:\DOUTORAMENTO_22\INSTRUMENTOS\Instrumentos_espectro_versão 3\CORDAS\VIOLONCELO\Orchidea_Vlc\Violoncello\ordinario\Orchidea_Vlc_ff\_Decays\Vc-ord-G4-ff-1c-N_Decays.wav,.wav,ordinario,ordinario
orchidea,vlc,ordinario,ff,G4,F:\DOUTORAMENTO_22\INSTRUMENTOS\Instrumentos_espectro_versão 3\CORDAS\VIOLONCELO\Orchidea_Vlc\Violoncello\ordinario\Orchidea_Vlc_ff\_Decays\Vc-ord-G4-ff-2c-N_Decays.wav,.wav,ordinario,ordinario
orchidea,vlc,ordinario,ff,G5,F:\DOUTORAMENTO_22\INSTRUMENTOS\Instrumentos_espectro_versão 3\CORDAS\VIOLONCELO\Orchidea_Vlc\Violoncello\ordinario\Orchidea_Vlc_ff\_Decays\Vc-ord-G5-ff-1c-N_Decays.wav,.wav,ordinario,ordinario
orchidea,vlc,ordinario,ff,A#2,F:\DOUTORAMENTO_22\INSTRUMENTOS\Instrumentos_espectro_versão 3\CORDAS\VIOLONCELO\Orchidea_Vlc\Violoncello\ordinario\Orchidea_Vlc_ff\_Sustains\Vc-ord-A#2-ff-3c-N_Sustains.wav,.wav,ordinario,ordinario
orchidea,vlc,ordinario,ff,A#2,F:\DOUTORAMENTO_22\INSTRUMENTOS\Instrumentos_espectro_versão 3\CORDAS\VIOLONCELO\Orchidea_Vlc\Violoncello\ordinario\Orchidea_Vlc_ff\_Sustains\Vc-ord-A#2-ff-4c-N_Sustains.wav,.wav,ordinario,ordinario
orchidea,vlc,ordinario,ff,A#3,F:\DOUTORAMENTO_22\INSTRUMENTOS\Instrumentos_espectro_versão 3\CORDAS\VIOLONCELO\Orchidea_Vlc\Violoncello\ordinario\Orchidea_Vlc_ff\_Sustains\Vc-ord-A#3-ff-1c-N_Sustains.wav,.wav,ordinario,ordinario
orchidea,vlc,ordinario,ff,A#3,F:\DOUTORAMENTO_22\INSTRUMENTOS\Instrumentos_espectro_versão 3\CORDAS\VIOLONCELO\Orchidea_Vlc\Violoncello\ordinario\Orchidea_Vlc_ff\_Sustains\Vc-ord-A#3-ff-2c-T12u_Sustains.wav,.wav,ordinario,ordinario
orchidea,vlc,ordinario,ff,A#3,F:\DOUTORAMENTO_22\INSTRUMENTOS\Instrumentos_espectro_versão 3\CORDAS\VIOLONCELO\Orchidea_Vlc\Violoncello\ordinario\Orchidea_Vlc_ff\_Sustains\Vc-ord-A#3-ff-3c-N_Sustains.wav,.wav,ordinario,ordinario
orchidea,vlc,ordinario,ff,A#3,F:\DOUTORAMENTO_22\INSTRUMENTOS\Instrumentos_espectro_versão 3\CORDAS\VIOLONCELO\Orchidea_Vlc\Violoncello\ordinario\Orchidea_Vlc_ff\_Sustains\Vc-ord-A#3-ff-4c-N_Sustains.wav,.wav,ordinario,ordinario
orchidea,vlc,ordinario,ff,A#4,F:\DOUTORAMENTO_22\INSTRUMENTOS\Instrumentos_espectro_versão 3\CORDAS\VIOLONCELO\Orchidea_Vlc\Violoncello\ordinario\Orchidea_Vlc_ff\_Sustains\Vc-ord-A#4-ff-1c-N_Sustains.wav,.wav,ordinario,ordinario
orchidea,vlc,ordinario,ff,A#4,F:\DOUTORAMENTO_22\INSTRUMENTOS\Instrumentos_espectro_versão 3\CORDAS\VIOLONCELO\Orchidea_Vlc\Violoncello\ordinario\Orchidea_Vlc_ff\_Sustains\Vc-ord-A#4-ff-2c-N_Sustains.wav,.wav,ordinario,ordinario
orchidea,vlc,ordinario,ff,A#5,F:\DOUTORAMENTO_22\INSTRUMENTOS\Instrumentos_espectro_versão 3\CORDAS\VIOLONCELO\Orchidea_Vlc\Violoncello\ordinario\Orchidea_Vlc_ff\_Sustains\Vc-ord-A#5-ff-1c-N_Sustains.wav,.wav,ordinario,ordinario
orchidea,vlc,ordinario,ff,A2,F:\DOUTORAMENTO_22\INSTRUMENTOS\Instrumentos_espectro_versão 3\CORDAS\VIOLONCELO\Orchidea_Vlc\Violoncello\ordinario\Orchidea_Vlc_ff\_Sustains\Vc-ord-A2-ff-3c-T19d_Sustains.wav,.wav,ordinario,ordinario
orchidea,vlc,ordinario,ff,A2,F:\DOUTORAMENTO_22\INSTRUMENTOS\Instrumentos_espectro_versão 3\CORDAS\VIOLONCELO\Orchidea_Vlc\Violoncello\ordinario\Orchidea_Vlc_ff\_Sustains\Vc-ord-A2-ff-4c-N_Sustains.wav,.wav,ordinario,ordinario
orchidea,vlc,ordinario,ff,A3,F:\DOUTORAMENTO_22\INSTRUMENTOS\Instrumentos_espectro_versão 3\CORDAS\VIOLONCELO\Orchidea_Vlc\Violoncello\ordinario\Orchidea_Vlc_ff\_Sustains\Vc-ord-A3-ff-1c-N_Sustains.wav,.wav,ordinario,ordinario
orchidea,vlc,ordinario,ff,A3,F:\DOUTORAMENTO_22\INSTRUMENTOS\Instrumentos_espectro_versão 3\CORDAS\VIOLONCELO\Orchidea_Vlc\Violoncello\ordinario\Orchidea_Vlc_ff\_Sustains\Vc-ord-A3-ff-2c-N_Sustains.wav,.wav,ordinario,ordinario
orchidea,vlc,ordinario,ff,A3,F:\DOUTORAMENTO_22\INSTRUMENTOS\Instrumentos_espectro_versão 3\CORDAS\VIOLONCELO\Orchidea_Vlc\Violoncello\ordinario\Orchidea_Vlc_ff\_Sustains\Vc-ord-A3-ff-3c-T21d_Sustains.wav,.wav,ordinario,ordinario
orchidea,vlc,ordinario,ff,A3,F:\DOUTORAMENTO_22\INSTRUMENTOS\Instrumentos_espectro_versão 3\CORDAS\VIOLONCELO\Orchidea_Vlc\Violoncello\ordinario\Orchidea_Vlc_ff\_Sustains\Vc-ord-A3-ff-4c-N_Sustains.wav,.wav,ordinario,ordinario
orchidea,vlc,ordinario,ff,A4,F:\DOUTORAMENTO_22\INSTRUMENTOS\Instrumentos_espectro_versão 3\CORDAS\VIOLONCELO\Orchidea_Vlc\Violoncello\ordinario\Orchidea_Vlc_ff\_Sustains\Vc-ord-A4-ff-1c-N_Sustains.wav,.wav,ordinario,ordinario
orchidea,vlc,ordinario,ff,A4,F:\DOUTORAMENTO_22\INSTRUMENTOS\Instrumentos_espectro_versão 3\CORDAS\VIOLONCELO\Orchidea_Vlc\Violoncello\ordinario\Orchidea_Vlc_ff\_Sustains\Vc-ord-A4-ff-2c-N_Sustains.wav,.wav,ordinario,ordinario
orchidea,vlc,ordinario,ff,A5,F:\DOUTORAMENTO_22\INSTRUMENTOS\Instrumentos_espectro_versão 3\CORDAS\VIOLONCELO\Orchidea_Vlc\Violoncello\ordinario\Orchidea_Vlc_ff\_Sustains\Vc-ord-A5-ff-1c-T13d_Sustains.wav,.wav,ordinario,ordinario
orchidea,vlc,ordinario,ff,B2,F:\DOUTORAMENTO_22\INSTRUMENTOS\Instrumentos_espectro_versão 3\CORDAS\VIOLONCELO\Orchidea_Vlc\Violoncello\ordinario\Orchidea_Vlc_ff\_Sustains\Vc-ord-B2-ff-3c-N_Sustains.wav,.wav,ordinario,ordinario
orchidea,vlc,ordinario,ff,B2,F:\DOUTORAMENTO_22\INSTRUMENTOS\Instrumentos_espectro_versão 3\CORDAS\VIOLONCELO\Orchidea_Vlc\Violoncello\ordinario\Orchidea_Vlc_ff\_Sustains\Vc-ord-B2-ff-4c-T11u_Sustains.wav,.wav,ordinario,ordinario
orchidea,vlc,ordinario,ff,B3,F:\DOUTORAMENTO_22\INSTRUMENTOS\Instrumentos_espectro_versão 3\CORDAS\VIOLONCELO\Orchidea_Vlc\Violoncello\ordinario\Orchidea_Vlc_ff\_Sustains\Vc-ord-B3-ff-1c-T11u_Sustains.wav,.wav,ordinario,ordinario
orchidea,vlc,ordinario,ff,B3,F:\DOUTORAMENTO_22\INSTRUMENTOS\Instrumentos_espectro_versão 3\CORDAS\VIOLONCELO\Orchidea_Vlc\Violoncello\ordinario\Orchidea_Vlc_ff\_Sustains\Vc-ord-B3-ff-2c-N_Sustains.wav,.wav,ordinario,ordinario
orchidea,vlc,ordinario,ff,B3,F:\DOUTORAMENTO_22\INSTRUMENTOS\Instrumentos_espectro_versão 3\CORDAS\VIOLONCELO\Orchidea_Vlc\Violoncello\ordinario\Orchidea_Vlc_ff\_Sustains\Vc-ord-B3-ff-3c-T11u_Sustains.wav,.wav,ordinario,ordinario
orchidea,vlc,ordinario,ff,B4,F:\DOUTORAMENTO_22\INSTRUMENTOS\Instrumentos_espectro_versão 3\CORDAS\VIOLONCELO\Orchidea_Vlc\Violoncello\ordinario\Orchidea_Vlc_ff\_Sustains\Vc-ord-B4-ff-1c-N_Sustains.wav,.wav,ordinario,ordinario
orchidea,vlc,ordinario,ff,B4,F:\DOUTORAMENTO_22\INSTRUMENTOS\Instrumentos_espectro_versão 3\CORDAS\VIOLONCELO\Orchidea_Vlc\Violoncello\ordinario\Orchidea_Vlc_ff\_Sustains\Vc-ord-B4-ff-2c-N_Sustains.wav,.wav,ordinario,ordinario
orchidea,vlc,ordinario,ff,B5,F:\DOUTORAMENTO_22\INSTRUMENTOS\Instrumentos_espectro_versão 3\CORDAS\VIOLONCELO\Orchidea_Vlc\Violoncello\ordinario\Orchidea_Vlc_ff\_Sustains\Vc-ord-B5-ff-1c-N_Sustains.wav,.wav,ordinario,ordinario
orchidea,vlc,ordinario,ff,C#2,F:\DOUTORAMENTO_22\INSTRUMENTOS\Instrumentos_espectro_versão 3\CORDAS\VIOLONCELO\Orchidea_Vlc\Violoncello\ordinario\Orchidea_Vlc_ff\_Sustains\Vc-ord-C#2-ff-4c-N_Sustains.wav,.wav,ordinario,ordinario
orchidea,vlc,ordinario,ff,C#3,F:\DOUTORAMENTO_22\INSTRUMENTOS\Instrumentos_espectro_versão 3\CORDAS\VIOLONCELO\Orchidea_Vlc\Violoncello\ordinario\Orchidea_Vlc_ff\_Sustains\Vc-ord-C#3-ff-3c-N_Sustains.wav,.wav,ordinario,ordinario
orchidea,vlc,ordinario,ff,C#3,F:\DOUTORAMENTO_22\INSTRUMENTOS\Instrumentos_espectro_versão 3\CORDAS\VIOLONCELO\Orchidea_Vlc\Violoncello\ordinario\Orchidea_Vlc_ff\_Sustains\Vc-ord-C#3-ff-4c-N_Sustains.wav,.wav,ordinario,ordinario
orchidea,vlc,ordinario,ff,C#4,F:\DOUTORAMENTO_22\INSTRUMENTOS\Instrumentos_espectro_versão 3\CORDAS\VIOLONCELO\Orchidea_Vlc\Violoncello\ordinario\Orchidea_Vlc_ff\_Sustains\Vc-ord-C#4-ff-1c-N_Sustains.wav,.wav,ordinario,ordinario
orchidea,vlc,ordinario,ff,C#4,F:\DOUTORAMENTO_22\INSTRUMENTOS\Instrumentos_espectro_versão 3\CORDAS\VIOLONCELO\Orchidea_Vlc\Violoncello\ordinario\Orchidea_Vlc_ff\_Sustains\Vc-ord-C#4-ff-2c-N_Sustains.wav,.wav,ordinario,ordinario
orchidea,vlc,ordinario,ff,C#4,F:\DOUTORAMENTO_22\INSTRUMENTOS\Instrumentos_espectro_versão 3\CORDAS\VIOLONCELO\Orchidea_Vlc\Violoncello\ordinario\Orchidea_Vlc_ff\_Sustains\Vc-ord-C#4-ff-3c-N_Sustains.wav,.wav,ordinario,ordinario
orchidea,vlc,ordinario,ff,C#5,F:\DOUTORAMENTO_22\INSTRUMENTOS\Instrumentos_espectro_versão 3\CORDAS\VIOLONCELO\Orchidea_Vlc\Violoncello\ordinario\Orchidea_Vlc_ff\_Sustains\Vc-ord-C#5-ff-1c-N_Sustains.wav,.wav,ordinario,ordinario
orchidea,vlc,ordinario,ff,C2,F:\DOUTORAMENTO_22\INSTRUMENTOS\Instrumentos_espectro_versão 3\CORDAS\VIOLONCELO\Orchidea_Vlc\Violoncello\ordinario\Orchidea_Vlc_ff\_Sustains\Vc-ord-C2-ff-4c-N_Sustains.wav,.wav,ordinario,ordinario
orchidea,vlc,ordinario,ff,C3,F:\DOUTORAMENTO_22\INSTRUMENTOS\Instrumentos_espectro_versão 3\CORDAS\VIOLONCELO\Orchidea_Vlc\Violoncello\ordinario\Orchidea_Vlc_ff\_Sustains\Vc-ord-C3-ff-3c-N_Sustains.wav,.wav,ordinario,ordinario
orchidea,vlc,ordinario,ff,C3,F:\DOUTORAMENTO_22\INSTRUMENTOS\Instrumentos_espectro_versão 3\CORDAS\VIOLONCELO\Orchidea_Vlc\Violoncello\ordinario\Orchidea_Vlc_ff\_Sustains\Vc-ord-C3-ff-4c-N_Sustains.wav,.wav,ordinario,ordinario
orchidea,vlc,ordinario,ff,C4,F:\DOUTORAMENTO_22\INSTRUMENTOS\Instrumentos_espectro_versão 3\CORDAS\VIOLONCELO\Orchidea_Vlc\Violoncello\ordinario\Orchidea_Vlc_ff\_Sustains\Vc-ord-C4-ff-1c-N_Sustains.wav,.wav,ordinario,ordinario
orchidea,vlc,ordinario,ff,C4,F:\DOUTORAMENTO_22\INSTRUMENTOS\Instrumentos_espectro_versão 3\CORDAS\VIOLONCELO\Orchidea_Vlc\Violoncello\ordinario\Orchidea_Vlc_ff\_Sustains\Vc-ord-C4-ff-2c-N_Sustains.wav,.wav,ordinario,ordinario
orchidea,vlc,ordinario,ff,C4,F:\DOUTORAMENTO_22\INSTRUMENTOS\Instrumentos_espectro_versão 3\CORDAS\VIOLONCELO\Orchidea_Vlc\Violoncello\ordinario\Orchidea_Vlc_ff\_Sustains\Vc-ord-C4-ff-3c-N_Sustains.wav,.wav,ordinario,ordinario
orchidea,vlc,ordinario,ff,C5,F:\DOUTORAMENTO_22\INSTRUMENTOS\Instrumentos_espectro_versão 3\CORDAS\VIOLONCELO\Orchidea_Vlc\Violoncello\ordinario\Orchidea_Vlc_ff\_Sustains\Vc-ord-C5-ff-1c-T16u_Sustains.wav,.wav,ordinario,ordinario
orchidea,vlc,ordinario,ff,C5,F:\DOUTORAMENTO_22\INSTRUMENTOS\Instrumentos_espectro_versão 3\CORDAS\VIOLONCELO\Orchidea_Vlc\Violoncello\ordinario\Orchidea_Vlc_ff\_Sustains\Vc-ord-C5-ff-2c-N_Sustains.wav,.wav,ordinario,ordinario
orchidea,vlc,ordinario,ff,C6,F:\DOUTORAMENTO_22\INSTRUMENTOS\Instrumentos_espectro_versão 3\CORDAS\VIOLONCELO\Orchidea_Vlc\Violoncello\ordinario\Orchidea_Vlc_ff\_Sustains\Vc-ord-C6-ff-1c-N_Sustains.wav,.wav,ordinario,ordinario
orchidea,vlc,ordinario,ff,D#2,F:\DOUTORAMENTO_22\INSTRUMENTOS\Instrumentos_espectro_versão 3\CORDAS\VIOLONCELO\Orchidea_Vlc\Violoncello\ordinario\Orchidea_Vlc_ff\_Sustains\Vc-ord-D#2-ff-4c-N_Sustains.wav,.wav,ordinario,ordinario
orchidea,vlc,ordinario,ff,D#3,F:\DOUTORAMENTO_22\INSTRUMENTOS\Instrumentos_espectro_versão 3\CORDAS\VIOLONCELO\Orchidea_Vlc\Violoncello\ordinario\Orchidea_Vlc_ff\_Sustains\Vc-ord-D#3-ff-2c-T16d_Sustains.wav,.wav,ordinario,ordinario
orchidea,vlc,ordinario,ff,D#3,F:\DOUTORAMENTO_22\INSTRUMENTOS\Instrumentos_espectro_versão 3\CORDAS\VIOLONCELO\Orchidea_Vlc\Violoncello\ordinario\Orchidea_Vlc_ff\_Sustains\Vc-ord-D#3-ff-3c-T12u_Sustains.wav,.wav,ordinario,ordinario
orchidea,vlc,ordinario,ff,D#3,F:\DOUTORAMENTO_22\INSTRUMENTOS\Instrumentos_espectro_versão 3\CORDAS\VIOLONCELO\Orchidea_Vlc\Violoncello\ordinario\Orchidea_Vlc_ff\_Sustains\Vc-ord-D#3-ff-4c-T16u_Sustains.wav,.wav,ordinario,ordinario
orchidea,vlc,ordinario,ff,D#4,F:\DOUTORAMENTO_22\INSTRUMENTOS\Instrumentos_espectro_versão 3\CORDAS\VIOLONCELO\Orchidea_Vlc\Violoncello\ordinario\Orchidea_Vlc_ff\_Sustains\Vc-ord-D#4-ff-1c-T22u_Sustains.wav,.wav,ordinario,ordinario
orchidea,vlc,ordinario,ff,D#4,F:\DOUTORAMENTO_22\INSTRUMENTOS\Instrumentos_espectro_versão 3\CORDAS\VIOLONCELO\Orchidea_Vlc\Violoncello\ordinario\Orchidea_Vlc_ff\_Sustains\Vc-ord-D#4-ff-2c-T12u_Sustains.wav,.wav,ordinario,ordinario
orchidea,vlc,ordinario,ff,D#4,F:\DOUTORAMENTO_22\INSTRUMENTOS\Instrumentos_espectro_versão 3\CORDAS\VIOLONCELO\Orchidea_Vlc\Violoncello\ordinario\Orchidea_Vlc_ff\_Sustains\Vc-ord-D#4-ff-3c-N_Sustains.wav,.wav,ordinario,ordinario
orchidea,vlc,ordinario,ff,D#5,F:\DOUTORAMENTO_22\INSTRUMENTOS\Instrumentos_espectro_versão 3\CORDAS\VIOLONCELO\Orchidea_Vlc\Violoncello\ordinario\Orchidea_Vlc_ff\_Sustains\Vc-ord-D#5-ff-1c-N_Sustains.wav,.wav,ordinario,ordinario
orchidea,vlc,ordinario,ff,D2,F:\DOUTORAMENTO_22\INSTRUMENTOS\Instrumentos_espectro_versão 3\CORDAS\VIOLONCELO\Orchidea_Vlc\Violoncello\ordinario\Orchidea_Vlc_ff\_Sustains\Vc-ord-D2-ff-4c-N_Sustains.wav,.wav,ordinario,ordinario
orchidea,vlc,ordinario,ff,D3,F:\DOUTORAMENTO_22\INSTRUMENTOS\Instrumentos_espectro_versão 3\CORDAS\VIOLONCELO\Orchidea_Vlc\Violoncello\ordinario\Orchidea_Vlc_ff\_Sustains\Vc-ord-D3-ff-2c-N_Sustains.wav,.wav,ordinario,ordinario
orchidea,vlc,ordinario,ff,D3,F:\DOUTORAMENTO_22\INSTRUMENTOS\Instrumentos_espectro_versão 3\CORDAS\VIOLONCELO\Orchidea_Vlc\Violoncello\ordinario\Orchidea_Vlc_ff\_Sustains\Vc-ord-D3-ff-3c-N_Sustains.wav,.wav,ordinario,ordinario
orchidea,vlc,ordinario,ff,D3,F:\DOUTORAMENTO_22\INSTRUMENTOS\Instrumentos_espectro_versão 3\CORDAS\VIOLONCELO\Orchidea_Vlc\Violoncello\ordinario\Orchidea_Vlc_ff\_Sustains\Vc-ord-D3-ff-4c-T10d_Sustains.wav,.wav,ordinario,ordinario
orchidea,vlc,ordinario,ff,D4,F:\DOUTORAMENTO_22\INSTRUMENTOS\Instrumentos_espectro_versão 3\CORDAS\VIOLONCELO\Orchidea_Vlc\Violoncello\ordinario\Orchidea_Vlc_ff\_Sustains\Vc-ord-D4-ff-1c-N_Sustains.wav,.wav,ordinario,ordinario
orchidea,vlc,ordinario,ff,D4,F:\DOUTORAMENTO_22\INSTRUMENTOS\Instrumentos_espectro_versão 3\CORDAS\VIOLONCELO\Orchidea_Vlc\Violoncello\ordinario\Orchidea_Vlc_ff\_Sustains\Vc-ord-D4-ff-2c-N_Sustains.wav,.wav,ordinario,ordinario
orchidea,vlc,ordinario,ff,D4,F:\DOUTORAMENTO_22\INSTRUMENTOS\Instrumentos_espectro_versão 3\CORDAS\VIOLONCELO\Orchidea_Vlc\Violoncello\ordinario\Orchidea_Vlc_ff\_Sustains\Vc-ord-D4-ff-3c-N_Sustains.wav,.wav,ordinario,ordinario
orchidea,vlc,ordinario,ff,D5,F:\DOUTORAMENTO_22\INSTRUMENTOS\Instrumentos_espectro_versão 3\CORDAS\VIOLONCELO\Orchidea_Vlc\Violoncello\ordinario\Orchidea_Vlc_ff\_Sustains\Vc-ord-D5-ff-1c-N_Sustains.wav,.wav,ordinario,ordinario
orchidea,vlc,ordinario,ff,E2,F:\DOUTORAMENTO_22\INSTRUMENTOS\Instrumentos_espectro_versão 3\CORDAS\VIOLONCELO\Orchidea_Vlc\Violoncello\ordinario\Orchidea_Vlc_ff\_Sustains\Vc-ord-E2-ff-4c-N_Sustains.wav,.wav,ordinario,ordinario
orchidea,vlc,ordinario,ff,E3,F:\DOUTORAMENTO_22\INSTRUMENTOS\Instrumentos_espectro_versão 3\CORDAS\VIOLONCELO\Orchidea_Vlc\Violoncello\ordinario\Orchidea_Vlc_ff\_Sustains\Vc-ord-E3-ff-2c-N_Sustains.wav,.wav,ordinario,ordinario
orchidea,vlc,ordinario,ff,E3,F:\DOUTORAMENTO_22\INSTRUMENTOS\Instrumentos_espectro_versão 3\CORDAS\VIOLONCELO\Orchidea_Vlc\Violoncello\ordinario\Orchidea_Vlc_ff\_Sustains\Vc-ord-E3-ff-3c-T11d_Sustains.wav,.wav,ordinario,ordinario
orchidea,vlc,ordinario,ff,E3,F:\DOUTORAMENTO_22\INSTRUMENTOS\Instrumentos_espectro_versão 3\CORDAS\VIOLONCELO\Orchidea_Vlc\Violoncello\ordinario\Orchidea_Vlc_ff\_Sustains\Vc-ord-E3-ff-4c-N_Sustains.wav,.wav,ordinario,ordinario
orchidea,vlc,ordinario,ff,E4,F:\DOUTORAMENTO_22\INSTRUMENTOS\Instrumentos_espectro_versão 3\CORDAS\VIOLONCELO\Orchidea_Vlc\Violoncello\ordinario\Orchidea_Vlc_ff\_Sustains\Vc-ord-E4-ff-1c-N_Sustains.wav,.wav,ordinario,ordinario
orchidea,vlc,ordinario,ff,E4,F:\DOUTORAMENTO_22\INSTRUMENTOS\Instrumentos_espectro_versão 3\CORDAS\VIOLONCELO\Orchidea_Vlc\Violoncello\ordinario\Orchidea_Vlc_ff\_Sustains\Vc-ord-E4-ff-2c-N_Sustains.wav,.wav,ordinario,ordinario
orchidea,vlc,ordinario,ff,E4,F:\DOUTORAMENTO_22\INSTRUMENTOS\Instrumentos_espectro_versão 3\CORDAS\VIOLONCELO\Orchidea_Vlc\Violoncello\ordinario\Orchidea_Vlc_ff\_Sustains\Vc-ord-E4-ff-3c-T10u_Sustains.wav,.wav,ordinario,ordinario
orchidea,vlc,ordinario,ff,E5,F:\DOUTORAMENTO_22\INSTRUMENTOS\Instrumentos_espectro_versão 3\CORDAS\VIOLONCELO\Orchidea_Vlc\Violoncello\ordinario\Orchidea_Vlc_ff\_Sustains\Vc-ord-E5-ff-1c-N_Sustains.wav,.wav,ordinario,ordinario
orchidea,vlc,ordinario,ff,F#2,F:\DOUTORAMENTO_22\INSTRUMENTOS\Instrumentos_espectro_versão 3\CORDAS\VIOLONCELO\Orchidea_Vlc\Violoncello\ordinario\Orchidea_Vlc_ff\_Sustains\Vc-ord-F#2-ff-4c-N_Sustains.wav,.wav,ordinario,ordinario
orchidea,vlc,ordinario,ff,F#3,F:\DOUTORAMENTO_22\INSTRUMENTOS\Instrumentos_espectro_versão 3\CORDAS\VIOLONCELO\Orchidea_Vlc\Violoncello\ordinario\Orchidea_Vlc_ff\_Sustains\Vc-ord-F#3-ff-2c-N_Sustains.wav,.wav,ordinario,ordinario
orchidea,vlc,ordinario,ff,F#3,F:\DOUTORAMENTO_22\INSTRUMENTOS\Instrumentos_espectro_versão 3\CORDAS\VIOLONCELO\Orchidea_Vlc\Violoncello\ordinario\Orchidea_Vlc_ff\_Sustains\Vc-ord-F#3-ff-3c-N_Sustains.wav,.wav,ordinario,ordinario
orchidea,vlc,ordinario,ff,F#3,F:\DOUTORAMENTO_22\INSTRUMENTOS\Instrumentos_espectro_versão 3\CORDAS\VIOLONCELO\Orchidea_Vlc\Violoncello\ordinario\Orchidea_Vlc_ff\_Sustains\Vc-ord-F#3-ff-4c-T14u_Sustains.wav,.wav,ordinario,ordinario
orchidea,vlc,ordinario,ff,F#4,F:\DOUTORAMENTO_22\INSTRUMENTOS\Instrumentos_espectro_versão 3\CORDAS\VIOLONCELO\Orchidea_Vlc\Violoncello\ordinario\Orchidea_Vlc_ff\_Sustains\Vc-ord-F#4-ff-1c-N_Sustains.wav,.wav,ordinario,ordinario
orchidea,vlc,ordinario,ff,F#4,F:\DOUTORAMENTO_22\INSTRUMENTOS\Instrumentos_espectro_versão 3\CORDAS\VIOLONCELO\Orchidea_Vlc\Violoncello\ordinario\Orchidea_Vlc_ff\_Sustains\Vc-ord-F#4-ff-2c-N_Sustains.wav,.wav,ordinario,ordinario
orchidea,vlc,ordinario,ff,F#5,F:\DOUTORAMENTO_22\INSTRUMENTOS\Instrumentos_espectro_versão 3\CORDAS\VIOLONCELO\Orchidea_Vlc\Violoncello\ordinario\Orchidea_Vlc_ff\_Sustains\Vc-ord-F#5-ff-1c-T33u_Sustains.wav,.wav,ordinario,ordinario
orchidea,vlc,ordinario,ff,F2,F:\DOUTORAMENTO_22\INSTRUMENTOS\Instrumentos_espectro_versão 3\CORDAS\VIOLONCELO\Orchidea_Vlc\Violoncello\ordinario\Orchidea_Vlc_ff\_Sustains\Vc-ord-F2-ff-4c-T17u_Sustains.wav,.wav,ordinario,ordinario
orchidea,vlc,ordinario,ff,F3,F:\DOUTORAMENTO_22\INSTRUMENTOS\Instrumentos_espectro_versão 3\CORDAS\VIOLONCELO\Orchidea_Vlc\Violoncello\ordinario\Orchidea_Vlc_ff\_Sustains\Vc-ord-F3-ff-2c-T17d_Sustains.wav,.wav,ordinario,ordinario
orchidea,vlc,ordinario,ff,F3,F:\DOUTORAMENTO_22\INSTRUMENTOS\Instrumentos_espectro_versão 3\CORDAS\VIOLONCELO\Orchidea_Vlc\Violoncello\ordinario\Orchidea_Vlc_ff\_Sustains\Vc-ord-F3-ff-3c-T17d_Sustains.wav,.wav,ordinario,ordinario
orchidea,vlc,ordinario,ff,F3,F:\DOUTORAMENTO_22\INSTRUMENTOS\Instrumentos_espectro_versão 3\CORDAS\VIOLONCELO\Orchidea_Vlc\Violoncello\ordinario\Orchidea_Vlc_ff\_Sustains\Vc-ord-F3-ff-4c-T14u_Sustains.wav,.wav,ordinario,ordinario
orchidea,vlc,ordinario,ff,F4,F:\DOUTORAMENTO_22\INSTRUMENTOS\Instrumentos_espectro_versão 3\CORDAS\VIOLONCELO\Orchidea_Vlc\Violoncello\ordinario\Orchidea_Vlc_ff\_Sustains\Vc-ord-F4-ff-1c-N_Sustains.wav,.wav,ordinario,ordinario
orchidea,vlc,ordinario,ff,F4,F:\DOUTORAMENTO_22\INSTRUMENTOS\Instrumentos_espectro_versão 3\CORDAS\VIOLONCELO\Orchidea_Vlc\Violoncello\ordinario\Orchidea_Vlc_ff\_Sustains\Vc-ord-F4-ff-2c-N_Sustains.wav,.wav,ordinario,ordinario
orchidea,vlc,ordinario,ff,F4,F:\DOUTORAMENTO_22\INSTRUMENTOS\Instrumentos_espectro_versão 3\CORDAS\VIOLONCELO\Orchidea_Vlc\Violoncello\ordinario\Orchidea_Vlc_ff\_Sustains\Vc-ord-F4-ff-3c-T14u_Sustains.wav,.wav,ordinario,ordinario
orchidea,vlc,ordinario,ff,F5,F:\DOUTORAMENTO_22\INSTRUMENTOS\Instrumentos_espectro_versão 3\CORDAS\VIOLONCELO\Orchidea_Vlc\Violoncello\ordinario\Orchidea_Vlc_ff\_Sustains\Vc-ord-F5-ff-1c-N_Sustains.wav,.wav,ordinario,ordinario
orchidea,vlc,ordinario,ff,G#2,F:\DOUTORAMENTO_22\INSTRUMENTOS\Instrumentos_espectro_versão 3\CORDAS\VIOLONCELO\Orchidea_Vlc\Violoncello\ordinario\Orchidea_Vlc_ff\_Sustains\Vc-ord-G#2-ff-3c-T10d_Sustains.wav,.wav,ordinario,ordinario
orchidea,vlc,ordinario,ff,G#2,F:\DOUTORAMENTO_22\INSTRUMENTOS\Instrumentos_espectro_versão 3\CORDAS\VIOLONCELO\Orchidea_Vlc\Violoncello\ordinario\Orchidea_Vlc_ff\_Sustains\Vc-ord-G#2-ff-4c-T12u_Sustains.wav,.wav,ordinario,ordinario
orchidea,vlc,ordinario,ff,G#3,F:\DOUTORAMENTO_22\INSTRUMENTOS\Instrumentos_espectro_versão 3\CORDAS\VIOLONCELO\Orchidea_Vlc\Violoncello\ordinario\Orchidea_Vlc_ff\_Sustains\Vc-ord-G#3-ff-2c-N_Sustains.wav,.wav,ordinario,ordinario
orchidea,vlc,ordinario,ff,G#3,F:\DOUTORAMENTO_22\INSTRUMENTOS\Instrumentos_espectro_versão 3\CORDAS\VIOLONCELO\Orchidea_Vlc\Violoncello\ordinario\Orchidea_Vlc_ff\_Sustains\Vc-ord-G#3-ff-3c-N_Sustains.wav,.wav,ordinario,ordinario
orchidea,vlc,ordinario,ff,G#3,F:\DOUTORAMENTO_22\INSTRUMENTOS\Instrumentos_espectro_versão 3\CORDAS\VIOLONCELO\Orchidea_Vlc\Violoncello\ordinario\Orchidea_Vlc_ff\_Sustains\Vc-ord-G#3-ff-4c-T15u_Sustains.wav,.wav,ordinario,ordinario
orchidea,vlc,ordinario,ff,G#4,F:\DOUTORAMENTO_22\INSTRUMENTOS\Instrumentos_espectro_versão 3\CORDAS\VIOLONCELO\Orchidea_Vlc\Violoncello\ordinario\Orchidea_Vlc_ff\_Sustains\Vc-ord-G#4-ff-1c-T18u_Sustains.wav,.wav,ordinario,ordinario
orchidea,vlc,ordinario,ff,G#4,F:\DOUTORAMENTO_22\INSTRUMENTOS\Instrumentos_espectro_versão 3\CORDAS\VIOLONCELO\Orchidea_Vlc\Violoncello\ordinario\Orchidea_Vlc_ff\_Sustains\Vc-ord-G#4-ff-2c-N_Sustains.wav,.wav,ordinario,ordinario
orchidea,vlc,ordinario,ff,G#5,F:\DOUTORAMENTO_22\INSTRUMENTOS\Instrumentos_espectro_versão 3\CORDAS\VIOLONCELO\Orchidea_Vlc\Violoncello\ordinario\Orchidea_Vlc_ff\_Sustains\Vc-ord-G#5-ff-1c-T10u_Sustains.wav,.wav,ordinario,ordinario
orchidea,vlc,ordinario,ff,G2,F:\DOUTORAMENTO_22\INSTRUMENTOS\Instrumentos_espectro_versão 3\CORDAS\VIOLONCELO\Orchidea_Vlc\Violoncello\ordinario\Orchidea_Vlc_ff\_Sustains\Vc-ord-G2-ff-3c-N_Sustains.wav,.wav,ordinario,ordinario
orchidea,vlc,ordinario,ff,G2,F:\DOUTORAMENTO_22\INSTRUMENTOS\Instrumentos_espectro_versão 3\CORDAS\VIOLONCELO\Orchidea_Vlc\Violoncello\ordinario\Orchidea_Vlc_ff\_Sustains\Vc-ord-G2-ff-4c-N_Sustains.wav,.wav,ordinario,ordinario
orchidea,vlc,ordinario,ff,G3,F:\DOUTORAMENTO_22\INSTRUMENTOS\Instrumentos_espectro_versão 3\CORDAS\VIOLONCELO\Orchidea_Vlc\Violoncello\ordinario\Orchidea_Vlc_ff\_Sustains\Vc-ord-G3-ff-2c-N_Sustains.wav,.wav,ordinario,ordinario
orchidea,vlc,ordinario,ff,G3,F:\DOUTORAMENTO_22\INSTRUMENTOS\Instrumentos_espectro_versão 3\CORDAS\VIOLONCELO\Orchidea_Vlc\Violoncello\ordinario\Orchidea_Vlc_ff\_Sustains\Vc-ord-G3-ff-3c-N_Sustains.wav,.wav,ordinario,ordinario
orchidea,vlc,ordinario,ff,G3,F:\DOUTORAMENTO_22\INSTRUMENTOS\Instrumentos_espectro_versão 3\CORDAS\VIOLONCELO\Orchidea_Vlc\Violoncello\ordinario\Orchidea_Vlc_ff\_Sustains\Vc-ord-G3-ff-4c-N_Sustains.wav,.wav,ordinario,ordinario
orchidea,vlc,ordinario,ff,G4,F:\DOUTORAMENTO_22\INSTRUMENTOS\Instrumentos_espectro_versão 3\CORDAS\VIOLONCELO\Orchidea_Vlc\Violoncello\ordinario\Orchidea_Vlc_ff\_Sustains\Vc-ord-G4-ff-1c-N_Sustains.wav,.wav,ordinario,ordinario
orchidea,vlc,ordinario,ff,G4,F:\DOUTORAMENTO_22\INSTRUMENTOS\Instrumentos_espectro_versão 3\CORDAS\VIOLONCELO\Orchidea_Vlc\Violoncello\ordinario\Orchidea_Vlc_ff\_Sustains\Vc-ord-G4-ff-2c-N_Sustains.wav,.wav,ordinario,ordinario
orchidea,vlc,ordinario,ff,G5,F:\DOUTORAMENTO_22\INSTRUMENTOS\Instrumentos_espectro_versão 3\CORDAS\VIOLONCELO\Orchidea_Vlc\Violoncello\ordinario\Orchidea_Vlc_ff\_Sustains\Vc-ord-G5-ff-1c-N_Sustains.wav,.wav,ordinario,ordinario
orchidea,vlc,ordinario,mf,A#2,F:\DOUTORAMENTO_22\INSTRUMENTOS\Instrumentos_espectro_versão 3\CORDAS\VIOLONCELO\Orchidea_Vlc\Violoncello\ordinario\Orchidea_Vlc_mf\Vc-ord-A#2-mf-3c-T13u.wav,.wav,ordinario,ordinario
orchidea,vlc,ordinario,mf,A#2,F:\DOUTORAMENTO_22\INSTRUMENTOS\Instrumentos_espectro_versão 3\CORDAS\VIOLONCELO\Orchidea_Vlc\Violoncello\ordinario\Orchidea_Vlc_mf\Vc-ord-A#2-mf-4c-N.wav,.wav,ordinario,ordinario
orchidea,vlc,ordinario,mf,A#3,F:\DOUTORAMENTO_22\INSTRUMENTOS\Instrumentos_espectro_versão 3\CORDAS\VIOLONCELO\Orchidea_Vlc\Violoncello\ordinario\Orchidea_Vlc_mf\Vc-ord-A#3-mf-1c-N.wav,.wav,ordinario,ordinario
orchidea,vlc,ordinario,mf,A#3,F:\DOUTORAMENTO_22\INSTRUMENTOS\Instrumentos_espectro_versão 3\CORDAS\VIOLONCELO\Orchidea_Vlc\Violoncello\ordinario\Orchidea_Vlc_mf\Vc-ord-A#3-mf-2c-T12u.wav,.wav,ordinario,ordinario
orchidea,vlc,ordinario,mf,A#3,F:\DOUTORAMENTO_22\INSTRUMENTOS\Instrumentos_espectro_versão 3\CORDAS\VIOLONCELO\Orchidea_Vlc\Violoncello\ordinario\Orchidea_Vlc_mf\Vc-ord-A#3-mf-3c-T16d_R100u.wav,.wav,ordinario,ordinario
orchidea,vlc,ordinario,mf,A#3,F:\DOUTORAMENTO_22\INSTRUMENTOS\Instrumentos_espectro_versão 3\CORDAS\VIOLONCELO\Orchidea_Vlc\Violoncello\ordinario\Orchidea_Vlc_mf\Vc-ord-A#3-mf-4c-N.wav,.wav,ordinario,ordinario
orchidea,vlc,ordinario,mf,A#4,F:\DOUTORAMENTO_22\INSTRUMENTOS\Instrumentos_espectro_versão 3\CORDAS\VIOLONCELO\Orchidea_Vlc\Violoncello\ordinario\Orchidea_Vlc_mf\Vc-ord-A#4-mf-1c-N.wav,.wav,ordinario,ordinario
orchidea,vlc,ordinario,mf,A#4,F:\DOUTORAMENTO_22\INSTRUMENTOS\Instrumentos_espectro_versão 3\CORDAS\VIOLONCELO\Orchidea_Vlc\Violoncello\ordinario\Orchidea_Vlc_mf\Vc-ord-A#4-mf-2c-N.wav,.wav,ordinario,ordinario
orchidea,vlc,ordinario,mf,A#5,F:\DOUTORAMENTO_22\INSTRUMENTOS\Instrumentos_espectro_versão 3\CORDAS\VIOLONCELO\Orchidea_Vlc\Violoncello\ordinario\Orchidea_Vlc_mf\Vc-ord-A#5-mf-1c-N.wav,.wav,ordinario,ordinario
orchidea,vlc,ordinario,mf,A2,F:\DOUTORAMENTO_22\INSTRUMENTOS\Instrumentos_espectro_versão 3\CORDAS\VIOLONCELO\Orchidea_Vlc\Violoncello\ordinario\Orchidea_Vlc_mf\Vc-ord-A2-mf-3c-N.wav,.wav,ordinario,ordinario
orchidea,vlc,ordinario,mf,A2,F:\DOUTORAMENTO_22\INSTRUMENTOS\Instrumentos_espectro_versão 3\CORDAS\VIOLONCELO\Orchidea_Vlc\Violoncello\ordinario\Orchidea_Vlc_mf\Vc-ord-A2-mf-4c-N.wav,.wav,ordinario,ordinario
orchidea,vlc,ordinario,mf,A3,F:\DOUTORAMENTO_22\INSTRUMENTOS\Instrumentos_espectro_versão 3\CORDAS\VIOLONCELO\Orchidea_Vlc\Violoncello\ordinario\Orchidea_Vlc_mf\Vc-ord-A3-mf-1c-N.wav,.wav,ordinario,ordinario
orchidea,vlc,ordinario,mf,A3,F:\DOUTORAMENTO_22\INSTRUMENTOS\Instrumentos_espectro_versão 3\CORDAS\VIOLONCELO\Orchidea_Vlc\Violoncello\ordinario\Orchidea_Vlc_mf\Vc-ord-A3-mf-2c-N.wav,.wav,ordinario,ordinario
orchidea,vlc,ordinario,mf,A3,F:\DOUTORAMENTO_22\INSTRUMENTOS\Instrumentos_espectro_versão 3\CORDAS\VIOLONCELO\Orchidea_Vlc\Violoncello\ordinario\Orchidea_Vlc_mf\Vc-ord-A3-mf-3c-T16d.wav,.wav,ordinario,ordinario
orchidea,vlc,ordinario,mf,A3,F:\DOUTORAMENTO_22\INSTRUMENTOS\Instrumentos_espectro_versão 3\CORDAS\VIOLONCELO\Orchidea_Vlc\Violoncello\ordinario\Orchidea_Vlc_mf\Vc-ord-A3-mf-4c-N.wav,.wav,ordinario,ordinario
orchidea,vlc,ordinario,mf,A4,F:\DOUTORAMENTO_22\INSTRUMENTOS\Instrumentos_espectro_versão 3\CORDAS\VIOLONCELO\Orchidea_Vlc\Violoncello\ordinario\Orchidea_Vlc_mf\Vc-ord-A4-mf-1c-N.wav,.wav,ordinario,ordinario
orchidea,vlc,ordinario,mf,A4,F:\DOUTORAMENTO_22\INSTRUMENTOS\Instrumentos_espectro_versão 3\CORDAS\VIOLONCELO\Orchidea_Vlc\Violoncello\ordinario\Orchidea_Vlc_mf\Vc-ord-A4-mf-2c-N.wav,.wav,ordinario,ordinario
orchidea,vlc,ordinario,mf,A5,F:\DOUTORAMENTO_22\INSTRUMENTOS\Instrumentos_espectro_versão 3\CORDAS\VIOLONCELO\Orchidea_Vlc\Violoncello\ordinario\Orchidea_Vlc_mf\Vc-ord-A5-mf-1c-N.wav,.wav,ordinario,ordinario
orchidea,vlc,ordinario,mf,B2,F:\DOUTORAMENTO_22\INSTRUMENTOS\Instrumentos_espectro_versão 3\CORDAS\VIOLONCELO\Orchidea_Vlc\Violoncello\ordinario\Orchidea_Vlc_mf\Vc-ord-B2-mf-3c-N.wav,.wav,ordinario,ordinario
orchidea,vlc,ordinario,mf,B2,F:\DOUTORAMENTO_22\INSTRUMENTOS\Instrumentos_espectro_versão 3\CORDAS\VIOLONCELO\Orchidea_Vlc\Violoncello\ordinario\Orchidea_Vlc_mf\Vc-ord-B2-mf-4c-T20u.wav,.wav,ordinario,ordinario
orchidea,vlc,ordinario,mf,B3,F:\DOUTORAMENTO_22\INSTRUMENTOS\Instrumentos_espectro_versão 3\CORDAS\VIOLONCELO\Orchidea_Vlc\Violoncello\ordinario\Orchidea_Vlc_mf\Vc-ord-B3-mf-1c-N.wav,.wav,ordinario,ordinario
orchidea,vlc,ordinario,mf,B3,F:\DOUTORAMENTO_22\INSTRUMENTOS\Instrumentos_espectro_versão 3\CORDAS\VIOLONCELO\Orchidea_Vlc\Violoncello\ordinario\Orchidea_Vlc_mf\Vc-ord-B3-mf-2c-N.wav,.wav,ordinario,ordinario
orchidea,vlc,ordinario,mf,B3,F:\DOUTORAMENTO_22\INSTRUMENTOS\Instrumentos_espectro_versão 3\CORDAS\VIOLONCELO\Orchidea_Vlc\Violoncello\ordinario\Orchidea_Vlc_mf\Vc-ord-B3-mf-3c-N.wav,.wav,ordinario,ordinario
orchidea,vlc,ordinario,mf,B4,F:\DOUTORAMENTO_22\INSTRUMENTOS\Instrumentos_espectro_versão 3\CORDAS\VIOLONCELO\Orchidea_Vlc\Violoncello\ordinario\Orchidea_Vlc_mf\Vc-ord-B4-mf-1c-N.wav,.wav,ordinario,ordinario
orchidea,vlc,ordinario,mf,B4,F:\DOUTORAMENTO_22\INSTRUMENTOS\Instrumentos_espectro_versão 3\CORDAS\VIOLONCELO\Orchidea_Vlc\Violoncello\ordinario\Orchidea_Vlc_mf\Vc-ord-B4-mf-2c-N.wav,.wav,ordinario,ordinario
orchidea,vlc,ordinario,mf,B5,F:\DOUTORAMENTO_22\INSTRUMENTOS\Instrumentos_espectro_versão 3\CORDAS\VIOLONCELO\Orchidea_Vlc\Violoncello\ordinario\Orchidea_Vlc_mf\Vc-ord-B5-mf-1c-N.wav,.wav,ordinario,ordinario
orchidea,vlc,ordinario,mf,C#2,F:\DOUTORAMENTO_22\INSTRUMENTOS\Instrumentos_espectro_versão 3\CORDAS\VIOLONCELO\Orchidea_Vlc\Violoncello\ordinario\Orchidea_Vlc_mf\Vc-ord-C#2-mf-4c-N.wav,.wav,ordinario,ordinario
orchidea,vlc,ordinario,mf,C#3,F:\DOUTORAMENTO_22\INSTRUMENTOS\Instrumentos_espectro_versão 3\CORDAS\VIOLONCELO\Orchidea_Vlc\Violoncello\ordinario\Orchidea_Vlc_mf\Vc-ord-C#3-mf-3c-N.wav,.wav,ordinario,ordinario
orchidea,vlc,ordinario,mf,C#3,F:\DOUTORAMENTO_22\INSTRUMENTOS\Instrumentos_espectro_versão 3\CORDAS\VIOLONCELO\Orchidea_Vlc\Violoncello\ordinario\Orchidea_Vlc_mf\Vc-ord-C#3-mf-4c-N.wav,.wav,ordinario,ordinario
orchidea,vlc,ordinario,mf,C#4,F:\DOUTORAMENTO_22\INSTRUMENTOS\Instrumentos_espectro_versão 3\CORDAS\VIOLONCELO\Orchidea_Vlc\Violoncello\ordinario\Orchidea_Vlc_mf\Vc-ord-C#4-mf-1c-N.wav,.wav,ordinario,ordinario
orchidea,vlc,ordinario,mf,C#4,F:\DOUTORAMENTO_22\INSTRUMENTOS\Instrumentos_espectro_versão 3\CORDAS\VIOLONCELO\Orchidea_Vlc\Violoncello\ordinario\Orchidea_Vlc_mf\Vc-ord-C#4-mf-2c-N.wav,.wav,ordinario,ordinario
orchidea,vlc,ordinario,mf,C#4,F:\DOUTORAMENTO_22\INSTRUMENTOS\Instrumentos_espectro_versão 3\CORDAS\VIOLONCELO\Orchidea_Vlc\Violoncello\ordinario\Orchidea_Vlc_mf\Vc-ord-C#4-mf-3c-N.wav,.wav,ordinario,ordinario
orchidea,vlc,ordinario,mf,C#5,F:\DOUTORAMENTO_22\INSTRUMENTOS\Instrumentos_espectro_versão 3\CORDAS\VIOLONCELO\Orchidea_Vlc\Violoncello\ordinario\Orchidea_Vlc_mf\Vc-ord-C#5-mf-1c-N.wav,.wav,ordinario,ordinario
orchidea,vlc,ordinario,mf,C2,F:\DOUTORAMENTO_22\INSTRUMENTOS\Instrumentos_espectro_versão 3\CORDAS\VIOLONCELO\Orchidea_Vlc\Violoncello\ordinario\Orchidea_Vlc_mf\Vc-ord-C2-mf-4c-N.wav,.wav,ordinario,ordinario
orchidea,vlc,ordinario,mf,C3,F:\DOUTORAMENTO_22\INSTRUMENTOS\Instrumentos_espectro_versão 3\CORDAS\VIOLONCELO\Orchidea_Vlc\Violoncello\ordinario\Orchidea_Vlc_mf\Vc-ord-C3-mf-3c-N.wav,.wav,ordinario,ordinario
orchidea,vlc,ordinario,mf,C3,F:\DOUTORAMENTO_22\INSTRUMENTOS\Instrumentos_espectro_versão 3\CORDAS\VIOLONCELO\Orchidea_Vlc\Violoncello\ordinario\Orchidea_Vlc_mf\Vc-ord-C3-mf-4c-N.wav,.wav,ordinario,ordinario
orchidea,vlc,ordinario,mf,C4,F:\DOUTORAMENTO_22\INSTRUMENTOS\Instrumentos_espectro_versão 3\CORDAS\VIOLONCELO\Orchidea_Vlc\Violoncello\ordinario\Orchidea_Vlc_mf\Vc-ord-C4-mf-1c-N.wav,.wav,ordinario,ordinario
orchidea,vlc,ordinario,mf,C4,F:\DOUTORAMENTO_22\INSTRUMENTOS\Instrumentos_espectro_versão 3\CORDAS\VIOLONCELO\Orchidea_Vlc\Violoncello\ordinario\Orchidea_Vlc_mf\Vc-ord-C4-mf-2c-N.wav,.wav,ordinario,ordinario
orchidea,vlc,ordinario,mf,C4,F:\DOUTORAMENTO_22\INSTRUMENTOS\Instrumentos_espectro_versão 3\CORDAS\VIOLONCELO\Orchidea_Vlc\Violoncello\ordinario\Orchidea_Vlc_mf\Vc-ord-C4-mf-3c-N.wav,.wav,ordinario,ordinario
orchidea,vlc,ordinario,mf,C5,F:\DOUTORAMENTO_22\INSTRUMENTOS\Instrumentos_espectro_versão 3\CORDAS\VIOLONCELO\Orchidea_Vlc\Violoncello\ordinario\Orchidea_Vlc_mf\Vc-ord-C5-mf-1c-T11u.wav,.wav,ordinario,ordinario
orchidea,vlc,ordinario,mf,C5,F:\DOUTORAMENTO_22\INSTRUMENTOS\Instrumentos_espectro_versão 3\CORDAS\VIOLONCELO\Orchidea_Vlc\Violoncello\ordinario\Orchidea_Vlc_mf\Vc-ord-C5-mf-2c-T11u.wav,.wav,ordinario,ordinario
orchidea,vlc,ordinario,mf,C6,F:\DOUTORAMENTO_22\INSTRUMENTOS\Instrumentos_espectro_versão 3\CORDAS\VIOLONCELO\Orchidea_Vlc\Violoncello\ordinario\Orchidea_Vlc_mf\Vc-ord-C6-mf-1c-N.wav,.wav,ordinario,ordinario
orchidea,vlc,ordinario,mf,D#2,F:\DOUTORAMENTO_22\INSTRUMENTOS\Instrumentos_espectro_versão 3\CORDAS\VIOLONCELO\Orchidea_Vlc\Violoncello\ordinario\Orchidea_Vlc_mf\Vc-ord-D#2-mf-4c-N.wav,.wav,ordinario,ordinario
orchidea,vlc,ordinario,mf,D#3,F:\DOUTORAMENTO_22\INSTRUMENTOS\Instrumentos_espectro_versão 3\CORDAS\VIOLONCELO\Orchidea_Vlc\Violoncello\ordinario\Orchidea_Vlc_mf\Vc-ord-D#3-mf-2c-N.wav,.wav,ordinario,ordinario
orchidea,vlc,ordinario,mf,D#3,F:\DOUTORAMENTO_22\INSTRUMENTOS\Instrumentos_espectro_versão 3\CORDAS\VIOLONCELO\Orchidea_Vlc\Violoncello\ordinario\Orchidea_Vlc_mf\Vc-ord-D#3-mf-3c-N.wav,.wav,ordinario,ordinario
orchidea,vlc,ordinario,mf,D#3,F:\DOUTORAMENTO_22\INSTRUMENTOS\Instrumentos_espectro_versão 3\CORDAS\VIOLONCELO\Orchidea_Vlc\Violoncello\ordinario\Orchidea_Vlc_mf\Vc-ord-D#3-mf-4c-T13u.wav,.wav,ordinario,ordinario
orchidea,vlc,ordinario,mf,D#4,F:\DOUTORAMENTO_22\INSTRUMENTOS\Instrumentos_espectro_versão 3\CORDAS\VIOLONCELO\Orchidea_Vlc\Violoncello\ordinario\Orchidea_Vlc_mf\Vc-ord-D#4-mf-1c-N.wav,.wav,ordinario,ordinario
orchidea,vlc,ordinario,mf,D#4,F:\DOUTORAMENTO_22\INSTRUMENTOS\Instrumentos_espectro_versão 3\CORDAS\VIOLONCELO\Orchidea_Vlc\Violoncello\ordinario\Orchidea_Vlc_mf\Vc-ord-D#4-mf-2c-T12u.wav,.wav,ordinario,ordinario
orchidea,vlc,ordinario,mf,D#4,F:\DOUTORAMENTO_22\INSTRUMENTOS\Instrumentos_espectro_versão 3\CORDAS\VIOLONCELO\Orchidea_Vlc\Violoncello\ordinario\Orchidea_Vlc_mf\Vc-ord-D#4-mf-3c-N.wav,.wav,ordinario,ordinario
orchidea,vlc,ordinario,mf,D#5,F:\DOUTORAMENTO_22\INSTRUMENTOS\Instrumentos_espectro_versão 3\CORDAS\VIOLONCELO\Orchidea_Vlc\Violoncello\ordinario\Orchidea_Vlc_mf\Vc-ord-D#5-mf-1c-N.wav,.wav,ordinario,ordinario
orchidea,vlc,ordinario,mf,D2,F:\DOUTORAMENTO_22\INSTRUMENTOS\Instrumentos_espectro_versão 3\CORDAS\VIOLONCELO\Orchidea_Vlc\Violoncello\ordinario\Orchidea_Vlc_mf\Vc-ord-D2-mf-4c-N.wav,.wav,ordinario,ordinario
orchidea,vlc,ordinario,mf,D3,F:\DOUTORAMENTO_22\INSTRUMENTOS\Instrumentos_espectro_versão 3\CORDAS\VIOLONCELO\Orchidea_Vlc\Violoncello\ordinario\Orchidea_Vlc_mf\Vc-ord-D3-mf-2c-N.wav,.wav,ordinario,ordinario
orchidea,vlc,ordinario,mf,D3,F:\DOUTORAMENTO_22\INSTRUMENTOS\Instrumentos_espectro_versão 3\CORDAS\VIOLONCELO\Orchidea_Vlc\Violoncello\ordinario\Orchidea_Vlc_mf\Vc-ord-D3-mf-3c-N.wav,.wav,ordinario,ordinario
orchidea,vlc,ordinario,mf,D3,F:\DOUTORAMENTO_22\INSTRUMENTOS\Instrumentos_espectro_versão 3\CORDAS\VIOLONCELO\Orchidea_Vlc\Violoncello\ordinario\Orchidea_Vlc_mf\Vc-ord-D3-mf-4c-N.wav,.wav,ordinario,ordinario
orchidea,vlc,ordinario,mf,D4,F:\DOUTORAMENTO_22\INSTRUMENTOS\Instrumentos_espectro_versão 3\CORDAS\VIOLONCELO\Orchidea_Vlc\Violoncello\ordinario\Orchidea_Vlc_mf\Vc-ord-D4-mf-1c-N.wav,.wav,ordinario,ordinario
orchidea,vlc,ordinario,mf,D4,F:\DOUTORAMENTO_22\INSTRUMENTOS\Instrumentos_espectro_versão 3\CORDAS\VIOLONCELO\Orchidea_Vlc\Violoncello\ordinario\Orchidea_Vlc_mf\Vc-ord-D4-mf-2c-N.wav,.wav,ordinario,ordinario
orchidea,vlc,ordinario,mf,D4,F:\DOUTORAMENTO_22\INSTRUMENTOS\Instrumentos_espectro_versão 3\CORDAS\VIOLONCELO\Orchidea_Vlc\Violoncello\ordinario\Orchidea_Vlc_mf\Vc-ord-D4-mf-3c-N.wav,.wav,ordinario,ordinario
orchidea,vlc,ordinario,mf,D5,F:\DOUTORAMENTO_22\INSTRUMENTOS\Instrumentos_espectro_versão 3\CORDAS\VIOLONCELO\Orchidea_Vlc\Violoncello\ordinario\Orchidea_Vlc_mf\Vc-ord-D5-mf-1c-N.wav,.wav,ordinario,ordinario
orchidea,vlc,ordinario,mf,E2,F:\DOUTORAMENTO_22\INSTRUMENTOS\Instrumentos_espectro_versão 3\CORDAS\VIOLONCELO\Orchidea_Vlc\Violoncello\ordinario\Orchidea_Vlc_mf\Vc-ord-E2-mf-4c-N.wav,.wav,ordinario,ordinario
orchidea,vlc,ordinario,mf,E3,F:\DOUTORAMENTO_22\INSTRUMENTOS\Instrumentos_espectro_versão 3\CORDAS\VIOLONCELO\Orchidea_Vlc\Violoncello\ordinario\Orchidea_Vlc_mf\Vc-ord-E3-mf-2c-N.wav,.wav,ordinario,ordinario
orchidea,vlc,ordinario,mf,E3,F:\DOUTORAMENTO_22\INSTRUMENTOS\Instrumentos_espectro_versão 3\CORDAS\VIOLONCELO\Orchidea_Vlc\Violoncello\ordinario\Orchidea_Vlc_mf\Vc-ord-E3-mf-3c-N.wav,.wav,ordinario,ordinario
orchidea,vlc,ordinario,mf,E3,F:\DOUTORAMENTO_22\INSTRUMENTOS\Instrumentos_espectro_versão 3\CORDAS\VIOLONCELO\Orchidea_Vlc\Violoncello\ordinario\Orchidea_Vlc_mf\Vc-ord-E3-mf-4c-T11u.wav,.wav,ordinario,ordinario
orchidea,vlc,ordinario,mf,E4,F:\DOUTORAMENTO_22\INSTRUMENTOS\Instrumentos_espectro_versão 3\CORDAS\VIOLONCELO\Orchidea_Vlc\Violoncello\ordinario\Orchidea_Vlc_mf\Vc-ord-E4-mf-1c-N.wav,.wav,ordinario,ordinario
orchidea,vlc,ordinario,mf,E4,F:\DOUTORAMENTO_22\INSTRUMENTOS\Instrumentos_espectro_versão 3\CORDAS\VIOLONCELO\Orchidea_Vlc\Violoncello\ordinario\Orchidea_Vlc_mf\Vc-ord-E4-mf-2c-N.wav,.wav,ordinario,ordinario
orchidea,vlc,ordinario,mf,E4,F:\DOUTORAMENTO_22\INSTRUMENTOS\Instrumentos_espectro_versão 3\CORDAS\VIOLONCELO\Orchidea_Vlc\Violoncello\ordinario\Orchidea_Vlc_mf\Vc-ord-E4-mf-3c-N.wav,.wav,ordinario,ordinario
orchidea,vlc,ordinario,mf,E5,F:\DOUTORAMENTO_22\INSTRUMENTOS\Instrumentos_espectro_versão 3\CORDAS\VIOLONCELO\Orchidea_Vlc\Violoncello\ordinario\Orchidea_Vlc_mf\Vc-ord-E5-mf-1c-N.wav,.wav,ordinario,ordinario
orchidea,vlc,ordinario,mf,F#2,F:\DOUTORAMENTO_22\INSTRUMENTOS\Instrumentos_espectro_versão 3\CORDAS\VIOLONCELO\Orchidea_Vlc\Violoncello\ordinario\Orchidea_Vlc_mf\Vc-ord-F#2-mf-4c-N.wav,.wav,ordinario,ordinario
orchidea,vlc,ordinario,mf,F#3,F:\DOUTORAMENTO_22\INSTRUMENTOS\Instrumentos_espectro_versão 3\CORDAS\VIOLONCELO\Orchidea_Vlc\Violoncello\ordinario\Orchidea_Vlc_mf\Vc-ord-F#3-mf-2c-N.wav,.wav,ordinario,ordinario
orchidea,vlc,ordinario,mf,F#3,F:\DOUTORAMENTO_22\INSTRUMENTOS\Instrumentos_espectro_versão 3\CORDAS\VIOLONCELO\Orchidea_Vlc\Violoncello\ordinario\Orchidea_Vlc_mf\Vc-ord-F#3-mf-3c-N.wav,.wav,ordinario,ordinario
orchidea,vlc,ordinario,mf,F#3,F:\DOUTORAMENTO_22\INSTRUMENTOS\Instrumentos_espectro_versão 3\CORDAS\VIOLONCELO\Orchidea_Vlc\Violoncello\ordinario\Orchidea_Vlc_mf\Vc-ord-F#3-mf-4c-T15u.wav,.wav,ordinario,ordinario
orchidea,vlc,ordinario,mf,F#4,F:\DOUTORAMENTO_22\INSTRUMENTOS\Instrumentos_espectro_versão 3\CORDAS\VIOLONCELO\Orchidea_Vlc\Violoncello\ordinario\Orchidea_Vlc_mf\Vc-ord-F#4-mf-1c-N.wav,.wav,ordinario,ordinario
orchidea,vlc,ordinario,mf,F#4,F:\DOUTORAMENTO_22\INSTRUMENTOS\Instrumentos_espectro_versão 3\CORDAS\VIOLONCELO\Orchidea_Vlc\Violoncello\ordinario\Orchidea_Vlc_mf\Vc-ord-F#4-mf-2c-N.wav,.wav,ordinario,ordinario
orchidea,vlc,ordinario,mf,F#5,F:\DOUTORAMENTO_22\INSTRUMENTOS\Instrumentos_espectro_versão 3\CORDAS\VIOLONCELO\Orchidea_Vlc\Violoncello\ordinario\Orchidea_Vlc_mf\Vc-ord-F#5-mf-1c-T12u.wav,.wav,ordinario,ordinario
orchidea,vlc,ordinario,mf,F2,F:\DOUTORAMENTO_22\INSTRUMENTOS\Instrumentos_espectro_versão 3\CORDAS\VIOLONCELO\Orchidea_Vlc\Violoncello\ordinario\Orchidea_Vlc_mf\Vc-ord-F2-mf-4c-T17u.wav,.wav,ordinario,ordinario
orchidea,vlc,ordinario,mf,F3,F:\DOUTORAMENTO_22\INSTRUMENTOS\Instrumentos_espectro_versão 3\CORDAS\VIOLONCELO\Orchidea_Vlc\Violoncello\ordinario\Orchidea_Vlc_mf\Vc-ord-F3-mf-2c-N.wav,.wav,ordinario,ordinario
orchidea,vlc,ordinario,mf,F3,F:\DOUTORAMENTO_22\INSTRUMENTOS\Instrumentos_espectro_versão 3\CORDAS\VIOLONCELO\Orchidea_Vlc\Violoncello\ordinario\Orchidea_Vlc_mf\Vc-ord-F3-mf-3c-T11d.wav,.wav,ordinario,ordinario
orchidea,vlc,ordinario,mf,F3,F:\DOUTORAMENTO_22\INSTRUMENTOS\Instrumentos_espectro_versão 3\CORDAS\VIOLONCELO\Orchidea_Vlc\Violoncello\ordinario\Orchidea_Vlc_mf\Vc-ord-F3-mf-4c-T17u.wav,.wav,ordinario,ordinario
orchidea,vlc,ordinario,mf,F4,F:\DOUTORAMENTO_22\INSTRUMENTOS\Instrumentos_espectro_versão 3\CORDAS\VIOLONCELO\Orchidea_Vlc\Violoncello\ordinario\Orchidea_Vlc_mf\Vc-ord-F4-mf-1c-N.wav,.wav,ordinario,ordinario
orchidea,vlc,ordinario,mf,F4,F:\DOUTORAMENTO_22\INSTRUMENTOS\Instrumentos_espectro_versão 3\CORDAS\VIOLONCELO\Orchidea_Vlc\Violoncello\ordinario\Orchidea_Vlc_mf\Vc-ord-F4-mf-2c-N.wav,.wav,ordinario,ordinario
orchidea,vlc,ordinario,mf,F4,F:\DOUTORAMENTO_22\INSTRUMENTOS\Instrumentos_espectro_versão 3\CORDAS\VIOLONCELO\Orchidea_Vlc\Violoncello\ordinario\Orchidea_Vlc_mf\Vc-ord-F4-mf-3c-T11u.wav,.wav,ordinario,ordinario
orchidea,vlc,ordinario,mf,F5,F:\DOUTORAMENTO_22\INSTRUMENTOS\Instrumentos_espectro_versão 3\CORDAS\VIOLONCELO\Orchidea_Vlc\Violoncello\ordinario\Orchidea_Vlc_mf\Vc-ord-F5-mf-1c-N.wav,.wav,ordinario,ordinario
orchidea,vlc,ordinario,mf,G#2,F:\DOUTORAMENTO_22\INSTRUMENTOS\Instrumentos_espectro_versão 3\CORDAS\VIOLONCELO\Orchidea_Vlc\Violoncello\ordinario\Orchidea_Vlc_mf\Vc-ord-G#2-mf-3c-N.wav,.wav,ordinario,ordinario
orchidea,vlc,ordinario,mf,G#2,F:\DOUTORAMENTO_22\INSTRUMENTOS\Instrumentos_espectro_versão 3\CORDAS\VIOLONCELO\Orchidea_Vlc\Violoncello\ordinario\Orchidea_Vlc_mf\Vc-ord-G#2-mf-4c-N.wav,.wav,ordinario,ordinario
orchidea,vlc,ordinario,mf,G#3,F:\DOUTORAMENTO_22\INSTRUMENTOS\Instrumentos_espectro_versão 3\CORDAS\VIOLONCELO\Orchidea_Vlc\Violoncello\ordinario\Orchidea_Vlc_mf\Vc-ord-G#3-mf-2c-N.wav,.wav,ordinario,ordinario
orchidea,vlc,ordinario,mf,G#3,F:\DOUTORAMENTO_22\INSTRUMENTOS\Instrumentos_espectro_versão 3\CORDAS\VIOLONCELO\Orchidea_Vlc\Violoncello\ordinario\Orchidea_Vlc_mf\Vc-ord-G#3-mf-3c-N.wav,.wav,ordinario,ordinario
orchidea,vlc,ordinario,mf,G#3,F:\DOUTORAMENTO_22\INSTRUMENTOS\Instrumentos_espectro_versão 3\CORDAS\VIOLONCELO\Orchidea_Vlc\Violoncello\ordinario\Orchidea_Vlc_mf\Vc-ord-G#3-mf-4c-N.wav,.wav,ordinario,ordinario
orchidea,vlc,ordinario,mf,G#4,F:\DOUTORAMENTO_22\INSTRUMENTOS\Instrumentos_espectro_versão 3\CORDAS\VIOLONCELO\Orchidea_Vlc\Violoncello\ordinario\Orchidea_Vlc_mf\Vc-ord-G#4-mf-1c-N.wav,.wav,ordinario,ordinario
orchidea,vlc,ordinario,mf,G#4,F:\DOUTORAMENTO_22\INSTRUMENTOS\Instrumentos_espectro_versão 3\CORDAS\VIOLONCELO\Orchidea_Vlc\Violoncello\ordinario\Orchidea_Vlc_mf\Vc-ord-G#4-mf-2c-N.wav,.wav,ordinario,ordinario
orchidea,vlc,ordinario,mf,G#5,F:\DOUTORAMENTO_22\INSTRUMENTOS\Instrumentos_espectro_versão 3\CORDAS\VIOLONCELO\Orchidea_Vlc\Violoncello\ordinario\Orchidea_Vlc_mf\Vc-ord-G#5-mf-1c-N.wav,.wav,ordinario,ordinario
orchidea,vlc,ordinario,mf,G2,F:\DOUTORAMENTO_22\INSTRUMENTOS\Instrumentos_espectro_versão 3\CORDAS\VIOLONCELO\Orchidea_Vlc\Violoncello\ordinario\Orchidea_Vlc_mf\Vc-ord-G2-mf-3c-N.wav,.wav,ordinario,ordinario
orchidea,vlc,ordinario,mf,G2,F:\DOUTORAMENTO_22\INSTRUMENTOS\Instrumentos_espectro_versão 3\CORDAS\VIOLONCELO\Orchidea_Vlc\Violoncello\ordinario\Orchidea_Vlc_mf\Vc-ord-G2-mf-4c-N.wav,.wav,ordinario,ordinario
orchidea,vlc,ordinario,mf,G3,F:\DOUTORAMENTO_22\INSTRUMENTOS\Instrumentos_espectro_versão 3\CORDAS\VIOLONCELO\Orchidea_Vlc\Violoncello\ordinario\Orchidea_Vlc_mf\Vc-ord-G3-mf-2c-N.wav,.wav,ordinario,ordinario
orchidea,vlc,ordinario,mf,G3,F:\DOUTORAMENTO_22\INSTRUMENTOS\Instrumentos_espectro_versão 3\CORDAS\VIOLONCELO\Orchidea_Vlc\Violoncello\ordinario\Orchidea_Vlc_mf\Vc-ord-G3-mf-3c-N.wav,.wav,ordinario,ordinario
orchidea,vlc,ordinario,mf,G3,F:\DOUTORAMENTO_22\INSTRUMENTOS\Instrumentos_espectro_versão 3\CORDAS\VIOLONCELO\Orchidea_Vlc\Violoncello\ordinario\Orchidea_Vlc_mf\Vc-ord-G3-mf-4c-N.wav,.wav,ordinario,ordinario
orchidea,vlc,ordinario,mf,G4,F:\DOUTORAMENTO_22\INSTRUMENTOS\Instrumentos_espectro_versão 3\CORDAS\VIOLONCELO\Orchidea_Vlc\Violoncello\ordinario\Orchidea_Vlc_mf\Vc-ord-G4-mf-1c-N.wav,.wav,ordinario,ordinario
orchidea,vlc,ordinario,mf,G4,F:\DOUTORAMENTO_22\INSTRUMENTOS\Instrumentos_espectro_versão 3\CORDAS\VIOLONCELO\Orchidea_Vlc\Violoncello\ordinario\Orchidea_Vlc_mf\Vc-ord-G4-mf-2c-N.wav,.wav,ordinario,ordinario
orchidea,vlc,ordinario,mf,G5,F:\DOUTORAMENTO_22\INSTRUMENTOS\Instrumentos_espectro_versão 3\CORDAS\VIOLONCELO\Orchidea_Vlc\Violoncello\ordinario\Orchidea_Vlc_mf\Vc-ord-G5-mf-1c-N.wav,.wav,ordinario,ordinario
orchidea,vlc,ordinario,mf,A#2,F:\DOUTORAMENTO_22\INSTRUMENTOS\Instrumentos_espectro_versão 3\CORDAS\VIOLONCELO\Orchidea_Vlc\Violoncello\ordinario\Orchidea_Vlc_mf\_Attacks\Vc-ord-A#2-mf-3c-T13u_Attacks.wav,.wav,ordinario,ordinario
orchidea,vlc,ordinario,mf,A#2,F:\DOUTORAMENTO_22\INSTRUMENTOS\Instrumentos_espectro_versão 3\CORDAS\VIOLONCELO\Orchidea_Vlc\Violoncello\ordinario\Orchidea_Vlc_mf\_Attacks\Vc-ord-A#2-mf-4c-N_Attacks.wav,.wav,ordinario,ordinario
orchidea,vlc,ordinario,mf,A#3,F:\DOUTORAMENTO_22\INSTRUMENTOS\Instrumentos_espectro_versão 3\CORDAS\VIOLONCELO\Orchidea_Vlc\Violoncello\ordinario\Orchidea_Vlc_mf\_Attacks\Vc-ord-A#3-mf-1c-N_Attacks.wav,.wav,ordinario,ordinario
orchidea,vlc,ordinario,mf,A#3,F:\DOUTORAMENTO_22\INSTRUMENTOS\Instrumentos_espectro_versão 3\CORDAS\VIOLONCELO\Orchidea_Vlc\Violoncello\ordinario\Orchidea_Vlc_mf\_Attacks\Vc-ord-A#3-mf-2c-T12u_Attacks.wav,.wav,ordinario,ordinario
orchidea,vlc,ordinario,mf,A#3,F:\DOUTORAMENTO_22\INSTRUMENTOS\Instrumentos_espectro_versão 3\CORDAS\VIOLONCELO\Orchidea_Vlc\Violoncello\ordinario\Orchidea_Vlc_mf\_Attacks\Vc-ord-A#3-mf-3c-T16d_R100u_Attacks.wav,.wav,ordinario,ordinario
orchidea,vlc,ordinario,mf,A#3,F:\DOUTORAMENTO_22\INSTRUMENTOS\Instrumentos_espectro_versão 3\CORDAS\VIOLONCELO\Orchidea_Vlc\Violoncello\ordinario\Orchidea_Vlc_mf\_Attacks\Vc-ord-A#3-mf-4c-N_Attacks.wav,.wav,ordinario,ordinario
orchidea,vlc,ordinario,mf,A#4,F:\DOUTORAMENTO_22\INSTRUMENTOS\Instrumentos_espectro_versão 3\CORDAS\VIOLONCELO\Orchidea_Vlc\Violoncello\ordinario\Orchidea_Vlc_mf\_Attacks\Vc-ord-A#4-mf-1c-N_Attacks.wav,.wav,ordinario,ordinario
orchidea,vlc,ordinario,mf,A#4,F:\DOUTORAMENTO_22\INSTRUMENTOS\Instrumentos_espectro_versão 3\CORDAS\VIOLONCELO\Orchidea_Vlc\Violoncello\ordinario\Orchidea_Vlc_mf\_Attacks\Vc-ord-A#4-mf-2c-N_Attacks.wav,.wav,ordinario,ordinario
orchidea,vlc,ordinario,mf,A#5,F:\DOUTORAMENTO_22\INSTRUMENTOS\Instrumentos_espectro_versão 3\CORDAS\VIOLONCELO\Orchidea_Vlc\Violoncello\ordinario\Orchidea_Vlc_mf\_Attacks\Vc-ord-A#5-mf-1c-N_Attacks.wav,.wav,ordinario,ordinario
orchidea,vlc,ordinario,mf,A2,F:\DOUTORAMENTO_22\INSTRUMENTOS\Instrumentos_espectro_versão 3\CORDAS\VIOLONCELO\Orchidea_Vlc\Violoncello\ordinario\Orchidea_Vlc_mf\_Attacks\Vc-ord-A2-mf-3c-N_Attacks.wav,.wav,ordinario,ordinario
orchidea,vlc,ordinario,mf,A2,F:\DOUTORAMENTO_22\INSTRUMENTOS\Instrumentos_espectro_versão 3\CORDAS\VIOLONCELO\Orchidea_Vlc\Violoncello\ordinario\Orchidea_Vlc_mf\_Attacks\Vc-ord-A2-mf-4c-N_Attacks.wav,.wav,ordinario,ordinario
orchidea,vlc,ordinario,mf,A3,F:\DOUTORAMENTO_22\INSTRUMENTOS\Instrumentos_espectro_versão 3\CORDAS\VIOLONCELO\Orchidea_Vlc\Violoncello\ordinario\Orchidea_Vlc_mf\_Attacks\Vc-ord-A3-mf-1c-N_Attacks.wav,.wav,ordinario,ordinario
orchidea,vlc,ordinario,mf,A3,F:\DOUTORAMENTO_22\INSTRUMENTOS\Instrumentos_espectro_versão 3\CORDAS\VIOLONCELO\Orchidea_Vlc\Violoncello\ordinario\Orchidea_Vlc_mf\_Attacks\Vc-ord-A3-mf-2c-N_Attacks.wav,.wav,ordinario,ordinario
orchidea,vlc,ordinario,mf,A3,F:\DOUTORAMENTO_22\INSTRUMENTOS\Instrumentos_espectro_versão 3\CORDAS\VIOLONCELO\Orchidea_Vlc\Violoncello\ordinario\Orchidea_Vlc_mf\_Attacks\Vc-ord-A3-mf-3c-T16d_Attacks.wav,.wav,ordinario,ordinario
orchidea,vlc,ordinario,mf,A3,F:\DOUTORAMENTO_22\INSTRUMENTOS\Instrumentos_espectro_versão 3\CORDAS\VIOLONCELO\Orchidea_Vlc\Violoncello\ordinario\Orchidea_Vlc_mf\_Attacks\Vc-ord-A3-mf-4c-N_Attacks.wav,.wav,ordinario,ordinario
orchidea,vlc,ordinario,mf,A4,F:\DOUTORAMENTO_22\INSTRUMENTOS\Instrumentos_espectro_versão 3\CORDAS\VIOLONCELO\Orchidea_Vlc\Violoncello\ordinario\Orchidea_Vlc_mf\_Attacks\Vc-ord-A4-mf-1c-N_Attacks.wav,.wav,ordinario,ordinario
orchidea,vlc,ordinario,mf,A4,F:\DOUTORAMENTO_22\INSTRUMENTOS\Instrumentos_espectro_versão 3\CORDAS\VIOLONCELO\Orchidea_Vlc\Violoncello\ordinario\Orchidea_Vlc_mf\_Attacks\Vc-ord-A4-mf-2c-N_Attacks.wav,.wav,ordinario,ordinario
orchidea,vlc,ordinario,mf,A5,F:\DOUTORAMENTO_22\INSTRUMENTOS\Instrumentos_espectro_versão 3\CORDAS\VIOLONCELO\Orchidea_Vlc\Violoncello\ordinario\Orchidea_Vlc_mf\_Attacks\Vc-ord-A5-mf-1c-N_Attacks.wav,.wav,ordinario,ordinario
orchidea,vlc,ordinario,mf,B2,F:\DOUTORAMENTO_22\INSTRUMENTOS\Instrumentos_espectro_versão 3\CORDAS\VIOLONCELO\Orchidea_Vlc\Violoncello\ordinario\Orchidea_Vlc_mf\_Attacks\Vc-ord-B2-mf-3c-N_Attacks.wav,.wav,ordinario,ordinario
orchidea,vlc,ordinario,mf,B2,F:\DOUTORAMENTO_22\INSTRUMENTOS\Instrumentos_espectro_versão 3\CORDAS\VIOLONCELO\Orchidea_Vlc\Violoncello\ordinario\Orchidea_Vlc_mf\_Attacks\Vc-ord-B2-mf-4c-T20u_Attacks.wav,.wav,ordinario,ordinario
orchidea,vlc,ordinario,mf,B3,F:\DOUTORAMENTO_22\INSTRUMENTOS\Instrumentos_espectro_versão 3\CORDAS\VIOLONCELO\Orchidea_Vlc\Violoncello\ordinario\Orchidea_Vlc_mf\_Attacks\Vc-ord-B3-mf-1c-N_Attacks.wav,.wav,ordinario,ordinario
orchidea,vlc,ordinario,mf,B3,F:\DOUTORAMENTO_22\INSTRUMENTOS\Instrumentos_espectro_versão 3\CORDAS\VIOLONCELO\Orchidea_Vlc\Violoncello\ordinario\Orchidea_Vlc_mf\_Attacks\Vc-ord-B3-mf-2c-N_Attacks.wav,.wav,ordinario,ordinario
orchidea,vlc,ordinario,mf,B3,F:\DOUTORAMENTO_22\INSTRUMENTOS\Instrumentos_espectro_versão 3\CORDAS\VIOLONCELO\Orchidea_Vlc\Violoncello\ordinario\Orchidea_Vlc_mf\_Attacks\Vc-ord-B3-mf-3c-N_Attacks.wav,.wav,ordinario,ordinario
orchidea,vlc,ordinario,mf,B4,F:\DOUTORAMENTO_22\INSTRUMENTOS\Instrumentos_espectro_versão 3\CORDAS\VIOLONCELO\Orchidea_Vlc\Violoncello\ordinario\Orchidea_Vlc_mf\_Attacks\Vc-ord-B4-mf-1c-N_Attacks.wav,.wav,ordinario,ordinario
orchidea,vlc,ordinario,mf,B4,F:\DOUTORAMENTO_22\INSTRUMENTOS\Instrumentos_espectro_versão 3\CORDAS\VIOLONCELO\Orchidea_Vlc\Violoncello\ordinario\Orchidea_Vlc_mf\_Attacks\Vc-ord-B4-mf-2c-N_Attacks.wav,.wav,ordinario,ordinario
orchidea,vlc,ordinario,mf,B5,F:\DOUTORAMENTO_22\INSTRUMENTOS\Instrumentos_espectro_versão 3\CORDAS\VIOLONCELO\Orchidea_Vlc\Violoncello\ordinario\Orchidea_Vlc_mf\_Attacks\Vc-ord-B5-mf-1c-N_Attacks.wav,.wav,ordinario,ordinario
orchidea,vlc,ordinario,mf,C#2,F:\DOUTORAMENTO_22\INSTRUMENTOS\Instrumentos_espectro_versão 3\CORDAS\VIOLONCELO\Orchidea_Vlc\Violoncello\ordinario\Orchidea_Vlc_mf\_Attacks\Vc-ord-C#2-mf-4c-N_Attacks.wav,.wav,ordinario,ordinario
orchidea,vlc,ordinario,mf,C#3,F:\DOUTORAMENTO_22\INSTRUMENTOS\Instrumentos_espectro_versão 3\CORDAS\VIOLONCELO\Orchidea_Vlc\Violoncello\ordinario\Orchidea_Vlc_mf\_Attacks\Vc-ord-C#3-mf-3c-N_Attacks.wav,.wav,ordinario,ordinario
orchidea,vlc,ordinario,mf,C#3,F:\DOUTORAMENTO_22\INSTRUMENTOS\Instrumentos_espectro_versão 3\CORDAS\VIOLONCELO\Orchidea_Vlc\Violoncello\ordinario\Orchidea_Vlc_mf\_Attacks\Vc-ord-C#3-mf-4c-N_Attacks.wav,.wav,ordinario,ordinario
orchidea,vlc,ordinario,mf,C#4,F:\DOUTORAMENTO_22\INSTRUMENTOS\Instrumentos_espectro_versão 3\CORDAS\VIOLONCELO\Orchidea_Vlc\Violoncello\ordinario\Orchidea_Vlc_mf\_Attacks\Vc-ord-C#4-mf-1c-N_Attacks.wav,.wav,ordinario,ordinario
orchidea,vlc,ordinario,mf,C#4,F:\DOUTORAMENTO_22\INSTRUMENTOS\Instrumentos_espectro_versão 3\CORDAS\VIOLONCELO\Orchidea_Vlc\Violoncello\ordinario\Orchidea_Vlc_mf\_Attacks\Vc-ord-C#4-mf-2c-N_Attacks.wav,.wav,ordinario,ordinario
orchidea,vlc,ordinario,mf,C#4,F:\DOUTORAMENTO_22\INSTRUMENTOS\Instrumentos_espectro_versão 3\CORDAS\VIOLONCELO\Orchidea_Vlc\Violoncello\ordinario\Orchidea_Vlc_mf\_Attacks\Vc-ord-C#4-mf-3c-N_Attacks.wav,.wav,ordinario,ordinario
orchidea,vlc,ordinario,mf,C#5,F:\DOUTORAMENTO_22\INSTRUMENTOS\Instrumentos_espectro_versão 3\CORDAS\VIOLONCELO\Orchidea_Vlc\Violoncello\ordinario\Orchidea_Vlc_mf\_Attacks\Vc-ord-C#5-mf-1c-N_Attacks.wav,.wav,ordinario,ordinario
orchidea,vlc,ordinario,mf,C2,F:\DOUTORAMENTO_22\INSTRUMENTOS\Instrumentos_espectro_versão 3\CORDAS\VIOLONCELO\Orchidea_Vlc\Violoncello\ordinario\Orchidea_Vlc_mf\_Attacks\Vc-ord-C2-mf-4c-N_Attacks.wav,.wav,ordinario,ordinario
orchidea,vlc,ordinario,mf,C3,F:\DOUTORAMENTO_22\INSTRUMENTOS\Instrumentos_espectro_versão 3\CORDAS\VIOLONCELO\Orchidea_Vlc\Violoncello\ordinario\Orchidea_Vlc_mf\_Attacks\Vc-ord-C3-mf-3c-N_Attacks.wav,.wav,ordinario,ordinario
orchidea,vlc,ordinario,mf,C3,F:\DOUTORAMENTO_22\INSTRUMENTOS\Instrumentos_espectro_versão 3\CORDAS\VIOLONCELO\Orchidea_Vlc\Violoncello\ordinario\Orchidea_Vlc_mf\_Attacks\Vc-ord-C3-mf-4c-N_Attacks.wav,.wav,ordinario,ordinario
orchidea,vlc,ordinario,mf,C4,F:\DOUTORAMENTO_22\INSTRUMENTOS\Instrumentos_espectro_versão 3\CORDAS\VIOLONCELO\Orchidea_Vlc\Violoncello\ordinario\Orchidea_Vlc_mf\_Attacks\Vc-ord-C4-mf-1c-N_Attacks.wav,.wav,ordinario,ordinario
orchidea,vlc,ordinario,mf,C4,F:\DOUTORAMENTO_22\INSTRUMENTOS\Instrumentos_espectro_versão 3\CORDAS\VIOLONCELO\Orchidea_Vlc\Violoncello\ordinario\Orchidea_Vlc_mf\_Attacks\Vc-ord-C4-mf-2c-N_Attacks.wav,.wav,ordinario,ordinario
orchidea,vlc,ordinario,mf,C4,F:\DOUTORAMENTO_22\INSTRUMENTOS\Instrumentos_espectro_versão 3\CORDAS\VIOLONCELO\Orchidea_Vlc\Violoncello\ordinario\Orchidea_Vlc_mf\_Attacks\Vc-ord-C4-mf-3c-N_Attacks.wav,.wav,ordinario,ordinario
orchidea,vlc,ordinario,mf,C5,F:\DOUTORAMENTO_22\INSTRUMENTOS\Instrumentos_espectro_versão 3\CORDAS\VIOLONCELO\Orchidea_Vlc\Violoncello\ordinario\Orchidea_Vlc_mf\_Attacks\Vc-ord-C5-mf-1c-T11u_Attacks.wav,.wav,ordinario,ordinario
orchidea,vlc,ordinario,mf,C5,F:\DOUTORAMENTO_22\INSTRUMENTOS\Instrumentos_espectro_versão 3\CORDAS\VIOLONCELO\Orchidea_Vlc\Violoncello\ordinario\Orchidea_Vlc_mf\_Attacks\Vc-ord-C5-mf-2c-T11u_Attacks.wav,.wav,ordinario,ordinario
orchidea,vlc,ordinario,mf,C6,F:\DOUTORAMENTO_22\INSTRUMENTOS\Instrumentos_espectro_versão 3\CORDAS\VIOLONCELO\Orchidea_Vlc\Violoncello\ordinario\Orchidea_Vlc_mf\_Attacks\Vc-ord-C6-mf-1c-N_Attacks.wav,.wav,ordinario,ordinario
orchidea,vlc,ordinario,mf,D#2,F:\DOUTORAMENTO_22\INSTRUMENTOS\Instrumentos_espectro_versão 3\CORDAS\VIOLONCELO\Orchidea_Vlc\Violoncello\ordinario\Orchidea_Vlc_mf\_Attacks\Vc-ord-D#2-mf-4c-N_Attacks.wav,.wav,ordinario,ordinario
orchidea,vlc,ordinario,mf,D#3,F:\DOUTORAMENTO_22\INSTRUMENTOS\Instrumentos_espectro_versão 3\CORDAS\VIOLONCELO\Orchidea_Vlc\Violoncello\ordinario\Orchidea_Vlc_mf\_Attacks\Vc-ord-D#3-mf-2c-N_Attacks.wav,.wav,ordinario,ordinario
orchidea,vlc,ordinario,mf,D#3,F:\DOUTORAMENTO_22\INSTRUMENTOS\Instrumentos_espectro_versão 3\CORDAS\VIOLONCELO\Orchidea_Vlc\Violoncello\ordinario\Orchidea_Vlc_mf\_Attacks\Vc-ord-D#3-mf-3c-N_Attacks.wav,.wav,ordinario,ordinario
orchidea,vlc,ordinario,mf,D#3,F:\DOUTORAMENTO_22\INSTRUMENTOS\Instrumentos_espectro_versão 3\CORDAS\VIOLONCELO\Orchidea_Vlc\Violoncello\ordinario\Orchidea_Vlc_mf\_Attacks\Vc-ord-D#3-mf-4c-T13u_Attacks.wav,.wav,ordinario,ordinario
orchidea,vlc,ordinario,mf,D#4,F:\DOUTORAMENTO_22\INSTRUMENTOS\Instrumentos_espectro_versão 3\CORDAS\VIOLONCELO\Orchidea_Vlc\Violoncello\ordinario\Orchidea_Vlc_mf\_Attacks\Vc-ord-D#4-mf-1c-N_Attacks.wav,.wav,ordinario,ordinario
orchidea,vlc,ordinario,mf,D#4,F:\DOUTORAMENTO_22\INSTRUMENTOS\Instrumentos_espectro_versão 3\CORDAS\VIOLONCELO\Orchidea_Vlc\Violoncello\ordinario\Orchidea_Vlc_mf\_Attacks\Vc-ord-D#4-mf-2c-T12u_Attacks.wav,.wav,ordinario,ordinario
orchidea,vlc,ordinario,mf,D#4,F:\DOUTORAMENTO_22\INSTRUMENTOS\Instrumentos_espectro_versão 3\CORDAS\VIOLONCELO\Orchidea_Vlc\Violoncello\ordinario\Orchidea_Vlc_mf\_Attacks\Vc-ord-D#4-mf-3c-N_Attacks.wav,.wav,ordinario,ordinario
orchidea,vlc,ordinario,mf,D#5,F:\DOUTORAMENTO_22\INSTRUMENTOS\Instrumentos_espectro_versão 3\CORDAS\VIOLONCELO\Orchidea_Vlc\Violoncello\ordinario\Orchidea_Vlc_mf\_Attacks\Vc-ord-D#5-mf-1c-N_Attacks.wav,.wav,ordinario,ordinario
orchidea,vlc,ordinario,mf,D2,F:\DOUTORAMENTO_22\INSTRUMENTOS\Instrumentos_espectro_versão 3\CORDAS\VIOLONCELO\Orchidea_Vlc\Violoncello\ordinario\Orchidea_Vlc_mf\_Attacks\Vc-ord-D2-mf-4c-N_Attacks.wav,.wav,ordinario,ordinario
orchidea,vlc,ordinario,mf,D3,F:\DOUTORAMENTO_22\INSTRUMENTOS\Instrumentos_espectro_versão 3\CORDAS\VIOLONCELO\Orchidea_Vlc\Violoncello\ordinario\Orchidea_Vlc_mf\_Attacks\Vc-ord-D3-mf-2c-N_Attacks.wav,.wav,ordinario,ordinario
orchidea,vlc,ordinario,mf,D3,F:\DOUTORAMENTO_22\INSTRUMENTOS\Instrumentos_espectro_versão 3\CORDAS\VIOLONCELO\Orchidea_Vlc\Violoncello\ordinario\Orchidea_Vlc_mf\_Attacks\Vc-ord-D3-mf-3c-N_Attacks.wav,.wav,ordinario,ordinario
orchidea,vlc,ordinario,mf,D3,F:\DOUTORAMENTO_22\INSTRUMENTOS\Instrumentos_espectro_versão 3\CORDAS\VIOLONCELO\Orchidea_Vlc\Violoncello\ordinario\Orchidea_Vlc_mf\_Attacks\Vc-ord-D3-mf-4c-N_Attacks.wav,.wav,ordinario,ordinario
orchidea,vlc,ordinario,mf,D4,F:\DOUTORAMENTO_22\INSTRUMENTOS\Instrumentos_espectro_versão 3\CORDAS\VIOLONCELO\Orchidea_Vlc\Violoncello\ordinario\Orchidea_Vlc_mf\_Attacks\Vc-ord-D4-mf-1c-N_Attacks.wav,.wav,ordinario,ordinario
orchidea,vlc,ordinario,mf,D4,F:\DOUTORAMENTO_22\INSTRUMENTOS\Instrumentos_espectro_versão 3\CORDAS\VIOLONCELO\Orchidea_Vlc\Violoncello\ordinario\Orchidea_Vlc_mf\_Attacks\Vc-ord-D4-mf-2c-N_Attacks.wav,.wav,ordinario,ordinario
orchidea,vlc,ordinario,mf,D4,F:\DOUTORAMENTO_22\INSTRUMENTOS\Instrumentos_espectro_versão 3\CORDAS\VIOLONCELO\Orchidea_Vlc\Violoncello\ordinario\Orchidea_Vlc_mf\_Attacks\Vc-ord-D4-mf-3c-N_Attacks.wav,.wav,ordinario,ordinario
orchidea,vlc,ordinario,mf,D5,F:\DOUTORAMENTO_22\INSTRUMENTOS\Instrumentos_espectro_versão 3\CORDAS\VIOLONCELO\Orchidea_Vlc\Violoncello\ordinario\Orchidea_Vlc_mf\_Attacks\Vc-ord-D5-mf-1c-N_Attacks.wav,.wav,ordinario,ordinario
orchidea,vlc,ordinario,mf,E2,F:\DOUTORAMENTO_22\INSTRUMENTOS\Instrumentos_espectro_versão 3\CORDAS\VIOLONCELO\Orchidea_Vlc\Violoncello\ordinario\Orchidea_Vlc_mf\_Attacks\Vc-ord-E2-mf-4c-N_Attacks.wav,.wav,ordinario,ordinario
orchidea,vlc,ordinario,mf,E3,F:\DOUTORAMENTO_22\INSTRUMENTOS\Instrumentos_espectro_versão 3\CORDAS\VIOLONCELO\Orchidea_Vlc\Violoncello\ordinario\Orchidea_Vlc_mf\_Attacks\Vc-ord-E3-mf-2c-N_Attacks.wav,.wav,ordinario,ordinario
orchidea,vlc,ordinario,mf,E3,F:\DOUTORAMENTO_22\INSTRUMENTOS\Instrumentos_espectro_versão 3\CORDAS\VIOLONCELO\Orchidea_Vlc\Violoncello\ordinario\Orchidea_Vlc_mf\_Attacks\Vc-ord-E3-mf-3c-N_Attacks.wav,.wav,ordinario,ordinario
orchidea,vlc,ordinario,mf,E3,F:\DOUTORAMENTO_22\INSTRUMENTOS\Instrumentos_espectro_versão 3\CORDAS\VIOLONCELO\Orchidea_Vlc\Violoncello\ordinario\Orchidea_Vlc_mf\_Attacks\Vc-ord-E3-mf-4c-T11u_Attacks.wav,.wav,ordinario,ordinario
orchidea,vlc,ordinario,mf,E4,F:\DOUTORAMENTO_22\INSTRUMENTOS\Instrumentos_espectro_versão 3\CORDAS\VIOLONCELO\Orchidea_Vlc\Violoncello\ordinario\Orchidea_Vlc_mf\_Attacks\Vc-ord-E4-mf-1c-N_Attacks.wav,.wav,ordinario,ordinario
orchidea,vlc,ordinario,mf,E4,F:\DOUTORAMENTO_22\INSTRUMENTOS\Instrumentos_espectro_versão 3\CORDAS\VIOLONCELO\Orchidea_Vlc\Violoncello\ordinario\Orchidea_Vlc_mf\_Attacks\Vc-ord-E4-mf-2c-N_Attacks.wav,.wav,ordinario,ordinario
orchidea,vlc,ordinario,mf,E4,F:\DOUTORAMENTO_22\INSTRUMENTOS\Instrumentos_espectro_versão 3\CORDAS\VIOLONCELO\Orchidea_Vlc\Violoncello\ordinario\Orchidea_Vlc_mf\_Attacks\Vc-ord-E4-mf-3c-N_Attacks.wav,.wav,ordinario,ordinario
orchidea,vlc,ordinario,mf,E5,F:\DOUTORAMENTO_22\INSTRUMENTOS\Instrumentos_espectro_versão 3\CORDAS\VIOLONCELO\Orchidea_Vlc\Violoncello\ordinario\Orchidea_Vlc_mf\_Attacks\Vc-ord-E5-mf-1c-N_Attacks.wav,.wav,ordinario,ordinario
orchidea,vlc,ordinario,mf,F#2,F:\DOUTORAMENTO_22\INSTRUMENTOS\Instrumentos_espectro_versão 3\CORDAS\VIOLONCELO\Orchidea_Vlc\Violoncello\ordinario\Orchidea_Vlc_mf\_Attacks\Vc-ord-F#2-mf-4c-N_Attacks.wav,.wav,ordinario,ordinario
orchidea,vlc,ordinario,mf,F#3,F:\DOUTORAMENTO_22\INSTRUMENTOS\Instrumentos_espectro_versão 3\CORDAS\VIOLONCELO\Orchidea_Vlc\Violoncello\ordinario\Orchidea_Vlc_mf\_Attacks\Vc-ord-F#3-mf-2c-N_Attacks.wav,.wav,ordinario,ordinario
orchidea,vlc,ordinario,mf,F#3,F:\DOUTORAMENTO_22\INSTRUMENTOS\Instrumentos_espectro_versão 3\CORDAS\VIOLONCELO\Orchidea_Vlc\Violoncello\ordinario\Orchidea_Vlc_mf\_Attacks\Vc-ord-F#3-mf-3c-N_Attacks.wav,.wav,ordinario,ordinario
orchidea,vlc,ordinario,mf,F#3,F:\DOUTORAMENTO_22\INSTRUMENTOS\Instrumentos_espectro_versão 3\CORDAS\VIOLONCELO\Orchidea_Vlc\Violoncello\ordinario\Orchidea_Vlc_mf\_Attacks\Vc-ord-F#3-mf-4c-T15u_Attacks.wav,.wav,ordinario,ordinario
orchidea,vlc,ordinario,mf,F#4,F:\DOUTORAMENTO_22\INSTRUMENTOS\Instrumentos_espectro_versão 3\CORDAS\VIOLONCELO\Orchidea_Vlc\Violoncello\ordinario\Orchidea_Vlc_mf\_Attacks\Vc-ord-F#4-mf-1c-N_Attacks.wav,.wav,ordinario,ordinario
orchidea,vlc,ordinario,mf,F#4,F:\DOUTORAMENTO_22\INSTRUMENTOS\Instrumentos_espectro_versão 3\CORDAS\VIOLONCELO\Orchidea_Vlc\Violoncello\ordinario\Orchidea_Vlc_mf\_Attacks\Vc-ord-F#4-mf-2c-N_Attacks.wav,.wav,ordinario,ordinario
orchidea,vlc,ordinario,mf,F#5,F:\DOUTORAMENTO_22\INSTRUMENTOS\Instrumentos_espectro_versão 3\CORDAS\VIOLONCELO\Orchidea_Vlc\Violoncello\ordinario\Orchidea_Vlc_mf\_Attacks\Vc-ord-F#5-mf-1c-T12u_Attacks.wav,.wav,ordinario,ordinario
orchidea,vlc,ordinario,mf,F2,F:\DOUTORAMENTO_22\INSTRUMENTOS\Instrumentos_espectro_versão 3\CORDAS\VIOLONCELO\Orchidea_Vlc\Violoncello\ordinario\Orchidea_Vlc_mf\_Attacks\Vc-ord-F2-mf-4c-T17u_Attacks.wav,.wav,ordinario,ordinario
orchidea,vlc,ordinario,mf,F3,F:\DOUTORAMENTO_22\INSTRUMENTOS\Instrumentos_espectro_versão 3\CORDAS\VIOLONCELO\Orchidea_Vlc\Violoncello\ordinario\Orchidea_Vlc_mf\_Attacks\Vc-ord-F3-mf-2c-N_Attacks.wav,.wav,ordinario,ordinario
orchidea,vlc,ordinario,mf,F3,F:\DOUTORAMENTO_22\INSTRUMENTOS\Instrumentos_espectro_versão 3\CORDAS\VIOLONCELO\Orchidea_Vlc\Violoncello\ordinario\Orchidea_Vlc_mf\_Attacks\Vc-ord-F3-mf-3c-T11d_Attacks.wav,.wav,ordinario,ordinario
orchidea,vlc,ordinario,mf,F3,F:\DOUTORAMENTO_22\INSTRUMENTOS\Instrumentos_espectro_versão 3\CORDAS\VIOLONCELO\Orchidea_Vlc\Violoncello\ordinario\Orchidea_Vlc_mf\_Attacks\Vc-ord-F3-mf-4c-T17u_Attacks.wav,.wav,ordinario,ordinario
orchidea,vlc,ordinario,mf,F4,F:\DOUTORAMENTO_22\INSTRUMENTOS\Instrumentos_espectro_versão 3\CORDAS\VIOLONCELO\Orchidea_Vlc\Violoncello\ordinario\Orchidea_Vlc_mf\_Attacks\Vc-ord-F4-mf-1c-N_Attacks.wav,.wav,ordinario,ordinario
orchidea,vlc,ordinario,mf,F4,F:\DOUTORAMENTO_22\INSTRUMENTOS\Instrumentos_espectro_versão 3\CORDAS\VIOLONCELO\Orchidea_Vlc\Violoncello\ordinario\Orchidea_Vlc_mf\_Attacks\Vc-ord-F4-mf-2c-N_Attacks.wav,.wav,ordinario,ordinario
orchidea,vlc,ordinario,mf,F4,F:\DOUTORAMENTO_22\INSTRUMENTOS\Instrumentos_espectro_versão 3\CORDAS\VIOLONCELO\Orchidea_Vlc\Violoncello\ordinario\Orchidea_Vlc_mf\_Attacks\Vc-ord-F4-mf-3c-T11u_Attacks.wav,.wav,ordinario,ordinario
orchidea,vlc,ordinario,mf,F5,F:\DOUTORAMENTO_22\INSTRUMENTOS\Instrumentos_espectro_versão 3\CORDAS\VIOLONCELO\Orchidea_Vlc\Violoncello\ordinario\Orchidea_Vlc_mf\_Attacks\Vc-ord-F5-mf-1c-N_Attacks.wav,.wav,ordinario,ordinario
orchidea,vlc,ordinario,mf,G#2,F:\DOUTORAMENTO_22\INSTRUMENTOS\Instrumentos_espectro_versão 3\CORDAS\VIOLONCELO\Orchidea_Vlc\Violoncello\ordinario\Orchidea_Vlc_mf\_Attacks\Vc-ord-G#2-mf-3c-N_Attacks.wav,.wav,ordinario,ordinario
orchidea,vlc,ordinario,mf,G#2,F:\DOUTORAMENTO_22\INSTRUMENTOS\Instrumentos_espectro_versão 3\CORDAS\VIOLONCELO\Orchidea_Vlc\Violoncello\ordinario\Orchidea_Vlc_mf\_Attacks\Vc-ord-G#2-mf-4c-N_Attacks.wav,.wav,ordinario,ordinario
orchidea,vlc,ordinario,mf,G#3,F:\DOUTORAMENTO_22\INSTRUMENTOS\Instrumentos_espectro_versão 3\CORDAS\VIOLONCELO\Orchidea_Vlc\Violoncello\ordinario\Orchidea_Vlc_mf\_Attacks\Vc-ord-G#3-mf-2c-N_Attacks.wav,.wav,ordinario,ordinario
orchidea,vlc,ordinario,mf,G#3,F:\DOUTORAMENTO_22\INSTRUMENTOS\Instrumentos_espectro_versão 3\CORDAS\VIOLONCELO\Orchidea_Vlc\Violoncello\ordinario\Orchidea_Vlc_mf\_Attacks\Vc-ord-G#3-mf-3c-N_Attacks.wav,.wav,ordinario,ordinario
orchidea,vlc,ordinario,mf,G#3,F:\DOUTORAMENTO_22\INSTRUMENTOS\Instrumentos_espectro_versão 3\CORDAS\VIOLONCELO\Orchidea_Vlc\Violoncello\ordinario\Orchidea_Vlc_mf\_Attacks\Vc-ord-G#3-mf-4c-N_Attacks.wav,.wav,ordinario,ordinario
orchidea,vlc,ordinario,mf,G#4,F:\DOUTORAMENTO_22\INSTRUMENTOS\Instrumentos_espectro_versão 3\CORDAS\VIOLONCELO\Orchidea_Vlc\Violoncello\ordinario\Orchidea_Vlc_mf\_Attacks\Vc-ord-G#4-mf-1c-N_Attacks.wav,.wav,ordinario,ordinario
orchidea,vlc,ordinario,mf,G#4,F:\DOUTORAMENTO_22\INSTRUMENTOS\Instrumentos_espectro_versão 3\CORDAS\VIOLONCELO\Orchidea_Vlc\Violoncello\ordinario\Orchidea_Vlc_mf\_Attacks\Vc-ord-G#4-mf-2c-N_Attacks.wav,.wav,ordinario,ordinario
orchidea,vlc,ordinario,mf,G#5,F:\DOUTORAMENTO_22\INSTRUMENTOS\Instrumentos_espectro_versão 3\CORDAS\VIOLONCELO\Orchidea_Vlc\Violoncello\ordinario\Orchidea_Vlc_mf\_Attacks\Vc-ord-G#5-mf-1c-N_Attacks.wav,.wav,ordinario,ordinario
orchidea,vlc,ordinario,mf,G2,F:\DOUTORAMENTO_22\INSTRUMENTOS\Instrumentos_espectro_versão 3\CORDAS\VIOLONCELO\Orchidea_Vlc\Violoncello\ordinario\Orchidea_Vlc_mf\_Attacks\Vc-ord-G2-mf-3c-N_Attacks.wav,.wav,ordinario,ordinario
orchidea,vlc,ordinario,mf,G2,F:\DOUTORAMENTO_22\INSTRUMENTOS\Instrumentos_espectro_versão 3\CORDAS\VIOLONCELO\Orchidea_Vlc\Violoncello\ordinario\Orchidea_Vlc_mf\_Attacks\Vc-ord-G2-mf-4c-N_Attacks.wav,.wav,ordinario,ordinario
orchidea,vlc,ordinario,mf,G3,F:\DOUTORAMENTO_22\INSTRUMENTOS\Instrumentos_espectro_versão 3\CORDAS\VIOLONCELO\Orchidea_Vlc\Violoncello\ordinario\Orchidea_Vlc_mf\_Attacks\Vc-ord-G3-mf-2c-N_Attacks.wav,.wav,ordinario,ordinario
orchidea,vlc,ordinario,mf,G3,F:\DOUTORAMENTO_22\INSTRUMENTOS\Instrumentos_espectro_versão 3\CORDAS\VIOLONCELO\Orchidea_Vlc\Violoncello\ordinario\Orchidea_Vlc_mf\_Attacks\Vc-ord-G3-mf-3c-N_Attacks.wav,.wav,ordinario,ordinario
orchidea,vlc,ordinario,mf,G3,F:\DOUTORAMENTO_22\INSTRUMENTOS\Instrumentos_espectro_versão 3\CORDAS\VIOLONCELO\Orchidea_Vlc\Violoncello\ordinario\Orchidea_Vlc_mf\_Attacks\Vc-ord-G3-mf-4c-N_Attacks.wav,.wav,ordinario,ordinario
orchidea,vlc,ordinario,mf,G4,F:\DOUTORAMENTO_22\INSTRUMENTOS\Instrumentos_espectro_versão 3\CORDAS\VIOLONCELO\Orchidea_Vlc\Violoncello\ordinario\Orchidea_Vlc_mf\_Attacks\Vc-ord-G4-mf-1c-N_Attacks.wav,.wav,ordinario,ordinario
orchidea,vlc,ordinario,mf,G4,F:\DOUTORAMENTO_22\INSTRUMENTOS\Instrumentos_espectro_versão 3\CORDAS\VIOLONCELO\Orchidea_Vlc\Violoncello\ordinario\Orchidea_Vlc_mf\_Attacks\Vc-ord-G4-mf-2c-N_Attacks.wav,.wav,ordinario,ordinario
orchidea,vlc,ordinario,mf,G5,F:\DOUTORAMENTO_22\INSTRUMENTOS\Instrumentos_espectro_versão 3\CORDAS\VIOLONCELO\Orchidea_Vlc\Violoncello\ordinario\Orchidea_Vlc_mf\_Attacks\Vc-ord-G5-mf-1c-N_Attacks.wav,.wav,ordinario,ordinario
orchidea,vlc,ordinario,mf,A#2,F:\DOUTORAMENTO_22\INSTRUMENTOS\Instrumentos_espectro_versão 3\CORDAS\VIOLONCELO\Orchidea_Vlc\Violoncello\ordinario\Orchidea_Vlc_mf\_Decays\Vc-ord-A#2-mf-3c-T13u_Decays.wav,.wav,ordinario,ordinario
orchidea,vlc,ordinario,mf,A#2,F:\DOUTORAMENTO_22\INSTRUMENTOS\Instrumentos_espectro_versão 3\CORDAS\VIOLONCELO\Orchidea_Vlc\Violoncello\ordinario\Orchidea_Vlc_mf\_Decays\Vc-ord-A#2-mf-4c-N_Decays.wav,.wav,ordinario,ordinario
orchidea,vlc,ordinario,mf,A#3,F:\DOUTORAMENTO_22\INSTRUMENTOS\Instrumentos_espectro_versão 3\CORDAS\VIOLONCELO\Orchidea_Vlc\Violoncello\ordinario\Orchidea_Vlc_mf\_Decays\Vc-ord-A#3-mf-1c-N_Decays.wav,.wav,ordinario,ordinario
orchidea,vlc,ordinario,mf,A#3,F:\DOUTORAMENTO_22\INSTRUMENTOS\Instrumentos_espectro_versão 3\CORDAS\VIOLONCELO\Orchidea_Vlc\Violoncello\ordinario\Orchidea_Vlc_mf\_Decays\Vc-ord-A#3-mf-2c-T12u_Decays.wav,.wav,ordinario,ordinario
orchidea,vlc,ordinario,mf,A#3,F:\DOUTORAMENTO_22\INSTRUMENTOS\Instrumentos_espectro_versão 3\CORDAS\VIOLONCELO\Orchidea_Vlc\Violoncello\ordinario\Orchidea_Vlc_mf\_Decays\Vc-ord-A#3-mf-3c-T16d_R100u_Decays.wav,.wav,ordinario,ordinario
orchidea,vlc,ordinario,mf,A#3,F:\DOUTORAMENTO_22\INSTRUMENTOS\Instrumentos_espectro_versão 3\CORDAS\VIOLONCELO\Orchidea_Vlc\Violoncello\ordinario\Orchidea_Vlc_mf\_Decays\Vc-ord-A#3-mf-4c-N_Decays.wav,.wav,ordinario,ordinario
orchidea,vlc,ordinario,mf,A#4,F:\DOUTORAMENTO_22\INSTRUMENTOS\Instrumentos_espectro_versão 3\CORDAS\VIOLONCELO\Orchidea_Vlc\Violoncello\ordinario\Orchidea_Vlc_mf\_Decays\Vc-ord-A#4-mf-1c-N_Decays.wav,.wav,ordinario,ordinario
orchidea,vlc,ordinario,mf,A#4,F:\DOUTORAMENTO_22\INSTRUMENTOS\Instrumentos_espectro_versão 3\CORDAS\VIOLONCELO\Orchidea_Vlc\Violoncello\ordinario\Orchidea_Vlc_mf\_Decays\Vc-ord-A#4-mf-2c-N_Decays.wav,.wav,ordinario,ordinario
orchidea,vlc,ordinario,mf,A#5,F:\DOUTORAMENTO_22\INSTRUMENTOS\Instrumentos_espectro_versão 3\CORDAS\VIOLONCELO\Orchidea_Vlc\Violoncello\ordinario\Orchidea_Vlc_mf\_Decays\Vc-ord-A#5-mf-1c-N_Decays.wav,.wav,ordinario,ordinario
orchidea,vlc,ordinario,mf,A2,F:\DOUTORAMENTO_22\INSTRUMENTOS\Instrumentos_espectro_versão 3\CORDAS\VIOLONCELO\Orchidea_Vlc\Violoncello\ordinario\Orchidea_Vlc_mf\_Decays\Vc-ord-A2-mf-3c-N_Decays.wav,.wav,ordinario,ordinario
orchidea,vlc,ordinario,mf,A2,F:\DOUTORAMENTO_22\INSTRUMENTOS\Instrumentos_espectro_versão 3\CORDAS\VIOLONCELO\Orchidea_Vlc\Violoncello\ordinario\Orchidea_Vlc_mf\_Decays\Vc-ord-A2-mf-4c-N_Decays.wav,.wav,ordinario,ordinario
orchidea,vlc,ordinario,mf,A3,F:\DOUTORAMENTO_22\INSTRUMENTOS\Instrumentos_espectro_versão 3\CORDAS\VIOLONCELO\Orchidea_Vlc\Violoncello\ordinario\Orchidea_Vlc_mf\_Decays\Vc-ord-A3-mf-1c-N_Decays.wav,.wav,ordinario,ordinario
orchidea,vlc,ordinario,mf,A3,F:\DOUTORAMENTO_22\INSTRUMENTOS\Instrumentos_espectro_versão 3\CORDAS\VIOLONCELO\Orchidea_Vlc\Violoncello\ordinario\Orchidea_Vlc_mf\_Decays\Vc-ord-A3-mf-2c-N_Decays.wav,.wav,ordinario,ordinario
orchidea,vlc,ordinario,mf,A3,F:\DOUTORAMENTO_22\INSTRUMENTOS\Instrumentos_espectro_versão 3\CORDAS\VIOLONCELO\Orchidea_Vlc\Violoncello\ordinario\Orchidea_Vlc_mf\_Decays\Vc-ord-A3-mf-3c-T16d_Decays.wav,.wav,ordinario,ordinario
orchidea,vlc,ordinario,mf,A3,F:\DOUTORAMENTO_22\INSTRUMENTOS\Instrumentos_espectro_versão 3\CORDAS\VIOLONCELO\Orchidea_Vlc\Violoncello\ordinario\Orchidea_Vlc_mf\_Decays\Vc-ord-A3-mf-4c-N_Decays.wav,.wav,ordinario,ordinario
orchidea,vlc,ordinario,mf,A4,F:\DOUTORAMENTO_22\INSTRUMENTOS\Instrumentos_espectro_versão 3\CORDAS\VIOLONCELO\Orchidea_Vlc\Violoncello\ordinario\Orchidea_Vlc_mf\_Decays\Vc-ord-A4-mf-1c-N_Decays.wav,.wav,ordinario,ordinario
orchidea,vlc,ordinario,mf,A4,F:\DOUTORAMENTO_22\INSTRUMENTOS\Instrumentos_espectro_versão 3\CORDAS\VIOLONCELO\Orchidea_Vlc\Violoncello\ordinario\Orchidea_Vlc_mf\_Decays\Vc-ord-A4-mf-2c-N_Decays.wav,.wav,ordinario,ordinario
orchidea,vlc,ordinario,mf,A5,F:\DOUTORAMENTO_22\INSTRUMENTOS\Instrumentos_espectro_versão 3\CORDAS\VIOLONCELO\Orchidea_Vlc\Violoncello\ordinario\Orchidea_Vlc_mf\_Decays\Vc-ord-A5-mf-1c-N_Decays.wav,.wav,ordinario,ordinario
orchidea,vlc,ordinario,mf,B2,F:\DOUTORAMENTO_22\INSTRUMENTOS\Instrumentos_espectro_versão 3\CORDAS\VIOLONCELO\Orchidea_Vlc\Violoncello\ordinario\Orchidea_Vlc_mf\_Decays\Vc-ord-B2-mf-3c-N_Decays.wav,.wav,ordinario,ordinario
orchidea,vlc,ordinario,mf,B2,F:\DOUTORAMENTO_22\INSTRUMENTOS\Instrumentos_espectro_versão 3\CORDAS\VIOLONCELO\Orchidea_Vlc\Violoncello\ordinario\Orchidea_Vlc_mf\_Decays\Vc-ord-B2-mf-4c-T20u_Decays.wav,.wav,ordinario,ordinario
orchidea,vlc,ordinario,mf,B3,F:\DOUTORAMENTO_22\INSTRUMENTOS\Instrumentos_espectro_versão 3\CORDAS\VIOLONCELO\Orchidea_Vlc\Violoncello\ordinario\Orchidea_Vlc_mf\_Decays\Vc-ord-B3-mf-1c-N_Decays.wav,.wav,ordinario,ordinario
orchidea,vlc,ordinario,mf,B3,F:\DOUTORAMENTO_22\INSTRUMENTOS\Instrumentos_espectro_versão 3\CORDAS\VIOLONCELO\Orchidea_Vlc\Violoncello\ordinario\Orchidea_Vlc_mf\_Decays\Vc-ord-B3-mf-2c-N_Decays.wav,.wav,ordinario,ordinario
orchidea,vlc,ordinario,mf,B3,F:\DOUTORAMENTO_22\INSTRUMENTOS\Instrumentos_espectro_versão 3\CORDAS\VIOLONCELO\Orchidea_Vlc\Violoncello\ordinario\Orchidea_Vlc_mf\_Decays\Vc-ord-B3-mf-3c-N_Decays.wav,.wav,ordinario,ordinario
orchidea,vlc,ordinario,mf,B4,F:\DOUTORAMENTO_22\INSTRUMENTOS\Instrumentos_espectro_versão 3\CORDAS\VIOLONCELO\Orchidea_Vlc\Violoncello\ordinario\Orchidea_Vlc_mf\_Decays\Vc-ord-B4-mf-1c-N_Decays.wav,.wav,ordinario,ordinario
orchidea,vlc,ordinario,mf,B4,F:\DOUTORAMENTO_22\INSTRUMENTOS\Instrumentos_espectro_versão 3\CORDAS\VIOLONCELO\Orchidea_Vlc\Violoncello\ordinario\Orchidea_Vlc_mf\_Decays\Vc-ord-B4-mf-2c-N_Decays.wav,.wav,ordinario,ordinario
orchidea,vlc,ordinario,mf,B5,F:\DOUTORAMENTO_22\INSTRUMENTOS\Instrumentos_espectro_versão 3\CORDAS\VIOLONCELO\Orchidea_Vlc\Violoncello\ordinario\Orchidea_Vlc_mf\_Decays\Vc-ord-B5-mf-1c-N_Decays.wav,.wav,ordinario,ordinario
orchidea,vlc,ordinario,mf,C#2,F:\DOUTORAMENTO_22\INSTRUMENTOS\Instrumentos_espectro_versão 3\CORDAS\VIOLONCELO\Orchidea_Vlc\Violoncello\ordinario\Orchidea_Vlc_mf\_Decays\Vc-ord-C#2-mf-4c-N_Decays.wav,.wav,ordinario,ordinario
orchidea,vlc,ordinario,mf,C#3,F:\DOUTORAMENTO_22\INSTRUMENTOS\Instrumentos_espectro_versão 3\CORDAS\VIOLONCELO\Orchidea_Vlc\Violoncello\ordinario\Orchidea_Vlc_mf\_Decays\Vc-ord-C#3-mf-3c-N_Decays.wav,.wav,ordinario,ordinario
orchidea,vlc,ordinario,mf,C#3,F:\DOUTORAMENTO_22\INSTRUMENTOS\Instrumentos_espectro_versão 3\CORDAS\VIOLONCELO\Orchidea_Vlc\Violoncello\ordinario\Orchidea_Vlc_mf\_Decays\Vc-ord-C#3-mf-4c-N_Decays.wav,.wav,ordinario,ordinario
orchidea,vlc,ordinario,mf,C#4,F:\DOUTORAMENTO_22\INSTRUMENTOS\Instrumentos_espectro_versão 3\CORDAS\VIOLONCELO\Orchidea_Vlc\Violoncello\ordinario\Orchidea_Vlc_mf\_Decays\Vc-ord-C#4-mf-1c-N_Decays.wav,.wav,ordinario,ordinario
orchidea,vlc,ordinario,mf,C#4,F:\DOUTORAMENTO_22\INSTRUMENTOS\Instrumentos_espectro_versão 3\CORDAS\VIOLONCELO\Orchidea_Vlc\Violoncello\ordinario\Orchidea_Vlc_mf\_Decays\Vc-ord-C#4-mf-2c-N_Decays.wav,.wav,ordinario,ordinario
orchidea,vlc,ordinario,mf,C#4,F:\DOUTORAMENTO_22\INSTRUMENTOS\Instrumentos_espectro_versão 3\CORDAS\VIOLONCELO\Orchidea_Vlc\Violoncello\ordinario\Orchidea_Vlc_mf\_Decays\Vc-ord-C#4-mf-3c-N_Decays.wav,.wav,ordinario,ordinario
orchidea,vlc,ordinario,mf,C#5,F:\DOUTORAMENTO_22\INSTRUMENTOS\Instrumentos_espectro_versão 3\CORDAS\VIOLONCELO\Orchidea_Vlc\Violoncello\ordinario\Orchidea_Vlc_mf\_Decays\Vc-ord-C#5-mf-1c-N_Decays.wav,.wav,ordinario,ordinario
orchidea,vlc,ordinario,mf,C2,F:\DOUTORAMENTO_22\INSTRUMENTOS\Instrumentos_espectro_versão 3\CORDAS\VIOLONCELO\Orchidea_Vlc\Violoncello\ordinario\Orchidea_Vlc_mf\_Decays\Vc-ord-C2-mf-4c-N_Decays.wav,.wav,ordinario,ordinario
orchidea,vlc,ordinario,mf,C3,F:\DOUTORAMENTO_22\INSTRUMENTOS\Instrumentos_espectro_versão 3\CORDAS\VIOLONCELO\Orchidea_Vlc\Violoncello\ordinario\Orchidea_Vlc_mf\_Decays\Vc-ord-C3-mf-3c-N_Decays.wav,.wav,ordinario,ordinario
orchidea,vlc,ordinario,mf,C3,F:\DOUTORAMENTO_22\INSTRUMENTOS\Instrumentos_espectro_versão 3\CORDAS\VIOLONCELO\Orchidea_Vlc\Violoncello\ordinario\Orchidea_Vlc_mf\_Decays\Vc-ord-C3-mf-4c-N_Decays.wav,.wav,ordinario,ordinario
orchidea,vlc,ordinario,mf,C4,F:\DOUTORAMENTO_22\INSTRUMENTOS\Instrumentos_espectro_versão 3\CORDAS\VIOLONCELO\Orchidea_Vlc\Violoncello\ordinario\Orchidea_Vlc_mf\_Decays\Vc-ord-C4-mf-1c-N_Decays.wav,.wav,ordinario,ordinario
orchidea,vlc,ordinario,mf,C4,F:\DOUTORAMENTO_22\INSTRUMENTOS\Instrumentos_espectro_versão 3\CORDAS\VIOLONCELO\Orchidea_Vlc\Violoncello\ordinario\Orchidea_Vlc_mf\_Decays\Vc-ord-C4-mf-2c-N_Decays.wav,.wav,ordinario,ordinario
orchidea,vlc,ordinario,mf,C4,F:\DOUTORAMENTO_22\INSTRUMENTOS\Instrumentos_espectro_versão 3\CORDAS\VIOLONCELO\Orchidea_Vlc\Violoncello\ordinario\Orchidea_Vlc_mf\_Decays\Vc-ord-C4-mf-3c-N_Decays.wav,.wav,ordinario,ordinario
orchidea,vlc,ordinario,mf,C5,F:\DOUTORAMENTO_22\INSTRUMENTOS\Instrumentos_espectro_versão 3\CORDAS\VIOLONCELO\Orchidea_Vlc\Violoncello\ordinario\Orchidea_Vlc_mf\_Decays\Vc-ord-C5-mf-1c-T11u_Decays.wav,.wav,ordinario,ordinario
orchidea,vlc,ordinario,mf,C5,F:\DOUTORAMENTO_22\INSTRUMENTOS\Instrumentos_espectro_versão 3\CORDAS\VIOLONCELO\Orchidea_Vlc\Violoncello\ordinario\Orchidea_Vlc_mf\_Decays\Vc-ord-C5-mf-2c-T11u_Decays.wav,.wav,ordinario,ordinario
orchidea,vlc,ordinario,mf,C6,F:\DOUTORAMENTO_22\INSTRUMENTOS\Instrumentos_espectro_versão 3\CORDAS\VIOLONCELO\Orchidea_Vlc\Violoncello\ordinario\Orchidea_Vlc_mf\_Decays\Vc-ord-C6-mf-1c-N_Decays.wav,.wav,ordinario,ordinario
orchidea,vlc,ordinario,mf,D#2,F:\DOUTORAMENTO_22\INSTRUMENTOS\Instrumentos_espectro_versão 3\CORDAS\VIOLONCELO\Orchidea_Vlc\Violoncello\ordinario\Orchidea_Vlc_mf\_Decays\Vc-ord-D#2-mf-4c-N_Decays.wav,.wav,ordinario,ordinario
orchidea,vlc,ordinario,mf,D#3,F:\DOUTORAMENTO_22\INSTRUMENTOS\Instrumentos_espectro_versão 3\CORDAS\VIOLONCELO\Orchidea_Vlc\Violoncello\ordinario\Orchidea_Vlc_mf\_Decays\Vc-ord-D#3-mf-2c-N_Decays.wav,.wav,ordinario,ordinario
orchidea,vlc,ordinario,mf,D#3,F:\DOUTORAMENTO_22\INSTRUMENTOS\Instrumentos_espectro_versão 3\CORDAS\VIOLONCELO\Orchidea_Vlc\Violoncello\ordinario\Orchidea_Vlc_mf\_Decays\Vc-ord-D#3-mf-3c-N_Decays.wav,.wav,ordinario,ordinario
orchidea,vlc,ordinario,mf,D#3,F:\DOUTORAMENTO_22\INSTRUMENTOS\Instrumentos_espectro_versão 3\CORDAS\VIOLONCELO\Orchidea_Vlc\Violoncello\ordinario\Orchidea_Vlc_mf\_Decays\Vc-ord-D#3-mf-4c-T13u_Decays.wav,.wav,ordinario,ordinario
orchidea,vlc,ordinario,mf,D#4,F:\DOUTORAMENTO_22\INSTRUMENTOS\Instrumentos_espectro_versão 3\CORDAS\VIOLONCELO\Orchidea_Vlc\Violoncello\ordinario\Orchidea_Vlc_mf\_Decays\Vc-ord-D#4-mf-1c-N_Decays.wav,.wav,ordinario,ordinario
orchidea,vlc,ordinario,mf,D#4,F:\DOUTORAMENTO_22\INSTRUMENTOS\Instrumentos_espectro_versão 3\CORDAS\VIOLONCELO\Orchidea_Vlc\Violoncello\ordinario\Orchidea_Vlc_mf\_Decays\Vc-ord-D#4-mf-2c-T12u_Decays.wav,.wav,ordinario,ordinario
orchidea,vlc,ordinario,mf,D#4,F:\DOUTORAMENTO_22\INSTRUMENTOS\Instrumentos_espectro_versão 3\CORDAS\VIOLONCELO\Orchidea_Vlc\Violoncello\ordinario\Orchidea_Vlc_mf\_Decays\Vc-ord-D#4-mf-3c-N_Decays.wav,.wav,ordinario,ordinario
orchidea,vlc,ordinario,mf,D#5,F:\DOUTORAMENTO_22\INSTRUMENTOS\Instrumentos_espectro_versão 3\CORDAS\VIOLONCELO\Orchidea_Vlc\Violoncello\ordinario\Orchidea_Vlc_mf\_Decays\Vc-ord-D#5-mf-1c-N_Decays.wav,.wav,ordinario,ordinario
orchidea,vlc,ordinario,mf,D2,F:\DOUTORAMENTO_22\INSTRUMENTOS\Instrumentos_espectro_versão 3\CORDAS\VIOLONCELO\Orchidea_Vlc\Violoncello\ordinario\Orchidea_Vlc_mf\_Decays\Vc-ord-D2-mf-4c-N_Decays.wav,.wav,ordinario,ordinario
orchidea,vlc,ordinario,mf,D3,F:\DOUTORAMENTO_22\INSTRUMENTOS\Instrumentos_espectro_versão 3\CORDAS\VIOLONCELO\Orchidea_Vlc\Violoncello\ordinario\Orchidea_Vlc_mf\_Decays\Vc-ord-D3-mf-2c-N_Decays.wav,.wav,ordinario,ordinario
orchidea,vlc,ordinario,mf,D3,F:\DOUTORAMENTO_22\INSTRUMENTOS\Instrumentos_espectro_versão 3\CORDAS\VIOLONCELO\Orchidea_Vlc\Violoncello\ordinario\Orchidea_Vlc_mf\_Decays\Vc-ord-D3-mf-3c-N_Decays.wav,.wav,ordinario,ordinario
orchidea,vlc,ordinario,mf,D3,F:\DOUTORAMENTO_22\INSTRUMENTOS\Instrumentos_espectro_versão 3\CORDAS\VIOLONCELO\Orchidea_Vlc\Violoncello\ordinario\Orchidea_Vlc_mf\_Decays\Vc-ord-D3-mf-4c-N_Decays.wav,.wav,ordinario,ordinario
orchidea,vlc,ordinario,mf,D4,F:\DOUTORAMENTO_22\INSTRUMENTOS\Instrumentos_espectro_versão 3\CORDAS\VIOLONCELO\Orchidea_Vlc\Violoncello\ordinario\Orchidea_Vlc_mf\_Decays\Vc-ord-D4-mf-1c-N_Decays.wav,.wav,ordinario,ordinario
orchidea,vlc,ordinario,mf,D4,F:\DOUTORAMENTO_22\INSTRUMENTOS\Instrumentos_espectro_versão 3\CORDAS\VIOLONCELO\Orchidea_Vlc\Violoncello\ordinario\Orchidea_Vlc_mf\_Decays\Vc-ord-D4-mf-2c-N_Decays.wav,.wav,ordinario,ordinario
orchidea,vlc,ordinario,mf,D4,F:\DOUTORAMENTO_22\INSTRUMENTOS\Instrumentos_espectro_versão 3\CORDAS\VIOLONCELO\Orchidea_Vlc\Violoncello\ordinario\Orchidea_Vlc_mf\_Decays\Vc-ord-D4-mf-3c-N_Decays.wav,.wav,ordinario,ordinario
orchidea,vlc,ordinario,mf,D5,F:\DOUTORAMENTO_22\INSTRUMENTOS\Instrumentos_espectro_versão 3\CORDAS\VIOLONCELO\Orchidea_Vlc\Violoncello\ordinario\Orchidea_Vlc_mf\_Decays\Vc-ord-D5-mf-1c-N_Decays.wav,.wav,ordinario,ordinario
orchidea,vlc,ordinario,mf,E2,F:\DOUTORAMENTO_22\INSTRUMENTOS\Instrumentos_espectro_versão 3\CORDAS\VIOLONCELO\Orchidea_Vlc\Violoncello\ordinario\Orchidea_Vlc_mf\_Decays\Vc-ord-E2-mf-4c-N_Decays.wav,.wav,ordinario,ordinario
orchidea,vlc,ordinario,mf,E3,F:\DOUTORAMENTO_22\INSTRUMENTOS\Instrumentos_espectro_versão 3\CORDAS\VIOLONCELO\Orchidea_Vlc\Violoncello\ordinario\Orchidea_Vlc_mf\_Decays\Vc-ord-E3-mf-2c-N_Decays.wav,.wav,ordinario,ordinario
orchidea,vlc,ordinario,mf,E3,F:\DOUTORAMENTO_22\INSTRUMENTOS\Instrumentos_espectro_versão 3\CORDAS\VIOLONCELO\Orchidea_Vlc\Violoncello\ordinario\Orchidea_Vlc_mf\_Decays\Vc-ord-E3-mf-3c-N_Decays.wav,.wav,ordinario,ordinario
orchidea,vlc,ordinario,mf,E3,F:\DOUTORAMENTO_22\INSTRUMENTOS\Instrumentos_espectro_versão 3\CORDAS\VIOLONCELO\Orchidea_Vlc\Violoncello\ordinario\Orchidea_Vlc_mf\_Decays\Vc-ord-E3-mf-4c-T11u_Decays.wav,.wav,ordinario,ordinario
orchidea,vlc,ordinario,mf,E4,F:\DOUTORAMENTO_22\INSTRUMENTOS\Instrumentos_espectro_versão 3\CORDAS\VIOLONCELO\Orchidea_Vlc\Violoncello\ordinario\Orchidea_Vlc_mf\_Decays\Vc-ord-E4-mf-1c-N_Decays.wav,.wav,ordinario,ordinario
orchidea,vlc,ordinario,mf,E4,F:\DOUTORAMENTO_22\INSTRUMENTOS\Instrumentos_espectro_versão 3\CORDAS\VIOLONCELO\Orchidea_Vlc\Violoncello\ordinario\Orchidea_Vlc_mf\_Decays\Vc-ord-E4-mf-2c-N_Decays.wav,.wav,ordinario,ordinario
orchidea,vlc,ordinario,mf,E4,F:\DOUTORAMENTO_22\INSTRUMENTOS\Instrumentos_espectro_versão 3\CORDAS\VIOLONCELO\Orchidea_Vlc\Violoncello\ordinario\Orchidea_Vlc_mf\_Decays\Vc-ord-E4-mf-3c-N_Decays.wav,.wav,ordinario,ordinario
orchidea,vlc,ordinario,mf,E5,F:\DOUTORAMENTO_22\INSTRUMENTOS\Instrumentos_espectro_versão 3\CORDAS\VIOLONCELO\Orchidea_Vlc\Violoncello\ordinario\Orchidea_Vlc_mf\_Decays\Vc-ord-E5-mf-1c-N_Decays.wav,.wav,ordinario,ordinario
orchidea,vlc,ordinario,mf,F#2,F:\DOUTORAMENTO_22\INSTRUMENTOS\Instrumentos_espectro_versão 3\CORDAS\VIOLONCELO\Orchidea_Vlc\Violoncello\ordinario\Orchidea_Vlc_mf\_Decays\Vc-ord-F#2-mf-4c-N_Decays.wav,.wav,ordinario,ordinario
orchidea,vlc,ordinario,mf,F#3,F:\DOUTORAMENTO_22\INSTRUMENTOS\Instrumentos_espectro_versão 3\CORDAS\VIOLONCELO\Orchidea_Vlc\Violoncello\ordinario\Orchidea_Vlc_mf\_Decays\Vc-ord-F#3-mf-2c-N_Decays.wav,.wav,ordinario,ordinario
orchidea,vlc,ordinario,mf,F#3,F:\DOUTORAMENTO_22\INSTRUMENTOS\Instrumentos_espectro_versão 3\CORDAS\VIOLONCELO\Orchidea_Vlc\Violoncello\ordinario\Orchidea_Vlc_mf\_Decays\Vc-ord-F#3-mf-3c-N_Decays.wav,.wav,ordinario,ordinario
orchidea,vlc,ordinario,mf,F#3,F:\DOUTORAMENTO_22\INSTRUMENTOS\Instrumentos_espectro_versão 3\CORDAS\VIOLONCELO\Orchidea_Vlc\Violoncello\ordinario\Orchidea_Vlc_mf\_Decays\Vc-ord-F#3-mf-4c-T15u_Decays.wav,.wav,ordinario,ordinario
orchidea,vlc,ordinario,mf,F#4,F:\DOUTORAMENTO_22\INSTRUMENTOS\Instrumentos_espectro_versão 3\CORDAS\VIOLONCELO\Orchidea_Vlc\Violoncello\ordinario\Orchidea_Vlc_mf\_Decays\Vc-ord-F#4-mf-1c-N_Decays.wav,.wav,ordinario,ordinario
orchidea,vlc,ordinario,mf,F#4,F:\DOUTORAMENTO_22\INSTRUMENTOS\Instrumentos_espectro_versão 3\CORDAS\VIOLONCELO\Orchidea_Vlc\Violoncello\ordinario\Orchidea_Vlc_mf\_Decays\Vc-ord-F#4-mf-2c-N_Decays.wav,.wav,ordinario,ordinario
orchidea,vlc,ordinario,mf,F#5,F:\DOUTORAMENTO_22\INSTRUMENTOS\Instrumentos_espectro_versão 3\CORDAS\VIOLONCELO\Orchidea_Vlc\Violoncello\ordinario\Orchidea_Vlc_mf\_Decays\Vc-ord-F#5-mf-1c-T12u_Decays.wav,.wav,ordinario,ordinario
orchidea,vlc,ordinario,mf,F2,F:\DOUTORAMENTO_22\INSTRUMENTOS\Instrumentos_espectro_versão 3\CORDAS\VIOLONCELO\Orchidea_Vlc\Violoncello\ordinario\Orchidea_Vlc_mf\_Decays\Vc-ord-F2-mf-4c-T17u_Decays.wav,.wav,ordinario,ordinario
orchidea,vlc,ordinario,mf,F3,F:\DOUTORAMENTO_22\INSTRUMENTOS\Instrumentos_espectro_versão 3\CORDAS\VIOLONCELO\Orchidea_Vlc\Violoncello\ordinario\Orchidea_Vlc_mf\_Decays\Vc-ord-F3-mf-2c-N_Decays.wav,.wav,ordinario,ordinario
orchidea,vlc,ordinario,mf,F3,F:\DOUTORAMENTO_22\INSTRUMENTOS\Instrumentos_espectro_versão 3\CORDAS\VIOLONCELO\Orchidea_Vlc\Violoncello\ordinario\Orchidea_Vlc_mf\_Decays\Vc-ord-F3-mf-3c-T11d_Decays.wav,.wav,ordinario,ordinario
orchidea,vlc,ordinario,mf,F3,F:\DOUTORAMENTO_22\INSTRUMENTOS\Instrumentos_espectro_versão 3\CORDAS\VIOLONCELO\Orchidea_Vlc\Violoncello\ordinario\Orchidea_Vlc_mf\_Decays\Vc-ord-F3-mf-4c-T17u_Decays.wav,.wav,ordinario,ordinario
orchidea,vlc,ordinario,mf,F4,F:\DOUTORAMENTO_22\INSTRUMENTOS\Instrumentos_espectro_versão 3\CORDAS\VIOLONCELO\Orchidea_Vlc\Violoncello\ordinario\Orchidea_Vlc_mf\_Decays\Vc-ord-F4-mf-1c-N_Decays.wav,.wav,ordinario,ordinario
orchidea,vlc,ordinario,mf,F4,F:\DOUTORAMENTO_22\INSTRUMENTOS\Instrumentos_espectro_versão 3\CORDAS\VIOLONCELO\Orchidea_Vlc\Violoncello\ordinario\Orchidea_Vlc_mf\_Decays\Vc-ord-F4-mf-2c-N_Decays.wav,.wav,ordinario,ordinario
orchidea,vlc,ordinario,mf,F4,F:\DOUTORAMENTO_22\INSTRUMENTOS\Instrumentos_espectro_versão 3\CORDAS\VIOLONCELO\Orchidea_Vlc\Violoncello\ordinario\Orchidea_Vlc_mf\_Decays\Vc-ord-F4-mf-3c-T11u_Decays.wav,.wav,ordinario,ordinario
orchidea,vlc,ordinario,mf,F5,F:\DOUTORAMENTO_22\INSTRUMENTOS\Instrumentos_espectro_versão 3\CORDAS\VIOLONCELO\Orchidea_Vlc\Violoncello\ordinario\Orchidea_Vlc_mf\_Decays\Vc-ord-F5-mf-1c-N_Decays.wav,.wav,ordinario,ordinario
orchidea,vlc,ordinario,mf,G#2,F:\DOUTORAMENTO_22\INSTRUMENTOS\Instrumentos_espectro_versão 3\CORDAS\VIOLONCELO\Orchidea_Vlc\Violoncello\ordinario\Orchidea_Vlc_mf\_Decays\Vc-ord-G#2-mf-3c-N_Decays.wav,.wav,ordinario,ordinario
orchidea,vlc,ordinario,mf,G#2,F:\DOUTORAMENTO_22\INSTRUMENTOS\Instrumentos_espectro_versão 3\CORDAS\VIOLONCELO\Orchidea_Vlc\Violoncello\ordinario\Orchidea_Vlc_mf\_Decays\Vc-ord-G#2-mf-4c-N_Decays.wav,.wav,ordinario,ordinario
orchidea,vlc,ordinario,mf,G#3,F:\DOUTORAMENTO_22\INSTRUMENTOS\Instrumentos_espectro_versão 3\CORDAS\VIOLONCELO\Orchidea_Vlc\Violoncello\ordinario\Orchidea_Vlc_mf\_Decays\Vc-ord-G#3-mf-2c-N_Decays.wav,.wav,ordinario,ordinario
orchidea,vlc,ordinario,mf,G#3,F:\DOUTORAMENTO_22\INSTRUMENTOS\Instrumentos_espectro_versão 3\CORDAS\VIOLONCELO\Orchidea_Vlc\Violoncello\ordinario\Orchidea_Vlc_mf\_Decays\Vc-ord-G#3-mf-3c-N_Decays.wav,.wav,ordinario,ordinario
orchidea,vlc,ordinario,mf,G#3,F:\DOUTORAMENTO_22\INSTRUMENTOS\Instrumentos_espectro_versão 3\CORDAS\VIOLONCELO\Orchidea_Vlc\Violoncello\ordinario\Orchidea_Vlc_mf\_Decays\Vc-ord-G#3-mf-4c-N_Decays.wav,.wav,ordinario,ordinario
orchidea,vlc,ordinario,mf,G#4,F:\DOUTORAMENTO_22\INSTRUMENTOS\Instrumentos_espectro_versão 3\CORDAS\VIOLONCELO\Orchidea_Vlc\Violoncello\ordinario\Orchidea_Vlc_mf\_Decays\Vc-ord-G#4-mf-1c-N_Decays.wav,.wav,ordinario,ordinario
orchidea,vlc,ordinario,mf,G#4,F:\DOUTORAMENTO_22\INSTRUMENTOS\Instrumentos_espectro_versão 3\CORDAS\VIOLONCELO\Orchidea_Vlc\Violoncello\ordinario\Orchidea_Vlc_mf\_Decays\Vc-ord-G#4-mf-2c-N_Decays.wav,.wav,ordinario,ordinario
orchidea,vlc,ordinario,mf,G#5,F:\DOUTORAMENTO_22\INSTRUMENTOS\Instrumentos_espectro_versão 3\CORDAS\VIOLONCELO\Orchidea_Vlc\Violoncello\ordinario\Orchidea_Vlc_mf\_Decays\Vc-ord-G#5-mf-1c-N_Decays.wav,.wav,ordinario,ordinario
orchidea,vlc,ordinario,mf,G2,F:\DOUTORAMENTO_22\INSTRUMENTOS\Instrumentos_espectro_versão 3\CORDAS\VIOLONCELO\Orchidea_Vlc\Violoncello\ordinario\Orchidea_Vlc_mf\_Decays\Vc-ord-G2-mf-3c-N_Decays.wav,.wav,ordinario,ordinario
orchidea,vlc,ordinario,mf,G2,F:\DOUTORAMENTO_22\INSTRUMENTOS\Instrumentos_espectro_versão 3\CORDAS\VIOLONCELO\Orchidea_Vlc\Violoncello\ordinario\Orchidea_Vlc_mf\_Decays\Vc-ord-G2-mf-4c-N_Decays.wav,.wav,ordinario,ordinario
orchidea,vlc,ordinario,mf,G3,F:\DOUTORAMENTO_22\INSTRUMENTOS\Instrumentos_espectro_versão 3\CORDAS\VIOLONCELO\Orchidea_Vlc\Violoncello\ordinario\Orchidea_Vlc_mf\_Decays\Vc-ord-G3-mf-2c-N_Decays.wav,.wav,ordinario,ordinario
orchidea,vlc,ordinario,mf,G3,F:\DOUTORAMENTO_22\INSTRUMENTOS\Instrumentos_espectro_versão 3\CORDAS\VIOLONCELO\Orchidea_Vlc\Violoncello\ordinario\Orchidea_Vlc_mf\_Decays\Vc-ord-G3-mf-3c-N_Decays.wav,.wav,ordinario,ordinario
orchidea,vlc,ordinario,mf,G3,F:\DOUTORAMENTO_22\INSTRUMENTOS\Instrumentos_espectro_versão 3\CORDAS\VIOLONCELO\Orchidea_Vlc\Violoncello\ordinario\Orchidea_Vlc_mf\_Decays\Vc-ord-G3-mf-4c-N_Decays.wav,.wav,ordinario,ordinario
orchidea,vlc,ordinario,mf,G4,F:\DOUTORAMENTO_22\INSTRUMENTOS\Instrumentos_espectro_versão 3\CORDAS\VIOLONCELO\Orchidea_Vlc\Violoncello\ordinario\Orchidea_Vlc_mf\_Decays\Vc-ord-G4-mf-1c-N_Decays.wav,.wav,ordinario,ordinario
orchidea,vlc,ordinario,mf,G4,F:\DOUTORAMENTO_22\INSTRUMENTOS\Instrumentos_espectro_versão 3\CORDAS\VIOLONCELO\Orchidea_Vlc\Violoncello\ordinario\Orchidea_Vlc_mf\_Decays\Vc-ord-G4-mf-2c-N_Decays.wav,.wav,ordinario,ordinario
orchidea,vlc,ordinario,mf,G5,F:\DOUTORAMENTO_22\INSTRUMENTOS\Instrumentos_espectro_versão 3\CORDAS\VIOLONCELO\Orchidea_Vlc\Violoncello\ordinario\Orchidea_Vlc_mf\_Decays\Vc-ord-G5-mf-1c-N_Decays.wav,.wav,ordinario,ordinario
orchidea,vlc,ordinario,mf,A#2,F:\DOUTORAMENTO_22\INSTRUMENTOS\Instrumentos_espectro_versão 3\CORDAS\VIOLONCELO\Orchidea_Vlc\Violoncello\ordinario\Orchidea_Vlc_mf\_Sustains\Vc-ord-A#2-mf-3c-T13u_Sustains.wav,.wav,ordinario,ordinario
orchidea,vlc,ordinario,mf,A#2,F:\DOUTORAMENTO_22\INSTRUMENTOS\Instrumentos_espectro_versão 3\CORDAS\VIOLONCELO\Orchidea_Vlc\Violoncello\ordinario\Orchidea_Vlc_mf\_Sustains\Vc-ord-A#2-mf-4c-N_Sustains.wav,.wav,ordinario,ordinario
orchidea,vlc,ordinario,mf,A#3,F:\DOUTORAMENTO_22\INSTRUMENTOS\Instrumentos_espectro_versão 3\CORDAS\VIOLONCELO\Orchidea_Vlc\Violoncello\ordinario\Orchidea_Vlc_mf\_Sustains\Vc-ord-A#3-mf-1c-N_Sustains.wav,.wav,ordinario,ordinario
orchidea,vlc,ordinario,mf,A#3,F:\DOUTORAMENTO_22\INSTRUMENTOS\Instrumentos_espectro_versão 3\CORDAS\VIOLONCELO\Orchidea_Vlc\Violoncello\ordinario\Orchidea_Vlc_mf\_Sustains\Vc-ord-A#3-mf-2c-T12u_Sustains.wav,.wav,ordinario,ordinario
orchidea,vlc,ordinario,mf,A#3,F:\DOUTORAMENTO_22\INSTRUMENTOS\Instrumentos_espectro_versão 3\CORDAS\VIOLONCELO\Orchidea_Vlc\Violoncello\ordinario\Orchidea_Vlc_mf\_Sustains\Vc-ord-A#3-mf-3c-T16d_R100u_Sustains.wav,.wav,ordinario,ordinario
orchidea,vlc,ordinario,mf,A#3,F:\DOUTORAMENTO_22\INSTRUMENTOS\Instrumentos_espectro_versão 3\CORDAS\VIOLONCELO\Orchidea_Vlc\Violoncello\ordinario\Orchidea_Vlc_mf\_Sustains\Vc-ord-A#3-mf-4c-N_Sustains.wav,.wav,ordinario,ordinario
orchidea,vlc,ordinario,mf,A#4,F:\DOUTORAMENTO_22\INSTRUMENTOS\Instrumentos_espectro_versão 3\CORDAS\VIOLONCELO\Orchidea_Vlc\Violoncello\ordinario\Orchidea_Vlc_mf\_Sustains\Vc-ord-A#4-mf-1c-N_Sustains.wav,.wav,ordinario,ordinario
orchidea,vlc,ordinario,mf,A#4,F:\DOUTORAMENTO_22\INSTRUMENTOS\Instrumentos_espectro_versão 3\CORDAS\VIOLONCELO\Orchidea_Vlc\Violoncello\ordinario\Orchidea_Vlc_mf\_Sustains\Vc-ord-A#4-mf-2c-N_Sustains.wav,.wav,ordinario,ordinario
orchidea,vlc,ordinario,mf,A#5,F:\DOUTORAMENTO_22\INSTRUMENTOS\Instrumentos_espectro_versão 3\CORDAS\VIOLONCELO\Orchidea_Vlc\Violoncello\ordinario\Orchidea_Vlc_mf\_Sustains\Vc-ord-A#5-mf-1c-N_Sustains.wav,.wav,ordinario,ordinario
orchidea,vlc,ordinario,mf,A2,F:\DOUTORAMENTO_22\INSTRUMENTOS\Instrumentos_espectro_versão 3\CORDAS\VIOLONCELO\Orchidea_Vlc\Violoncello\ordinario\Orchidea_Vlc_mf\_Sustains\Vc-ord-A2-mf-3c-N_Sustains.wav,.wav,ordinario,ordinario
orchidea,vlc,ordinario,mf,A2,F:\DOUTORAMENTO_22\INSTRUMENTOS\Instrumentos_espectro_versão 3\CORDAS\VIOLONCELO\Orchidea_Vlc\Violoncello\ordinario\Orchidea_Vlc_mf\_Sustains\Vc-ord-A2-mf-4c-N_Sustains.wav,.wav,ordinario,ordinario
orchidea,vlc,ordinario,mf,A3,F:\DOUTORAMENTO_22\INSTRUMENTOS\Instrumentos_espectro_versão 3\CORDAS\VIOLONCELO\Orchidea_Vlc\Violoncello\ordinario\Orchidea_Vlc_mf\_Sustains\Vc-ord-A3-mf-1c-N_Sustains.wav,.wav,ordinario,ordinario
orchidea,vlc,ordinario,mf,A3,F:\DOUTORAMENTO_22\INSTRUMENTOS\Instrumentos_espectro_versão 3\CORDAS\VIOLONCELO\Orchidea_Vlc\Violoncello\ordinario\Orchidea_Vlc_mf\_Sustains\Vc-ord-A3-mf-2c-N_Sustains.wav,.wav,ordinario,ordinario
orchidea,vlc,ordinario,mf,A3,F:\DOUTORAMENTO_22\INSTRUMENTOS\Instrumentos_espectro_versão 3\CORDAS\VIOLONCELO\Orchidea_Vlc\Violoncello\ordinario\Orchidea_Vlc_mf\_Sustains\Vc-ord-A3-mf-3c-T16d_Sustains.wav,.wav,ordinario,ordinario
orchidea,vlc,ordinario,mf,A3,F:\DOUTORAMENTO_22\INSTRUMENTOS\Instrumentos_espectro_versão 3\CORDAS\VIOLONCELO\Orchidea_Vlc\Violoncello\ordinario\Orchidea_Vlc_mf\_Sustains\Vc-ord-A3-mf-4c-N_Sustains.wav,.wav,ordinario,ordinario
orchidea,vlc,ordinario,mf,A4,F:\DOUTORAMENTO_22\INSTRUMENTOS\Instrumentos_espectro_versão 3\CORDAS\VIOLONCELO\Orchidea_Vlc\Violoncello\ordinario\Orchidea_Vlc_mf\_Sustains\Vc-ord-A4-mf-1c-N_Sustains.wav,.wav,ordinario,ordinario
orchidea,vlc,ordinario,mf,A4,F:\DOUTORAMENTO_22\INSTRUMENTOS\Instrumentos_espectro_versão 3\CORDAS\VIOLONCELO\Orchidea_Vlc\Violoncello\ordinario\Orchidea_Vlc_mf\_Sustains\Vc-ord-A4-mf-2c-N_Sustains.wav,.wav,ordinario,ordinario
orchidea,vlc,ordinario,mf,A5,F:\DOUTORAMENTO_22\INSTRUMENTOS\Instrumentos_espectro_versão 3\CORDAS\VIOLONCELO\Orchidea_Vlc\Violoncello\ordinario\Orchidea_Vlc_mf\_Sustains\Vc-ord-A5-mf-1c-N_Sustains.wav,.wav,ordinario,ordinario
orchidea,vlc,ordinario,mf,B2,F:\DOUTORAMENTO_22\INSTRUMENTOS\Instrumentos_espectro_versão 3\CORDAS\VIOLONCELO\Orchidea_Vlc\Violoncello\ordinario\Orchidea_Vlc_mf\_Sustains\Vc-ord-B2-mf-3c-N_Sustains.wav,.wav,ordinario,ordinario
orchidea,vlc,ordinario,mf,B2,F:\DOUTORAMENTO_22\INSTRUMENTOS\Instrumentos_espectro_versão 3\CORDAS\VIOLONCELO\Orchidea_Vlc\Violoncello\ordinario\Orchidea_Vlc_mf\_Sustains\Vc-ord-B2-mf-4c-T20u_Sustains.wav,.wav,ordinario,ordinario
orchidea,vlc,ordinario,mf,B3,F:\DOUTORAMENTO_22\INSTRUMENTOS\Instrumentos_espectro_versão 3\CORDAS\VIOLONCELO\Orchidea_Vlc\Violoncello\ordinario\Orchidea_Vlc_mf\_Sustains\Vc-ord-B3-mf-1c-N_Sustains.wav,.wav,ordinario,ordinario
orchidea,vlc,ordinario,mf,B3,F:\DOUTORAMENTO_22\INSTRUMENTOS\Instrumentos_espectro_versão 3\CORDAS\VIOLONCELO\Orchidea_Vlc\Violoncello\ordinario\Orchidea_Vlc_mf\_Sustains\Vc-ord-B3-mf-2c-N_Sustains.wav,.wav,ordinario,ordinario
orchidea,vlc,ordinario,mf,B3,F:\DOUTORAMENTO_22\INSTRUMENTOS\Instrumentos_espectro_versão 3\CORDAS\VIOLONCELO\Orchidea_Vlc\Violoncello\ordinario\Orchidea_Vlc_mf\_Sustains\Vc-ord-B3-mf-3c-N_Sustains.wav,.wav,ordinario,ordinario
orchidea,vlc,ordinario,mf,B4,F:\DOUTORAMENTO_22\INSTRUMENTOS\Instrumentos_espectro_versão 3\CORDAS\VIOLONCELO\Orchidea_Vlc\Violoncello\ordinario\Orchidea_Vlc_mf\_Sustains\Vc-ord-B4-mf-1c-N_Sustains.wav,.wav,ordinario,ordinario
orchidea,vlc,ordinario,mf,B4,F:\DOUTORAMENTO_22\INSTRUMENTOS\Instrumentos_espectro_versão 3\CORDAS\VIOLONCELO\Orchidea_Vlc\Violoncello\ordinario\Orchidea_Vlc_mf\_Sustains\Vc-ord-B4-mf-2c-N_Sustains.wav,.wav,ordinario,ordinario
orchidea,vlc,ordinario,mf,B5,F:\DOUTORAMENTO_22\INSTRUMENTOS\Instrumentos_espectro_versão 3\CORDAS\VIOLONCELO\Orchidea_Vlc\Violoncello\ordinario\Orchidea_Vlc_mf\_Sustains\Vc-ord-B5-mf-1c-N_Sustains.wav,.wav,ordinario,ordinario
orchidea,vlc,ordinario,mf,C#2,F:\DOUTORAMENTO_22\INSTRUMENTOS\Instrumentos_espectro_versão 3\CORDAS\VIOLONCELO\Orchidea_Vlc\Violoncello\ordinario\Orchidea_Vlc_mf\_Sustains\Vc-ord-C#2-mf-4c-N_Sustains.wav,.wav,ordinario,ordinario
orchidea,vlc,ordinario,mf,C#3,F:\DOUTORAMENTO_22\INSTRUMENTOS\Instrumentos_espectro_versão 3\CORDAS\VIOLONCELO\Orchidea_Vlc\Violoncello\ordinario\Orchidea_Vlc_mf\_Sustains\Vc-ord-C#3-mf-3c-N_Sustains.wav,.wav,ordinario,ordinario
orchidea,vlc,ordinario,mf,C#3,F:\DOUTORAMENTO_22\INSTRUMENTOS\Instrumentos_espectro_versão 3\CORDAS\VIOLONCELO\Orchidea_Vlc\Violoncello\ordinario\Orchidea_Vlc_mf\_Sustains\Vc-ord-C#3-mf-4c-N_Sustains.wav,.wav,ordinario,ordinario
orchidea,vlc,ordinario,mf,C#4,F:\DOUTORAMENTO_22\INSTRUMENTOS\Instrumentos_espectro_versão 3\CORDAS\VIOLONCELO\Orchidea_Vlc\Violoncello\ordinario\Orchidea_Vlc_mf\_Sustains\Vc-ord-C#4-mf-1c-N_Sustains.wav,.wav,ordinario,ordinario
orchidea,vlc,ordinario,mf,C#4,F:\DOUTORAMENTO_22\INSTRUMENTOS\Instrumentos_espectro_versão 3\CORDAS\VIOLONCELO\Orchidea_Vlc\Violoncello\ordinario\Orchidea_Vlc_mf\_Sustains\Vc-ord-C#4-mf-2c-N_Sustains.wav,.wav,ordinario,ordinario
orchidea,vlc,ordinario,mf,C#4,F:\DOUTORAMENTO_22\INSTRUMENTOS\Instrumentos_espectro_versão 3\CORDAS\VIOLONCELO\Orchidea_Vlc\Violoncello\ordinario\Orchidea_Vlc_mf\_Sustains\Vc-ord-C#4-mf-3c-N_Sustains.wav,.wav,ordinario,ordinario
orchidea,vlc,ordinario,mf,C#5,F:\DOUTORAMENTO_22\INSTRUMENTOS\Instrumentos_espectro_versão 3\CORDAS\VIOLONCELO\Orchidea_Vlc\Violoncello\ordinario\Orchidea_Vlc_mf\_Sustains\Vc-ord-C#5-mf-1c-N_Sustains.wav,.wav,ordinario,ordinario
orchidea,vlc,ordinario,mf,C2,F:\DOUTORAMENTO_22\INSTRUMENTOS\Instrumentos_espectro_versão 3\CORDAS\VIOLONCELO\Orchidea_Vlc\Violoncello\ordinario\Orchidea_Vlc_mf\_Sustains\Vc-ord-C2-mf-4c-N_Sustains.wav,.wav,ordinario,ordinario
orchidea,vlc,ordinario,mf,C3,F:\DOUTORAMENTO_22\INSTRUMENTOS\Instrumentos_espectro_versão 3\CORDAS\VIOLONCELO\Orchidea_Vlc\Violoncello\ordinario\Orchidea_Vlc_mf\_Sustains\Vc-ord-C3-mf-3c-N_Sustains.wav,.wav,ordinario,ordinario
orchidea,vlc,ordinario,mf,C3,F:\DOUTORAMENTO_22\INSTRUMENTOS\Instrumentos_espectro_versão 3\CORDAS\VIOLONCELO\Orchidea_Vlc\Violoncello\ordinario\Orchidea_Vlc_mf\_Sustains\Vc-ord-C3-mf-4c-N_Sustains.wav,.wav,ordinario,ordinario
orchidea,vlc,ordinario,mf,C4,F:\DOUTORAMENTO_22\INSTRUMENTOS\Instrumentos_espectro_versão 3\CORDAS\VIOLONCELO\Orchidea_Vlc\Violoncello\ordinario\Orchidea_Vlc_mf\_Sustains\Vc-ord-C4-mf-1c-N_Sustains.wav,.wav,ordinario,ordinario
orchidea,vlc,ordinario,mf,C4,F:\DOUTORAMENTO_22\INSTRUMENTOS\Instrumentos_espectro_versão 3\CORDAS\VIOLONCELO\Orchidea_Vlc\Violoncello\ordinario\Orchidea_Vlc_mf\_Sustains\Vc-ord-C4-mf-2c-N_Sustains.wav,.wav,ordinario,ordinario
orchidea,vlc,ordinario,mf,C4,F:\DOUTORAMENTO_22\INSTRUMENTOS\Instrumentos_espectro_versão 3\CORDAS\VIOLONCELO\Orchidea_Vlc\Violoncello\ordinario\Orchidea_Vlc_mf\_Sustains\Vc-ord-C4-mf-3c-N_Sustains.wav,.wav,ordinario,ordinario
orchidea,vlc,ordinario,mf,C5,F:\DOUTORAMENTO_22\INSTRUMENTOS\Instrumentos_espectro_versão 3\CORDAS\VIOLONCELO\Orchidea_Vlc\Violoncello\ordinario\Orchidea_Vlc_mf\_Sustains\Vc-ord-C5-mf-1c-T11u_Sustains.wav,.wav,ordinario,ordinario
orchidea,vlc,ordinario,mf,C5,F:\DOUTORAMENTO_22\INSTRUMENTOS\Instrumentos_espectro_versão 3\CORDAS\VIOLONCELO\Orchidea_Vlc\Violoncello\ordinario\Orchidea_Vlc_mf\_Sustains\Vc-ord-C5-mf-2c-T11u_Sustains.wav,.wav,ordinario,ordinario
orchidea,vlc,ordinario,mf,C6,F:\DOUTORAMENTO_22\INSTRUMENTOS\Instrumentos_espectro_versão 3\CORDAS\VIOLONCELO\Orchidea_Vlc\Violoncello\ordinario\Orchidea_Vlc_mf\_Sustains\Vc-ord-C6-mf-1c-N_Sustains.wav,.wav,ordinario,ordinario
orchidea,vlc,ordinario,mf,D#2,F:\DOUTORAMENTO_22\INSTRUMENTOS\Instrumentos_espectro_versão 3\CORDAS\VIOLONCELO\Orchidea_Vlc\Violoncello\ordinario\Orchidea_Vlc_mf\_Sustains\Vc-ord-D#2-mf-4c-N_Sustains.wav,.wav,ordinario,ordinario
orchidea,vlc,ordinario,mf,D#3,F:\DOUTORAMENTO_22\INSTRUMENTOS\Instrumentos_espectro_versão 3\CORDAS\VIOLONCELO\Orchidea_Vlc\Violoncello\ordinario\Orchidea_Vlc_mf\_Sustains\Vc-ord-D#3-mf-2c-N_Sustains.wav,.wav,ordinario,ordinario
orchidea,vlc,ordinario,mf,D#3,F:\DOUTORAMENTO_22\INSTRUMENTOS\Instrumentos_espectro_versão 3\CORDAS\VIOLONCELO\Orchidea_Vlc\Violoncello\ordinario\Orchidea_Vlc_mf\_Sustains\Vc-ord-D#3-mf-3c-N_Sustains.wav,.wav,ordinario,ordinario
orchidea,vlc,ordinario,mf,D#3,F:\DOUTORAMENTO_22\INSTRUMENTOS\Instrumentos_espectro_versão 3\CORDAS\VIOLONCELO\Orchidea_Vlc\Violoncello\ordinario\Orchidea_Vlc_mf\_Sustains\Vc-ord-D#3-mf-4c-T13u_Sustains.wav,.wav,ordinario,ordinario
orchidea,vlc,ordinario,mf,D#4,F:\DOUTORAMENTO_22\INSTRUMENTOS\Instrumentos_espectro_versão 3\CORDAS\VIOLONCELO\Orchidea_Vlc\Violoncello\ordinario\Orchidea_Vlc_mf\_Sustains\Vc-ord-D#4-mf-1c-N_Sustains.wav,.wav,ordinario,ordinario
orchidea,vlc,ordinario,mf,D#4,F:\DOUTORAMENTO_22\INSTRUMENTOS\Instrumentos_espectro_versão 3\CORDAS\VIOLONCELO\Orchidea_Vlc\Violoncello\ordinario\Orchidea_Vlc_mf\_Sustains\Vc-ord-D#4-mf-2c-T12u_Sustains.wav,.wav,ordinario,ordinario
orchidea,vlc,ordinario,mf,D#4,F:\DOUTORAMENTO_22\INSTRUMENTOS\Instrumentos_espectro_versão 3\CORDAS\VIOLONCELO\Orchidea_Vlc\Violoncello\ordinario\Orchidea_Vlc_mf\_Sustains\Vc-ord-D#4-mf-3c-N_Sustains.wav,.wav,ordinario,ordinario
orchidea,vlc,ordinario,mf,D#5,F:\DOUTORAMENTO_22\INSTRUMENTOS\Instrumentos_espectro_versão 3\CORDAS\VIOLONCELO\Orchidea_Vlc\Violoncello\ordinario\Orchidea_Vlc_mf\_Sustains\Vc-ord-D#5-mf-1c-N_Sustains.wav,.wav,ordinario,ordinario
orchidea,vlc,ordinario,mf,D2,F:\DOUTORAMENTO_22\INSTRUMENTOS\Instrumentos_espectro_versão 3\CORDAS\VIOLONCELO\Orchidea_Vlc\Violoncello\ordinario\Orchidea_Vlc_mf\_Sustains\Vc-ord-D2-mf-4c-N_Sustains.wav,.wav,ordinario,ordinario
orchidea,vlc,ordinario,mf,D3,F:\DOUTORAMENTO_22\INSTRUMENTOS\Instrumentos_espectro_versão 3\CORDAS\VIOLONCELO\Orchidea_Vlc\Violoncello\ordinario\Orchidea_Vlc_mf\_Sustains\Vc-ord-D3-mf-2c-N_Sustains.wav,.wav,ordinario,ordinario
orchidea,vlc,ordinario,mf,D3,F:\DOUTORAMENTO_22\INSTRUMENTOS\Instrumentos_espectro_versão 3\CORDAS\VIOLONCELO\Orchidea_Vlc\Violoncello\ordinario\Orchidea_Vlc_mf\_Sustains\Vc-ord-D3-mf-3c-N_Sustains.wav,.wav,ordinario,ordinario
orchidea,vlc,ordinario,mf,D3,F:\DOUTORAMENTO_22\INSTRUMENTOS\Instrumentos_espectro_versão 3\CORDAS\VIOLONCELO\Orchidea_Vlc\Violoncello\ordinario\Orchidea_Vlc_mf\_Sustains\Vc-ord-D3-mf-4c-N_Sustains.wav,.wav,ordinario,ordinario
orchidea,vlc,ordinario,mf,D4,F:\DOUTORAMENTO_22\INSTRUMENTOS\Instrumentos_espectro_versão 3\CORDAS\VIOLONCELO\Orchidea_Vlc\Violoncello\ordinario\Orchidea_Vlc_mf\_Sustains\Vc-ord-D4-mf-1c-N_Sustains.wav,.wav,ordinario,ordinario
orchidea,vlc,ordinario,mf,D4,F:\DOUTORAMENTO_22\INSTRUMENTOS\Instrumentos_espectro_versão 3\CORDAS\VIOLONCELO\Orchidea_Vlc\Violoncello\ordinario\Orchidea_Vlc_mf\_Sustains\Vc-ord-D4-mf-2c-N_Sustains.wav,.wav,ordinario,ordinario
orchidea,vlc,ordinario,mf,D4,F:\DOUTORAMENTO_22\INSTRUMENTOS\Instrumentos_espectro_versão 3\CORDAS\VIOLONCELO\Orchidea_Vlc\Violoncello\ordinario\Orchidea_Vlc_mf\_Sustains\Vc-ord-D4-mf-3c-N_Sustains.wav,.wav,ordinario,ordinario
orchidea,vlc,ordinario,mf,D5,F:\DOUTORAMENTO_22\INSTRUMENTOS\Instrumentos_espectro_versão 3\CORDAS\VIOLONCELO\Orchidea_Vlc\Violoncello\ordinario\Orchidea_Vlc_mf\_Sustains\Vc-ord-D5-mf-1c-N_Sustains.wav,.wav,ordinario,ordinario
orchidea,vlc,ordinario,mf,E2,F:\DOUTORAMENTO_22\INSTRUMENTOS\Instrumentos_espectro_versão 3\CORDAS\VIOLONCELO\Orchidea_Vlc\Violoncello\ordinario\Orchidea_Vlc_mf\_Sustains\Vc-ord-E2-mf-4c-N_Sustains.wav,.wav,ordinario,ordinario
orchidea,vlc,ordinario,mf,E3,F:\DOUTORAMENTO_22\INSTRUMENTOS\Instrumentos_espectro_versão 3\CORDAS\VIOLONCELO\Orchidea_Vlc\Violoncello\ordinario\Orchidea_Vlc_mf\_Sustains\Vc-ord-E3-mf-2c-N_Sustains.wav,.wav,ordinario,ordinario
orchidea,vlc,ordinario,mf,E3,F:\DOUTORAMENTO_22\INSTRUMENTOS\Instrumentos_espectro_versão 3\CORDAS\VIOLONCELO\Orchidea_Vlc\Violoncello\ordinario\Orchidea_Vlc_mf\_Sustains\Vc-ord-E3-mf-3c-N_Sustains.wav,.wav,ordinario,ordinario
orchidea,vlc,ordinario,mf,E3,F:\DOUTORAMENTO_22\INSTRUMENTOS\Instrumentos_espectro_versão 3\CORDAS\VIOLONCELO\Orchidea_Vlc\Violoncello\ordinario\Orchidea_Vlc_mf\_Sustains\Vc-ord-E3-mf-4c-T11u_Sustains.wav,.wav,ordinario,ordinario
orchidea,vlc,ordinario,mf,E4,F:\DOUTORAMENTO_22\INSTRUMENTOS\Instrumentos_espectro_versão 3\CORDAS\VIOLONCELO\Orchidea_Vlc\Violoncello\ordinario\Orchidea_Vlc_mf\_Sustains\Vc-ord-E4-mf-1c-N_Sustains.wav,.wav,ordinario,ordinario
orchidea,vlc,ordinario,mf,E4,F:\DOUTORAMENTO_22\INSTRUMENTOS\Instrumentos_espectro_versão 3\CORDAS\VIOLONCELO\Orchidea_Vlc\Violoncello\ordinario\Orchidea_Vlc_mf\_Sustains\Vc-ord-E4-mf-2c-N_Sustains.wav,.wav,ordinario,ordinario
orchidea,vlc,ordinario,mf,E4,F:\DOUTORAMENTO_22\INSTRUMENTOS\Instrumentos_espectro_versão 3\CORDAS\VIOLONCELO\Orchidea_Vlc\Violoncello\ordinario\Orchidea_Vlc_mf\_Sustains\Vc-ord-E4-mf-3c-N_Sustains.wav,.wav,ordinario,ordinario
orchidea,vlc,ordinario,mf,E5,F:\DOUTORAMENTO_22\INSTRUMENTOS\Instrumentos_espectro_versão 3\CORDAS\VIOLONCELO\Orchidea_Vlc\Violoncello\ordinario\Orchidea_Vlc_mf\_Sustains\Vc-ord-E5-mf-1c-N_Sustains.wav,.wav,ordinario,ordinario
orchidea,vlc,ordinario,mf,F#2,F:\DOUTORAMENTO_22\INSTRUMENTOS\Instrumentos_espectro_versão 3\CORDAS\VIOLONCELO\Orchidea_Vlc\Violoncello\ordinario\Orchidea_Vlc_mf\_Sustains\Vc-ord-F#2-mf-4c-N_Sustains.wav,.wav,ordinario,ordinario
orchidea,vlc,ordinario,mf,F#3,F:\DOUTORAMENTO_22\INSTRUMENTOS\Instrumentos_espectro_versão 3\CORDAS\VIOLONCELO\Orchidea_Vlc\Violoncello\ordinario\Orchidea_Vlc_mf\_Sustains\Vc-ord-F#3-mf-2c-N_Sustains.wav,.wav,ordinario,ordinario
orchidea,vlc,ordinario,mf,F#3,F:\DOUTORAMENTO_22\INSTRUMENTOS\Instrumentos_espectro_versão 3\CORDAS\VIOLONCELO\Orchidea_Vlc\Violoncello\ordinario\Orchidea_Vlc_mf\_Sustains\Vc-ord-F#3-mf-3c-N_Sustains.wav,.wav,ordinario,ordinario
orchidea,vlc,ordinario,mf,F#3,F:\DOUTORAMENTO_22\INSTRUMENTOS\Instrumentos_espectro_versão 3\CORDAS\VIOLONCELO\Orchidea_Vlc\Violoncello\ordinario\Orchidea_Vlc_mf\_Sustains\Vc-ord-F#3-mf-4c-T15u_Sustains.wav,.wav,ordinario,ordinario
orchidea,vlc,ordinario,mf,F#4,F:\DOUTORAMENTO_22\INSTRUMENTOS\Instrumentos_espectro_versão 3\CORDAS\VIOLONCELO\Orchidea_Vlc\Violoncello\ordinario\Orchidea_Vlc_mf\_Sustains\Vc-ord-F#4-mf-1c-N_Sustains.wav,.wav,ordinario,ordinario
orchidea,vlc,ordinario,mf,F#4,F:\DOUTORAMENTO_22\INSTRUMENTOS\Instrumentos_espectro_versão 3\CORDAS\VIOLONCELO\Orchidea_Vlc\Violoncello\ordinario\Orchidea_Vlc_mf\_Sustains\Vc-ord-F#4-mf-2c-N_Sustains.wav,.wav,ordinario,ordinario
orchidea,vlc,ordinario,mf,F#5,F:\DOUTORAMENTO_22\INSTRUMENTOS\Instrumentos_espectro_versão 3\CORDAS\VIOLONCELO\Orchidea_Vlc\Violoncello\ordinario\Orchidea_Vlc_mf\_Sustains\Vc-ord-F#5-mf-1c-T12u_Sustains.wav,.wav,ordinario,ordinario
orchidea,vlc,ordinario,mf,F2,F:\DOUTORAMENTO_22\INSTRUMENTOS\Instrumentos_espectro_versão 3\CORDAS\VIOLONCELO\Orchidea_Vlc\Violoncello\ordinario\Orchidea_Vlc_mf\_Sustains\Vc-ord-F2-mf-4c-T17u_Sustains.wav,.wav,ordinario,ordinario
orchidea,vlc,ordinario,mf,F3,F:\DOUTORAMENTO_22\INSTRUMENTOS\Instrumentos_espectro_versão 3\CORDAS\VIOLONCELO\Orchidea_Vlc\Violoncello\ordinario\Orchidea_Vlc_mf\_Sustains\Vc-ord-F3-mf-2c-N_Sustains.wav,.wav,ordinario,ordinario
orchidea,vlc,ordinario,mf,F3,F:\DOUTORAMENTO_22\INSTRUMENTOS\Instrumentos_espectro_versão 3\CORDAS\VIOLONCELO\Orchidea_Vlc\Violoncello\ordinario\Orchidea_Vlc_mf\_Sustains\Vc-ord-F3-mf-3c-T11d_Sustains.wav,.wav,ordinario,ordinario
orchidea,vlc,ordinario,mf,F3,F:\DOUTORAMENTO_22\INSTRUMENTOS\Instrumentos_espectro_versão 3\CORDAS\VIOLONCELO\Orchidea_Vlc\Violoncello\ordinario\Orchidea_Vlc_mf\_Sustains\Vc-ord-F3-mf-4c-T17u_Sustains.wav,.wav,ordinario,ordinario
orchidea,vlc,ordinario,mf,F4,F:\DOUTORAMENTO_22\INSTRUMENTOS\Instrumentos_espectro_versão 3\CORDAS\VIOLONCELO\Orchidea_Vlc\Violoncello\ordinario\Orchidea_Vlc_mf\_Sustains\Vc-ord-F4-mf-1c-N_Sustains.wav,.wav,ordinario,ordinario
orchidea,vlc,ordinario,mf,F4,F:\DOUTORAMENTO_22\INSTRUMENTOS\Instrumentos_espectro_versão 3\CORDAS\VIOLONCELO\Orchidea_Vlc\Violoncello\ordinario\Orchidea_Vlc_mf\_Sustains\Vc-ord-F4-mf-2c-N_Sustains.wav,.wav,ordinario,ordinario
orchidea,vlc,ordinario,mf,F4,F:\DOUTORAMENTO_22\INSTRUMENTOS\Instrumentos_espectro_versão 3\CORDAS\VIOLONCELO\Orchidea_Vlc\Violoncello\ordinario\Orchidea_Vlc_mf\_Sustains\Vc-ord-F4-mf-3c-T11u_Sustains.wav,.wav,ordinario,ordinario
orchidea,vlc,ordinario,mf,F5,F:\DOUTORAMENTO_22\INSTRUMENTOS\Instrumentos_espectro_versão 3\CORDAS\VIOLONCELO\Orchidea_Vlc\Violoncello\ordinario\Orchidea_Vlc_mf\_Sustains\Vc-ord-F5-mf-1c-N_Sustains.wav,.wav,ordinario,ordinario
orchidea,vlc,ordinario,mf,G#2,F:\DOUTORAMENTO_22\INSTRUMENTOS\Instrumentos_espectro_versão 3\CORDAS\VIOLONCELO\Orchidea_Vlc\Violoncello\ordinario\Orchidea_Vlc_mf\_Sustains\Vc-ord-G#2-mf-3c-N_Sustains.wav,.wav,ordinario,ordinario
orchidea,vlc,ordinario,mf,G#2,F:\DOUTORAMENTO_22\INSTRUMENTOS\Instrumentos_espectro_versão 3\CORDAS\VIOLONCELO\Orchidea_Vlc\Violoncello\ordinario\Orchidea_Vlc_mf\_Sustains\Vc-ord-G#2-mf-4c-N_Sustains.wav,.wav,ordinario,ordinario
orchidea,vlc,ordinario,mf,G#3,F:\DOUTORAMENTO_22\INSTRUMENTOS\Instrumentos_espectro_versão 3\CORDAS\VIOLONCELO\Orchidea_Vlc\Violoncello\ordinario\Orchidea_Vlc_mf\_Sustains\Vc-ord-G#3-mf-2c-N_Sustains.wav,.wav,ordinario,ordinario
orchidea,vlc,ordinario,mf,G#3,F:\DOUTORAMENTO_22\INSTRUMENTOS\Instrumentos_espectro_versão 3\CORDAS\VIOLONCELO\Orchidea_Vlc\Violoncello\ordinario\Orchidea_Vlc_mf\_Sustains\Vc-ord-G#3-mf-3c-N_Sustains.wav,.wav,ordinario,ordinario
orchidea,vlc,ordinario,mf,G#3,F:\DOUTORAMENTO_22\INSTRUMENTOS\Instrumentos_espectro_versão 3\CORDAS\VIOLONCELO\Orchidea_Vlc\Violoncello\ordinario\Orchidea_Vlc_mf\_Sustains\Vc-ord-G#3-mf-4c-N_Sustains.wav,.wav,ordinario,ordinario
orchidea,vlc,ordinario,mf,G#4,F:\DOUTORAMENTO_22\INSTRUMENTOS\Instrumentos_espectro_versão 3\CORDAS\VIOLONCELO\Orchidea_Vlc\Violoncello\ordinario\Orchidea_Vlc_mf\_Sustains\Vc-ord-G#4-mf-1c-N_Sustains.wav,.wav,ordinario,ordinario
orchidea,vlc,ordinario,mf,G#4,F:\DOUTORAMENTO_22\INSTRUMENTOS\Instrumentos_espectro_versão 3\CORDAS\VIOLONCELO\Orchidea_Vlc\Violoncello\ordinario\Orchidea_Vlc_mf\_Sustains\Vc-ord-G#4-mf-2c-N_Sustains.wav,.wav,ordinario,ordinario
orchidea,vlc,ordinario,mf,G#5,F:\DOUTORAMENTO_22\INSTRUMENTOS\Instrumentos_espectro_versão 3\CORDAS\VIOLONCELO\Orchidea_Vlc\Violoncello\ordinario\Orchidea_Vlc_mf\_Sustains\Vc-ord-G#5-mf-1c-N_Sustains.wav,.wav,ordinario,ordinario
orchidea,vlc,ordinario,mf,G2,F:\DOUTORAMENTO_22\INSTRUMENTOS\Instrumentos_espectro_versão 3\CORDAS\VIOLONCELO\Orchidea_Vlc\Violoncello\ordinario\Orchidea_Vlc_mf\_Sustains\Vc-ord-G2-mf-3c-N_Sustains.wav,.wav,ordinario,ordinario
orchidea,vlc,ordinario,mf,G2,F:\DOUTORAMENTO_22\INSTRUMENTOS\Instrumentos_espectro_versão 3\CORDAS\VIOLONCELO\Orchidea_Vlc\Violoncello\ordinario\Orchidea_Vlc_mf\_Sustains\Vc-ord-G2-mf-4c-N_Sustains.wav,.wav,ordinario,ordinario
orchidea,vlc,ordinario,mf,G3,F:\DOUTORAMENTO_22\INSTRUMENTOS\Instrumentos_espectro_versão 3\CORDAS\VIOLONCELO\Orchidea_Vlc\Violoncello\ordinario\Orchidea_Vlc_mf\_Sustains\Vc-ord-G3-mf-2c-N_Sustains.wav,.wav,ordinario,ordinario
orchidea,vlc,ordinario,mf,G3,F:\DOUTORAMENTO_22\INSTRUMENTOS\Instrumentos_espectro_versão 3\CORDAS\VIOLONCELO\Orchidea_Vlc\Violoncello\ordinario\Orchidea_Vlc_mf\_Sustains\Vc-ord-G3-mf-3c-N_Sustains.wav,.wav,ordinario,ordinario
orchidea,vlc,ordinario,mf,G3,F:\DOUTORAMENTO_22\INSTRUMENTOS\Instrumentos_espectro_versão 3\CORDAS\VIOLONCELO\Orchidea_Vlc\Violoncello\ordinario\Orchidea_Vlc_mf\_Sustains\Vc-ord-G3-mf-4c-N_Sustains.wav,.wav,ordinario,ordinario
orchidea,vlc,ordinario,mf,G4,F:\DOUTORAMENTO_22\INSTRUMENTOS\Instrumentos_espectro_versão 3\CORDAS\VIOLONCELO\Orchidea_Vlc\Violoncello\ordinario\Orchidea_Vlc_mf\_Sustains\Vc-ord-G4-mf-1c-N_Sustains.wav,.wav,ordinario,ordinario
orchidea,vlc,ordinario,mf,G4,F:\DOUTORAMENTO_22\INSTRUMENTOS\Instrumentos_espectro_versão 3\CORDAS\VIOLONCELO\Orchidea_Vlc\Violoncello\ordinario\Orchidea_Vlc_mf\_Sustains\Vc-ord-G4-mf-2c-N_Sustains.wav,.wav,ordinario,ordinario
orchidea,vlc,ordinario,mf,G5,F:\DOUTORAMENTO_22\INSTRUMENTOS\Instrumentos_espectro_versão 3\CORDAS\VIOLONCELO\Orchidea_Vlc\Violoncello\ordinario\Orchidea_Vlc_mf\_Sustains\Vc-ord-G5-mf-1c-N_Sustains.wav,.wav,ordinario,ordinario
orchidea,vlc,ordinario,pp,A#2,F:\DOUTORAMENTO_22\INSTRUMENTOS\Instrumentos_espectro_versão 3\CORDAS\VIOLONCELO\Orchidea_Vlc\Violoncello\ordinario\Orchidea_Vlc_pp\Vc-ord-A#2-pp-3c-N.wav,.wav,ordinario,ordinario
orchidea,vlc,ordinario,pp,A#2,F:\DOUTORAMENTO_22\INSTRUMENTOS\Instrumentos_espectro_versão 3\CORDAS\VIOLONCELO\Orchidea_Vlc\Violoncello\ordinario\Orchidea_Vlc_pp\Vc-ord-A#2-pp-4c-N.wav,.wav,ordinario,ordinario
orchidea,vlc,ordinario,pp,A#3,F:\DOUTORAMENTO_22\INSTRUMENTOS\Instrumentos_espectro_versão 3\CORDAS\VIOLONCELO\Orchidea_Vlc\Violoncello\ordinario\Orchidea_Vlc_pp\Vc-ord-A#3-pp-1c-N.wav,.wav,ordinario,ordinario
orchidea,vlc,ordinario,pp,A#3,F:\DOUTORAMENTO_22\INSTRUMENTOS\Instrumentos_espectro_versão 3\CORDAS\VIOLONCELO\Orchidea_Vlc\Violoncello\ordinario\Orchidea_Vlc_pp\Vc-ord-A#3-pp-2c-T12u.wav,.wav,ordinario,ordinario
orchidea,vlc,ordinario,pp,A#3,F:\DOUTORAMENTO_22\INSTRUMENTOS\Instrumentos_espectro_versão 3\CORDAS\VIOLONCELO\Orchidea_Vlc\Violoncello\ordinario\Orchidea_Vlc_pp\Vc-ord-A#3-pp-3c-N.wav,.wav,ordinario,ordinario
orchidea,vlc,ordinario,pp,A#3,F:\DOUTORAMENTO_22\INSTRUMENTOS\Instrumentos_espectro_versão 3\CORDAS\VIOLONCELO\Orchidea_Vlc\Violoncello\ordinario\Orchidea_Vlc_pp\Vc-ord-A#3-pp-4c-N.wav,.wav,ordinario,ordinario
orchidea,vlc,ordinario,pp,A#4,F:\DOUTORAMENTO_22\INSTRUMENTOS\Instrumentos_espectro_versão 3\CORDAS\VIOLONCELO\Orchidea_Vlc\Violoncello\ordinario\Orchidea_Vlc_pp\Vc-ord-A#4-pp-1c-N.wav,.wav,ordinario,ordinario
orchidea,vlc,ordinario,pp,A#4,F:\DOUTORAMENTO_22\INSTRUMENTOS\Instrumentos_espectro_versão 3\CORDAS\VIOLONCELO\Orchidea_Vlc\Violoncello\ordinario\Orchidea_Vlc_pp\Vc-ord-A#4-pp-2c-N.wav,.wav,ordinario,ordinario
orchidea,vlc,ordinario,pp,A#5,F:\DOUTORAMENTO_22\INSTRUMENTOS\Instrumentos_espectro_versão 3\CORDAS\VIOLONCELO\Orchidea_Vlc\Violoncello\ordinario\Orchidea_Vlc_pp\Vc-ord-A#5-pp-1c-N.wav,.wav,ordinario,ordinario
orchidea,vlc,ordinario,pp,A2,F:\DOUTORAMENTO_22\INSTRUMENTOS\Instrumentos_espectro_versão 3\CORDAS\VIOLONCELO\Orchidea_Vlc\Violoncello\ordinario\Orchidea_Vlc_pp\Vc-ord-A2-pp-3c-N.wav,.wav,ordinario,ordinario
orchidea,vlc,ordinario,pp,A2,F:\DOUTORAMENTO_22\INSTRUMENTOS\Instrumentos_espectro_versão 3\CORDAS\VIOLONCELO\Orchidea_Vlc\Violoncello\ordinario\Orchidea_Vlc_pp\Vc-ord-A2-pp-4c-N.wav,.wav,ordinario,ordinario
orchidea,vlc,ordinario,pp,A3,F:\DOUTORAMENTO_22\INSTRUMENTOS\Instrumentos_espectro_versão 3\CORDAS\VIOLONCELO\Orchidea_Vlc\Violoncello\ordinario\Orchidea_Vlc_pp\Vc-ord-A3-pp-1c-N.wav,.wav,ordinario,ordinario
orchidea,vlc,ordinario,pp,A3,F:\DOUTORAMENTO_22\INSTRUMENTOS\Instrumentos_espectro_versão 3\CORDAS\VIOLONCELO\Orchidea_Vlc\Violoncello\ordinario\Orchidea_Vlc_pp\Vc-ord-A3-pp-2c-N.wav,.wav,ordinario,ordinario
orchidea,vlc,ordinario,pp,A3,F:\DOUTORAMENTO_22\INSTRUMENTOS\Instrumentos_espectro_versão 3\CORDAS\VIOLONCELO\Orchidea_Vlc\Violoncello\ordinario\Orchidea_Vlc_pp\Vc-ord-A3-pp-3c-N.wav,.wav,ordinario,ordinario
orchidea,vlc,ordinario,pp,A3,F:\DOUTORAMENTO_22\INSTRUMENTOS\Instrumentos_espectro_versão 3\CORDAS\VIOLONCELO\Orchidea_Vlc\Violoncello\ordinario\Orchidea_Vlc_pp\Vc-ord-A3-pp-4c-N.wav,.wav,ordinario,ordinario
orchidea,vlc,ordinario,pp,A4,F:\DOUTORAMENTO_22\INSTRUMENTOS\Instrumentos_espectro_versão 3\CORDAS\VIOLONCELO\Orchidea_Vlc\Violoncello\ordinario\Orchidea_Vlc_pp\Vc-ord-A4-pp-1c-N.wav,.wav,ordinario,ordinario
orchidea,vlc,ordinario,pp,A4,F:\DOUTORAMENTO_22\INSTRUMENTOS\Instrumentos_espectro_versão 3\CORDAS\VIOLONCELO\Orchidea_Vlc\Violoncello\ordinario\Orchidea_Vlc_pp\Vc-ord-A4-pp-2c-N.wav,.wav,ordinario,ordinario
orchidea,vlc,ordinario,pp,A5,F:\DOUTORAMENTO_22\INSTRUMENTOS\Instrumentos_espectro_versão 3\CORDAS\VIOLONCELO\Orchidea_Vlc\Violoncello\ordinario\Orchidea_Vlc_pp\Vc-ord-A5-pp-1c-N.wav,.wav,ordinario,ordinario
orchidea,vlc,ordinario,pp,B2,F:\DOUTORAMENTO_22\INSTRUMENTOS\Instrumentos_espectro_versão 3\CORDAS\VIOLONCELO\Orchidea_Vlc\Violoncello\ordinario\Orchidea_Vlc_pp\Vc-ord-B2-pp-3c-N.wav,.wav,ordinario,ordinario
orchidea,vlc,ordinario,pp,B2,F:\DOUTORAMENTO_22\INSTRUMENTOS\Instrumentos_espectro_versão 3\CORDAS\VIOLONCELO\Orchidea_Vlc\Violoncello\ordinario\Orchidea_Vlc_pp\Vc-ord-B2-pp-4c-T16u.wav,.wav,ordinario,ordinario
orchidea,vlc,ordinario,pp,B3,F:\DOUTORAMENTO_22\INSTRUMENTOS\Instrumentos_espectro_versão 3\CORDAS\VIOLONCELO\Orchidea_Vlc\Violoncello\ordinario\Orchidea_Vlc_pp\Vc-ord-B3-pp-1c-N.wav,.wav,ordinario,ordinario
orchidea,vlc,ordinario,pp,B3,F:\DOUTORAMENTO_22\INSTRUMENTOS\Instrumentos_espectro_versão 3\CORDAS\VIOLONCELO\Orchidea_Vlc\Violoncello\ordinario\Orchidea_Vlc_pp\Vc-ord-B3-pp-2c-N.wav,.wav,ordinario,ordinario
orchidea,vlc,ordinario,pp,B3,F:\DOUTORAMENTO_22\INSTRUMENTOS\Instrumentos_espectro_versão 3\CORDAS\VIOLONCELO\Orchidea_Vlc\Violoncello\ordinario\Orchidea_Vlc_pp\Vc-ord-B3-pp-3c-N.wav,.wav,ordinario,ordinario
orchidea,vlc,ordinario,pp,B4,F:\DOUTORAMENTO_22\INSTRUMENTOS\Instrumentos_espectro_versão 3\CORDAS\VIOLONCELO\Orchidea_Vlc\Violoncello\ordinario\Orchidea_Vlc_pp\Vc-ord-B4-pp-1c-N.wav,.wav,ordinario,ordinario
orchidea,vlc,ordinario,pp,B4,F:\DOUTORAMENTO_22\INSTRUMENTOS\Instrumentos_espectro_versão 3\CORDAS\VIOLONCELO\Orchidea_Vlc\Violoncello\ordinario\Orchidea_Vlc_pp\Vc-ord-B4-pp-2c-N.wav,.wav,ordinario,ordinario
orchidea,vlc,ordinario,pp,B5,F:\DOUTORAMENTO_22\INSTRUMENTOS\Instrumentos_espectro_versão 3\CORDAS\VIOLONCELO\Orchidea_Vlc\Violoncello\ordinario\Orchidea_Vlc_pp\Vc-ord-B5-pp-1c-N.wav,.wav,ordinario,ordinario
orchidea,vlc,ordinario,pp,C#2,F:\DOUTORAMENTO_22\INSTRUMENTOS\Instrumentos_espectro_versão 3\CORDAS\VIOLONCELO\Orchidea_Vlc\Violoncello\ordinario\Orchidea_Vlc_pp\Vc-ord-C#2-pp-4c-N.wav,.wav,ordinario,ordinario
orchidea,vlc,ordinario,pp,C#3,F:\DOUTORAMENTO_22\INSTRUMENTOS\Instrumentos_espectro_versão 3\CORDAS\VIOLONCELO\Orchidea_Vlc\Violoncello\ordinario\Orchidea_Vlc_pp\Vc-ord-C#3-pp-3c-N.wav,.wav,ordinario,ordinario
orchidea,vlc,ordinario,pp,C#3,F:\DOUTORAMENTO_22\INSTRUMENTOS\Instrumentos_espectro_versão 3\CORDAS\VIOLONCELO\Orchidea_Vlc\Violoncello\ordinario\Orchidea_Vlc_pp\Vc-ord-C#3-pp-4c-N.wav,.wav,ordinario,ordinario
orchidea,vlc,ordinario,pp,C#4,F:\DOUTORAMENTO_22\INSTRUMENTOS\Instrumentos_espectro_versão 3\CORDAS\VIOLONCELO\Orchidea_Vlc\Violoncello\ordinario\Orchidea_Vlc_pp\Vc-ord-C#4-pp-1c-N.wav,.wav,ordinario,ordinario
orchidea,vlc,ordinario,pp,C#4,F:\DOUTORAMENTO_22\INSTRUMENTOS\Instrumentos_espectro_versão 3\CORDAS\VIOLONCELO\Orchidea_Vlc\Violoncello\ordinario\Orchidea_Vlc_pp\Vc-ord-C#4-pp-2c-N.wav,.wav,ordinario,ordinario
orchidea,vlc,ordinario,pp,C#4,F:\DOUTORAMENTO_22\INSTRUMENTOS\Instrumentos_espectro_versão 3\CORDAS\VIOLONCELO\Orchidea_Vlc\Violoncello\ordinario\Orchidea_Vlc_pp\Vc-ord-C#4-pp-3c-N.wav,.wav,ordinario,ordinario
orchidea,vlc,ordinario,pp,C#5,F:\DOUTORAMENTO_22\INSTRUMENTOS\Instrumentos_espectro_versão 3\CORDAS\VIOLONCELO\Orchidea_Vlc\Violoncello\ordinario\Orchidea_Vlc_pp\Vc-ord-C#5-pp-1c-N.wav,.wav,ordinario,ordinario
orchidea,vlc,ordinario,pp,C2,F:\DOUTORAMENTO_22\INSTRUMENTOS\Instrumentos_espectro_versão 3\CORDAS\VIOLONCELO\Orchidea_Vlc\Violoncello\ordinario\Orchidea_Vlc_pp\Vc-ord-C2-pp-4c-N.wav,.wav,ordinario,ordinario
orchidea,vlc,ordinario,pp,C3,F:\DOUTORAMENTO_22\INSTRUMENTOS\Instrumentos_espectro_versão 3\CORDAS\VIOLONCELO\Orchidea_Vlc\Violoncello\ordinario\Orchidea_Vlc_pp\Vc-ord-C3-pp-3c-N.wav,.wav,ordinario,ordinario
orchidea,vlc,ordinario,pp,C3,F:\DOUTORAMENTO_22\INSTRUMENTOS\Instrumentos_espectro_versão 3\CORDAS\VIOLONCELO\Orchidea_Vlc\Violoncello\ordinario\Orchidea_Vlc_pp\Vc-ord-C3-pp-4c-N.wav,.wav,ordinario,ordinario
orchidea,vlc,ordinario,pp,C4,F:\DOUTORAMENTO_22\INSTRUMENTOS\Instrumentos_espectro_versão 3\CORDAS\VIOLONCELO\Orchidea_Vlc\Violoncello\ordinario\Orchidea_Vlc_pp\Vc-ord-C4-pp-1c-N.wav,.wav,ordinario,ordinario
orchidea,vlc,ordinario,pp,C4,F:\DOUTORAMENTO_22\INSTRUMENTOS\Instrumentos_espectro_versão 3\CORDAS\VIOLONCELO\Orchidea_Vlc\Violoncello\ordinario\Orchidea_Vlc_pp\Vc-ord-C4-pp-2c-N.wav,.wav,ordinario,ordinario
orchidea,vlc,ordinario,pp,C4,F:\DOUTORAMENTO_22\INSTRUMENTOS\Instrumentos_espectro_versão 3\CORDAS\VIOLONCELO\Orchidea_Vlc\Violoncello\ordinario\Orchidea_Vlc_pp\Vc-ord-C4-pp-3c-N.wav,.wav,ordinario,ordinario
orchidea,vlc,ordinario,pp,C5,F:\DOUTORAMENTO_22\INSTRUMENTOS\Instrumentos_espectro_versão 3\CORDAS\VIOLONCELO\Orchidea_Vlc\Violoncello\ordinario\Orchidea_Vlc_pp\Vc-ord-C5-pp-1c-N.wav,.wav,ordinario,ordinario
orchidea,vlc,ordinario,pp,C5,F:\DOUTORAMENTO_22\INSTRUMENTOS\Instrumentos_espectro_versão 3\CORDAS\VIOLONCELO\Orchidea_Vlc\Violoncello\ordinario\Orchidea_Vlc_pp\Vc-ord-C5-pp-2c-T12u.wav,.wav,ordinario,ordinario
orchidea,vlc,ordinario,pp,C6,F:\DOUTORAMENTO_22\INSTRUMENTOS\Instrumentos_espectro_versão 3\CORDAS\VIOLONCELO\Orchidea_Vlc\Violoncello\ordinario\Orchidea_Vlc_pp\Vc-ord-C6-pp-1c-N.wav,.wav,ordinario,ordinario
orchidea,vlc,ordinario,pp,D#2,F:\DOUTORAMENTO_22\INSTRUMENTOS\Instrumentos_espectro_versão 3\CORDAS\VIOLONCELO\Orchidea_Vlc\Violoncello\ordinario\Orchidea_Vlc_pp\Vc-ord-D#2-pp-4c-N.wav,.wav,ordinario,ordinario
orchidea,vlc,ordinario,pp,D#3,F:\DOUTORAMENTO_22\INSTRUMENTOS\Instrumentos_espectro_versão 3\CORDAS\VIOLONCELO\Orchidea_Vlc\Violoncello\ordinario\Orchidea_Vlc_pp\Vc-ord-D#3-pp-2c-N.wav,.wav,ordinario,ordinario
orchidea,vlc,ordinario,pp,D#3,F:\DOUTORAMENTO_22\INSTRUMENTOS\Instrumentos_espectro_versão 3\CORDAS\VIOLONCELO\Orchidea_Vlc\Violoncello\ordinario\Orchidea_Vlc_pp\Vc-ord-D#3-pp-3c-N.wav,.wav,ordinario,ordinario
orchidea,vlc,ordinario,pp,D#3,F:\DOUTORAMENTO_22\INSTRUMENTOS\Instrumentos_espectro_versão 3\CORDAS\VIOLONCELO\Orchidea_Vlc\Violoncello\ordinario\Orchidea_Vlc_pp\Vc-ord-D#3-pp-4c-T11u.wav,.wav,ordinario,ordinario
orchidea,vlc,ordinario,pp,D#4,F:\DOUTORAMENTO_22\INSTRUMENTOS\Instrumentos_espectro_versão 3\CORDAS\VIOLONCELO\Orchidea_Vlc\Violoncello\ordinario\Orchidea_Vlc_pp\Vc-ord-D#4-pp-1c-N.wav,.wav,ordinario,ordinario
orchidea,vlc,ordinario,pp,D#4,F:\DOUTORAMENTO_22\INSTRUMENTOS\Instrumentos_espectro_versão 3\CORDAS\VIOLONCELO\Orchidea_Vlc\Violoncello\ordinario\Orchidea_Vlc_pp\Vc-ord-D#4-pp-2c-N.wav,.wav,ordinario,ordinario
orchidea,vlc,ordinario,pp,D#4,F:\DOUTORAMENTO_22\INSTRUMENTOS\Instrumentos_espectro_versão 3\CORDAS\VIOLONCELO\Orchidea_Vlc\Violoncello\ordinario\Orchidea_Vlc_pp\Vc-ord-D#4-pp-3c-N.wav,.wav,ordinario,ordinario
orchidea,vlc,ordinario,pp,D#5,F:\DOUTORAMENTO_22\INSTRUMENTOS\Instrumentos_espectro_versão 3\CORDAS\VIOLONCELO\Orchidea_Vlc\Violoncello\ordinario\Orchidea_Vlc_pp\Vc-ord-D#5-pp-1c-T10d.wav,.wav,ordinario,ordinario
orchidea,vlc,ordinario,pp,D2,F:\DOUTORAMENTO_22\INSTRUMENTOS\Instrumentos_espectro_versão 3\CORDAS\VIOLONCELO\Orchidea_Vlc\Violoncello\ordinario\Orchidea_Vlc_pp\Vc-ord-D2-pp-4c-N.wav,.wav,ordinario,ordinario
orchidea,vlc,ordinario,pp,D3,F:\DOUTORAMENTO_22\INSTRUMENTOS\Instrumentos_espectro_versão 3\CORDAS\VIOLONCELO\Orchidea_Vlc\Violoncello\ordinario\Orchidea_Vlc_pp\Vc-ord-D3-pp-2c-N.wav,.wav,ordinario,ordinario
orchidea,vlc,ordinario,pp,D3,F:\DOUTORAMENTO_22\INSTRUMENTOS\Instrumentos_espectro_versão 3\CORDAS\VIOLONCELO\Orchidea_Vlc\Violoncello\ordinario\Orchidea_Vlc_pp\Vc-ord-D3-pp-3c-N.wav,.wav,ordinario,ordinario
orchidea,vlc,ordinario,pp,D3,F:\DOUTORAMENTO_22\INSTRUMENTOS\Instrumentos_espectro_versão 3\CORDAS\VIOLONCELO\Orchidea_Vlc\Violoncello\ordinario\Orchidea_Vlc_pp\Vc-ord-D3-pp-4c-N.wav,.wav,ordinario,ordinario
orchidea,vlc,ordinario,pp,D4,F:\DOUTORAMENTO_22\INSTRUMENTOS\Instrumentos_espectro_versão 3\CORDAS\VIOLONCELO\Orchidea_Vlc\Violoncello\ordinario\Orchidea_Vlc_pp\Vc-ord-D4-pp-1c-N.wav,.wav,ordinario,ordinario
orchidea,vlc,ordinario,pp,D4,F:\DOUTORAMENTO_22\INSTRUMENTOS\Instrumentos_espectro_versão 3\CORDAS\VIOLONCELO\Orchidea_Vlc\Violoncello\ordinario\Orchidea_Vlc_pp\Vc-ord-D4-pp-2c-N.wav,.wav,ordinario,ordinario
orchidea,vlc,ordinario,pp,D4,F:\DOUTORAMENTO_22\INSTRUMENTOS\Instrumentos_espectro_versão 3\CORDAS\VIOLONCELO\Orchidea_Vlc\Violoncello\ordinario\Orchidea_Vlc_pp\Vc-ord-D4-pp-3c-N.wav,.wav,ordinario,ordinario
orchidea,vlc,ordinario,pp,D5,F:\DOUTORAMENTO_22\INSTRUMENTOS\Instrumentos_espectro_versão 3\CORDAS\VIOLONCELO\Orchidea_Vlc\Violoncello\ordinario\Orchidea_Vlc_pp\Vc-ord-D5-pp-1c-N.wav,.wav,ordinario,ordinario
orchidea,vlc,ordinario,pp,E2,F:\DOUTORAMENTO_22\INSTRUMENTOS\Instrumentos_espectro_versão 3\CORDAS\VIOLONCELO\Orchidea_Vlc\Violoncello\ordinario\Orchidea_Vlc_pp\Vc-ord-E2-pp-4c-N.wav,.wav,ordinario,ordinario
orchidea,vlc,ordinario,pp,E3,F:\DOUTORAMENTO_22\INSTRUMENTOS\Instrumentos_espectro_versão 3\CORDAS\VIOLONCELO\Orchidea_Vlc\Violoncello\ordinario\Orchidea_Vlc_pp\Vc-ord-E3-pp-2c-N.wav,.wav,ordinario,ordinario
orchidea,vlc,ordinario,pp,E3,F:\DOUTORAMENTO_22\INSTRUMENTOS\Instrumentos_espectro_versão 3\CORDAS\VIOLONCELO\Orchidea_Vlc\Violoncello\ordinario\Orchidea_Vlc_pp\Vc-ord-E3-pp-3c-N.wav,.wav,ordinario,ordinario
orchidea,vlc,ordinario,pp,E3,F:\DOUTORAMENTO_22\INSTRUMENTOS\Instrumentos_espectro_versão 3\CORDAS\VIOLONCELO\Orchidea_Vlc\Violoncello\ordinario\Orchidea_Vlc_pp\Vc-ord-E3-pp-4c-N.wav,.wav,ordinario,ordinario
orchidea,vlc,ordinario,pp,E4,F:\DOUTORAMENTO_22\INSTRUMENTOS\Instrumentos_espectro_versão 3\CORDAS\VIOLONCELO\Orchidea_Vlc\Violoncello\ordinario\Orchidea_Vlc_pp\Vc-ord-E4-pp-1c-N.wav,.wav,ordinario,ordinario
orchidea,vlc,ordinario,pp,E4,F:\DOUTORAMENTO_22\INSTRUMENTOS\Instrumentos_espectro_versão 3\CORDAS\VIOLONCELO\Orchidea_Vlc\Violoncello\ordinario\Orchidea_Vlc_pp\Vc-ord-E4-pp-2c-N.wav,.wav,ordinario,ordinario
orchidea,vlc,ordinario,pp,E4,F:\DOUTORAMENTO_22\INSTRUMENTOS\Instrumentos_espectro_versão 3\CORDAS\VIOLONCELO\Orchidea_Vlc\Violoncello\ordinario\Orchidea_Vlc_pp\Vc-ord-E4-pp-3c-N.wav,.wav,ordinario,ordinario
orchidea,vlc,ordinario,pp,E5,F:\DOUTORAMENTO_22\INSTRUMENTOS\Instrumentos_espectro_versão 3\CORDAS\VIOLONCELO\Orchidea_Vlc\Violoncello\ordinario\Orchidea_Vlc_pp\Vc-ord-E5-pp-1c-N.wav,.wav,ordinario,ordinario
orchidea,vlc,ordinario,pp,F#2,F:\DOUTORAMENTO_22\INSTRUMENTOS\Instrumentos_espectro_versão 3\CORDAS\VIOLONCELO\Orchidea_Vlc\Violoncello\ordinario\Orchidea_Vlc_pp\Vc-ord-F#2-pp-4c-N.wav,.wav,ordinario,ordinario
orchidea,vlc,ordinario,pp,F#3,F:\DOUTORAMENTO_22\INSTRUMENTOS\Instrumentos_espectro_versão 3\CORDAS\VIOLONCELO\Orchidea_Vlc\Violoncello\ordinario\Orchidea_Vlc_pp\Vc-ord-F#3-pp-2c-N.wav,.wav,ordinario,ordinario
orchidea,vlc,ordinario,pp,F#3,F:\DOUTORAMENTO_22\INSTRUMENTOS\Instrumentos_espectro_versão 3\CORDAS\VIOLONCELO\Orchidea_Vlc\Violoncello\ordinario\Orchidea_Vlc_pp\Vc-ord-F#3-pp-3c-N.wav,.wav,ordinario,ordinario
orchidea,vlc,ordinario,pp,F#3,F:\DOUTORAMENTO_22\INSTRUMENTOS\Instrumentos_espectro_versão 3\CORDAS\VIOLONCELO\Orchidea_Vlc\Violoncello\ordinario\Orchidea_Vlc_pp\Vc-ord-F#3-pp-4c-N.wav,.wav,ordinario,ordinario
orchidea,vlc,ordinario,pp,F#4,F:\DOUTORAMENTO_22\INSTRUMENTOS\Instrumentos_espectro_versão 3\CORDAS\VIOLONCELO\Orchidea_Vlc\Violoncello\ordinario\Orchidea_Vlc_pp\Vc-ord-F#4-pp-1c-N.wav,.wav,ordinario,ordinario
orchidea,vlc,ordinario,pp,F#4,F:\DOUTORAMENTO_22\INSTRUMENTOS\Instrumentos_espectro_versão 3\CORDAS\VIOLONCELO\Orchidea_Vlc\Violoncello\ordinario\Orchidea_Vlc_pp\Vc-ord-F#4-pp-2c-N.wav,.wav,ordinario,ordinario
orchidea,vlc,ordinario,pp,F#5,F:\DOUTORAMENTO_22\INSTRUMENTOS\Instrumentos_espectro_versão 3\CORDAS\VIOLONCELO\Orchidea_Vlc\Violoncello\ordinario\Orchidea_Vlc_pp\Vc-ord-F#5-pp-1c-N.wav,.wav,ordinario,ordinario
orchidea,vlc,ordinario,pp,F2,F:\DOUTORAMENTO_22\INSTRUMENTOS\Instrumentos_espectro_versão 3\CORDAS\VIOLONCELO\Orchidea_Vlc\Violoncello\ordinario\Orchidea_Vlc_pp\Vc-ord-F2-pp-4c-T19u.wav,.wav,ordinario,ordinario
orchidea,vlc,ordinario,pp,F3,F:\DOUTORAMENTO_22\INSTRUMENTOS\Instrumentos_espectro_versão 3\CORDAS\VIOLONCELO\Orchidea_Vlc\Violoncello\ordinario\Orchidea_Vlc_pp\Vc-ord-F3-pp-2c-N.wav,.wav,ordinario,ordinario
orchidea,vlc,ordinario,pp,F3,F:\DOUTORAMENTO_22\INSTRUMENTOS\Instrumentos_espectro_versão 3\CORDAS\VIOLONCELO\Orchidea_Vlc\Violoncello\ordinario\Orchidea_Vlc_pp\Vc-ord-F3-pp-3c-N.wav,.wav,ordinario,ordinario
orchidea,vlc,ordinario,pp,F3,F:\DOUTORAMENTO_22\INSTRUMENTOS\Instrumentos_espectro_versão 3\CORDAS\VIOLONCELO\Orchidea_Vlc\Violoncello\ordinario\Orchidea_Vlc_pp\Vc-ord-F3-pp-4c-N.wav,.wav,ordinario,ordinario
orchidea,vlc,ordinario,pp,F4,F:\DOUTORAMENTO_22\INSTRUMENTOS\Instrumentos_espectro_versão 3\CORDAS\VIOLONCELO\Orchidea_Vlc\Violoncello\ordinario\Orchidea_Vlc_pp\Vc-ord-F4-pp-1c-N.wav,.wav,ordinario,ordinario
orchidea,vlc,ordinario,pp,F4,F:\DOUTORAMENTO_22\INSTRUMENTOS\Instrumentos_espectro_versão 3\CORDAS\VIOLONCELO\Orchidea_Vlc\Violoncello\ordinario\Orchidea_Vlc_pp\Vc-ord-F4-pp-2c-N.wav,.wav,ordinario,ordinario
orchidea,vlc,ordinario,pp,F4,F:\DOUTORAMENTO_22\INSTRUMENTOS\Instrumentos_espectro_versão 3\CORDAS\VIOLONCELO\Orchidea_Vlc\Violoncello\ordinario\Orchidea_Vlc_pp\Vc-ord-F4-pp-3c-T18u.wav,.wav,ordinario,ordinario
orchidea,vlc,ordinario,pp,F5,F:\DOUTORAMENTO_22\INSTRUMENTOS\Instrumentos_espectro_versão 3\CORDAS\VIOLONCELO\Orchidea_Vlc\Violoncello\ordinario\Orchidea_Vlc_pp\Vc-ord-F5-pp-1c-N.wav,.wav,ordinario,ordinario
orchidea,vlc,ordinario,pp,G#2,F:\DOUTORAMENTO_22\INSTRUMENTOS\Instrumentos_espectro_versão 3\CORDAS\VIOLONCELO\Orchidea_Vlc\Violoncello\ordinario\Orchidea_Vlc_pp\Vc-ord-G#2-pp-3c-N.wav,.wav,ordinario,ordinario
orchidea,vlc,ordinario,pp,G#2,F:\DOUTORAMENTO_22\INSTRUMENTOS\Instrumentos_espectro_versão 3\CORDAS\VIOLONCELO\Orchidea_Vlc\Violoncello\ordinario\Orchidea_Vlc_pp\Vc-ord-G#2-pp-4c-N.wav,.wav,ordinario,ordinario
orchidea,vlc,ordinario,pp,G#3,F:\DOUTORAMENTO_22\INSTRUMENTOS\Instrumentos_espectro_versão 3\CORDAS\VIOLONCELO\Orchidea_Vlc\Violoncello\ordinario\Orchidea_Vlc_pp\Vc-ord-G#3-pp-2c-N.wav,.wav,ordinario,ordinario
orchidea,vlc,ordinario,pp,G#3,F:\DOUTORAMENTO_22\INSTRUMENTOS\Instrumentos_espectro_versão 3\CORDAS\VIOLONCELO\Orchidea_Vlc\Violoncello\ordinario\Orchidea_Vlc_pp\Vc-ord-G#3-pp-3c-N.wav,.wav,ordinario,ordinario
orchidea,vlc,ordinario,pp,G#3,F:\DOUTORAMENTO_22\INSTRUMENTOS\Instrumentos_espectro_versão 3\CORDAS\VIOLONCELO\Orchidea_Vlc\Violoncello\ordinario\Orchidea_Vlc_pp\Vc-ord-G#3-pp-4c-T24u.wav,.wav,ordinario,ordinario
orchidea,vlc,ordinario,pp,G#4,F:\DOUTORAMENTO_22\INSTRUMENTOS\Instrumentos_espectro_versão 3\CORDAS\VIOLONCELO\Orchidea_Vlc\Violoncello\ordinario\Orchidea_Vlc_pp\Vc-ord-G#4-pp-1c-N.wav,.wav,ordinario,ordinario
orchidea,vlc,ordinario,pp,G#4,F:\DOUTORAMENTO_22\INSTRUMENTOS\Instrumentos_espectro_versão 3\CORDAS\VIOLONCELO\Orchidea_Vlc\Violoncello\ordinario\Orchidea_Vlc_pp\Vc-ord-G#4-pp-2c-T13u.wav,.wav,ordinario,ordinario
orchidea,vlc,ordinario,pp,G#5,F:\DOUTORAMENTO_22\INSTRUMENTOS\Instrumentos_espectro_versão 3\CORDAS\VIOLONCELO\Orchidea_Vlc\Violoncello\ordinario\Orchidea_Vlc_pp\Vc-ord-G#5-pp-1c-N.wav,.wav,ordinario,ordinario
orchidea,vlc,ordinario,pp,G2,F:\DOUTORAMENTO_22\INSTRUMENTOS\Instrumentos_espectro_versão 3\CORDAS\VIOLONCELO\Orchidea_Vlc\Violoncello\ordinario\Orchidea_Vlc_pp\Vc-ord-G2-pp-3c-N.wav,.wav,ordinario,ordinario
orchidea,vlc,ordinario,pp,G2,F:\DOUTORAMENTO_22\INSTRUMENTOS\Instrumentos_espectro_versão 3\CORDAS\VIOLONCELO\Orchidea_Vlc\Violoncello\ordinario\Orchidea_Vlc_pp\Vc-ord-G2-pp-4c-N.wav,.wav,ordinario,ordinario
orchidea,vlc,ordinario,pp,G3,F:\DOUTORAMENTO_22\INSTRUMENTOS\Instrumentos_espectro_versão 3\CORDAS\VIOLONCELO\Orchidea_Vlc\Violoncello\ordinario\Orchidea_Vlc_pp\Vc-ord-G3-pp-2c-N.wav,.wav,ordinario,ordinario
orchidea,vlc,ordinario,pp,G3,F:\DOUTORAMENTO_22\INSTRUMENTOS\Instrumentos_espectro_versão 3\CORDAS\VIOLONCELO\Orchidea_Vlc\Violoncello\ordinario\Orchidea_Vlc_pp\Vc-ord-G3-pp-3c-N.wav,.wav,ordinario,ordinario
orchidea,vlc,ordinario,pp,G3,F:\DOUTORAMENTO_22\INSTRUMENTOS\Instrumentos_espectro_versão 3\CORDAS\VIOLONCELO\Orchidea_Vlc\Violoncello\ordinario\Orchidea_Vlc_pp\Vc-ord-G3-pp-4c-N.wav,.wav,ordinario,ordinario
orchidea,vlc,ordinario,pp,G4,F:\DOUTORAMENTO_22\INSTRUMENTOS\Instrumentos_espectro_versão 3\CORDAS\VIOLONCELO\Orchidea_Vlc\Violoncello\ordinario\Orchidea_Vlc_pp\Vc-ord-G4-pp-1c-N.wav,.wav,ordinario,ordinario
orchidea,vlc,ordinario,pp,G4,F:\DOUTORAMENTO_22\INSTRUMENTOS\Instrumentos_espectro_versão 3\CORDAS\VIOLONCELO\Orchidea_Vlc\Violoncello\ordinario\Orchidea_Vlc_pp\Vc-ord-G4-pp-2c-N.wav,.wav,ordinario,ordinario
orchidea,vlc,ordinario,pp,G5,F:\DOUTORAMENTO_22\INSTRUMENTOS\Instrumentos_espectro_versão 3\CORDAS\VIOLONCELO\Orchidea_Vlc\Violoncello\ordinario\Orchidea_Vlc_pp\Vc-ord-G5-pp-1c-N.wav,.wav,ordinario,ordinario
orchidea,vlc,ordinario,pp,A#2,F:\DOUTORAMENTO_22\INSTRUMENTOS\Instrumentos_espectro_versão 3\CORDAS\VIOLONCELO\Orchidea_Vlc\Violoncello\ordinario\Orchidea_Vlc_pp\_Attacks\Vc-ord-A#2-pp-3c-N_Attacks.wav,.wav,ordinario,ordinario
orchidea,vlc,ordinario,pp,A#2,F:\DOUTORAMENTO_22\INSTRUMENTOS\Instrumentos_espectro_versão 3\CORDAS\VIOLONCELO\Orchidea_Vlc\Violoncello\ordinario\Orchidea_Vlc_pp\_Attacks\Vc-ord-A#2-pp-4c-N_Attacks.wav,.wav,ordinario,ordinario
orchidea,vlc,ordinario,pp,A#3,F:\DOUTORAMENTO_22\INSTRUMENTOS\Instrumentos_espectro_versão 3\CORDAS\VIOLONCELO\Orchidea_Vlc\Violoncello\ordinario\Orchidea_Vlc_pp\_Attacks\Vc-ord-A#3-pp-1c-N_Attacks.wav,.wav,ordinario,ordinario
orchidea,vlc,ordinario,pp,A#3,F:\DOUTORAMENTO_22\INSTRUMENTOS\Instrumentos_espectro_versão 3\CORDAS\VIOLONCELO\Orchidea_Vlc\Violoncello\ordinario\Orchidea_Vlc_pp\_Attacks\Vc-ord-A#3-pp-2c-T12u_Attacks.wav,.wav,ordinario,ordinario
orchidea,vlc,ordinario,pp,A#3,F:\DOUTORAMENTO_22\INSTRUMENTOS\Instrumentos_espectro_versão 3\CORDAS\VIOLONCELO\Orchidea_Vlc\Violoncello\ordinario\Orchidea_Vlc_pp\_Attacks\Vc-ord-A#3-pp-3c-N_Attacks.wav,.wav,ordinario,ordinario
orchidea,vlc,ordinario,pp,A#3,F:\DOUTORAMENTO_22\INSTRUMENTOS\Instrumentos_espectro_versão 3\CORDAS\VIOLONCELO\Orchidea_Vlc\Violoncello\ordinario\Orchidea_Vlc_pp\_Attacks\Vc-ord-A#3-pp-4c-N_Attacks.wav,.wav,ordinario,ordinario
orchidea,vlc,ordinario,pp,A#4,F:\DOUTORAMENTO_22\INSTRUMENTOS\Instrumentos_espectro_versão 3\CORDAS\VIOLONCELO\Orchidea_Vlc\Violoncello\ordinario\Orchidea_Vlc_pp\_Attacks\Vc-ord-A#4-pp-1c-N_Attacks.wav,.wav,ordinario,ordinario
orchidea,vlc,ordinario,pp,A#4,F:\DOUTORAMENTO_22\INSTRUMENTOS\Instrumentos_espectro_versão 3\CORDAS\VIOLONCELO\Orchidea_Vlc\Violoncello\ordinario\Orchidea_Vlc_pp\_Attacks\Vc-ord-A#4-pp-2c-N_Attacks.wav,.wav,ordinario,ordinario
orchidea,vlc,ordinario,pp,A#5,F:\DOUTORAMENTO_22\INSTRUMENTOS\Instrumentos_espectro_versão 3\CORDAS\VIOLONCELO\Orchidea_Vlc\Violoncello\ordinario\Orchidea_Vlc_pp\_Attacks\Vc-ord-A#5-pp-1c-N_Attacks.wav,.wav,ordinario,ordinario
orchidea,vlc,ordinario,pp,A2,F:\DOUTORAMENTO_22\INSTRUMENTOS\Instrumentos_espectro_versão 3\CORDAS\VIOLONCELO\Orchidea_Vlc\Violoncello\ordinario\Orchidea_Vlc_pp\_Attacks\Vc-ord-A2-pp-3c-N_Attacks.wav,.wav,ordinario,ordinario
orchidea,vlc,ordinario,pp,A2,F:\DOUTORAMENTO_22\INSTRUMENTOS\Instrumentos_espectro_versão 3\CORDAS\VIOLONCELO\Orchidea_Vlc\Violoncello\ordinario\Orchidea_Vlc_pp\_Attacks\Vc-ord-A2-pp-4c-N_Attacks.wav,.wav,ordinario,ordinario
orchidea,vlc,ordinario,pp,A3,F:\DOUTORAMENTO_22\INSTRUMENTOS\Instrumentos_espectro_versão 3\CORDAS\VIOLONCELO\Orchidea_Vlc\Violoncello\ordinario\Orchidea_Vlc_pp\_Attacks\Vc-ord-A3-pp-1c-N_Attacks.wav,.wav,ordinario,ordinario
orchidea,vlc,ordinario,pp,A3,F:\DOUTORAMENTO_22\INSTRUMENTOS\Instrumentos_espectro_versão 3\CORDAS\VIOLONCELO\Orchidea_Vlc\Violoncello\ordinario\Orchidea_Vlc_pp\_Attacks\Vc-ord-A3-pp-2c-N_Attacks.wav,.wav,ordinario,ordinario
orchidea,vlc,ordinario,pp,A3,F:\DOUTORAMENTO_22\INSTRUMENTOS\Instrumentos_espectro_versão 3\CORDAS\VIOLONCELO\Orchidea_Vlc\Violoncello\ordinario\Orchidea_Vlc_pp\_Attacks\Vc-ord-A3-pp-3c-N_Attacks.wav,.wav,ordinario,ordinario
orchidea,vlc,ordinario,pp,A3,F:\DOUTORAMENTO_22\INSTRUMENTOS\Instrumentos_espectro_versão 3\CORDAS\VIOLONCELO\Orchidea_Vlc\Violoncello\ordinario\Orchidea_Vlc_pp\_Attacks\Vc-ord-A3-pp-4c-N_Attacks.wav,.wav,ordinario,ordinario
orchidea,vlc,ordinario,pp,A4,F:\DOUTORAMENTO_22\INSTRUMENTOS\Instrumentos_espectro_versão 3\CORDAS\VIOLONCELO\Orchidea_Vlc\Violoncello\ordinario\Orchidea_Vlc_pp\_Attacks\Vc-ord-A4-pp-1c-N_Attacks.wav,.wav,ordinario,ordinario
orchidea,vlc,ordinario,pp,A4,F:\DOUTORAMENTO_22\INSTRUMENTOS\Instrumentos_espectro_versão 3\CORDAS\VIOLONCELO\Orchidea_Vlc\Violoncello\ordinario\Orchidea_Vlc_pp\_Attacks\Vc-ord-A4-pp-2c-N_Attacks.wav,.wav,ordinario,ordinario
orchidea,vlc,ordinario,pp,A5,F:\DOUTORAMENTO_22\INSTRUMENTOS\Instrumentos_espectro_versão 3\CORDAS\VIOLONCELO\Orchidea_Vlc\Violoncello\ordinario\Orchidea_Vlc_pp\_Attacks\Vc-ord-A5-pp-1c-N_Attacks.wav,.wav,ordinario,ordinario
orchidea,vlc,ordinario,pp,B2,F:\DOUTORAMENTO_22\INSTRUMENTOS\Instrumentos_espectro_versão 3\CORDAS\VIOLONCELO\Orchidea_Vlc\Violoncello\ordinario\Orchidea_Vlc_pp\_Attacks\Vc-ord-B2-pp-3c-N_Attacks.wav,.wav,ordinario,ordinario
orchidea,vlc,ordinario,pp,B2,F:\DOUTORAMENTO_22\INSTRUMENTOS\Instrumentos_espectro_versão 3\CORDAS\VIOLONCELO\Orchidea_Vlc\Violoncello\ordinario\Orchidea_Vlc_pp\_Attacks\Vc-ord-B2-pp-4c-T16u_Attacks.wav,.wav,ordinario,ordinario
orchidea,vlc,ordinario,pp,B3,F:\DOUTORAMENTO_22\INSTRUMENTOS\Instrumentos_espectro_versão 3\CORDAS\VIOLONCELO\Orchidea_Vlc\Violoncello\ordinario\Orchidea_Vlc_pp\_Attacks\Vc-ord-B3-pp-1c-N_Attacks.wav,.wav,ordinario,ordinario
orchidea,vlc,ordinario,pp,B3,F:\DOUTORAMENTO_22\INSTRUMENTOS\Instrumentos_espectro_versão 3\CORDAS\VIOLONCELO\Orchidea_Vlc\Violoncello\ordinario\Orchidea_Vlc_pp\_Attacks\Vc-ord-B3-pp-2c-N_Attacks.wav,.wav,ordinario,ordinario
orchidea,vlc,ordinario,pp,B3,F:\DOUTORAMENTO_22\INSTRUMENTOS\Instrumentos_espectro_versão 3\CORDAS\VIOLONCELO\Orchidea_Vlc\Violoncello\ordinario\Orchidea_Vlc_pp\_Attacks\Vc-ord-B3-pp-3c-N_Attacks.wav,.wav,ordinario,ordinario
orchidea,vlc,ordinario,pp,B4,F:\DOUTORAMENTO_22\INSTRUMENTOS\Instrumentos_espectro_versão 3\CORDAS\VIOLONCELO\Orchidea_Vlc\Violoncello\ordinario\Orchidea_Vlc_pp\_Attacks\Vc-ord-B4-pp-1c-N_Attacks.wav,.wav,ordinario,ordinario
orchidea,vlc,ordinario,pp,B4,F:\DOUTORAMENTO_22\INSTRUMENTOS\Instrumentos_espectro_versão 3\CORDAS\VIOLONCELO\Orchidea_Vlc\Violoncello\ordinario\Orchidea_Vlc_pp\_Attacks\Vc-ord-B4-pp-2c-N_Attacks.wav,.wav,ordinario,ordinario
orchidea,vlc,ordinario,pp,B5,F:\DOUTORAMENTO_22\INSTRUMENTOS\Instrumentos_espectro_versão 3\CORDAS\VIOLONCELO\Orchidea_Vlc\Violoncello\ordinario\Orchidea_Vlc_pp\_Attacks\Vc-ord-B5-pp-1c-N_Attacks.wav,.wav,ordinario,ordinario
orchidea,vlc,ordinario,pp,C#2,F:\DOUTORAMENTO_22\INSTRUMENTOS\Instrumentos_espectro_versão 3\CORDAS\VIOLONCELO\Orchidea_Vlc\Violoncello\ordinario\Orchidea_Vlc_pp\_Attacks\Vc-ord-C#2-pp-4c-N_Attacks.wav,.wav,ordinario,ordinario
orchidea,vlc,ordinario,pp,C#3,F:\DOUTORAMENTO_22\INSTRUMENTOS\Instrumentos_espectro_versão 3\CORDAS\VIOLONCELO\Orchidea_Vlc\Violoncello\ordinario\Orchidea_Vlc_pp\_Attacks\Vc-ord-C#3-pp-3c-N_Attacks.wav,.wav,ordinario,ordinario
orchidea,vlc,ordinario,pp,C#3,F:\DOUTORAMENTO_22\INSTRUMENTOS\Instrumentos_espectro_versão 3\CORDAS\VIOLONCELO\Orchidea_Vlc\Violoncello\ordinario\Orchidea_Vlc_pp\_Attacks\Vc-ord-C#3-pp-4c-N_Attacks.wav,.wav,ordinario,ordinario
orchidea,vlc,ordinario,pp,C#4,F:\DOUTORAMENTO_22\INSTRUMENTOS\Instrumentos_espectro_versão 3\CORDAS\VIOLONCELO\Orchidea_Vlc\Violoncello\ordinario\Orchidea_Vlc_pp\_Attacks\Vc-ord-C#4-pp-1c-N_Attacks.wav,.wav,ordinario,ordinario
orchidea,vlc,ordinario,pp,C#4,F:\DOUTORAMENTO_22\INSTRUMENTOS\Instrumentos_espectro_versão 3\CORDAS\VIOLONCELO\Orchidea_Vlc\Violoncello\ordinario\Orchidea_Vlc_pp\_Attacks\Vc-ord-C#4-pp-2c-N_Attacks.wav,.wav,ordinario,ordinario
orchidea,vlc,ordinario,pp,C#4,F:\DOUTORAMENTO_22\INSTRUMENTOS\Instrumentos_espectro_versão 3\CORDAS\VIOLONCELO\Orchidea_Vlc\Violoncello\ordinario\Orchidea_Vlc_pp\_Attacks\Vc-ord-C#4-pp-3c-N_Attacks.wav,.wav,ordinario,ordinario
orchidea,vlc,ordinario,pp,C#5,F:\DOUTORAMENTO_22\INSTRUMENTOS\Instrumentos_espectro_versão 3\CORDAS\VIOLONCELO\Orchidea_Vlc\Violoncello\ordinario\Orchidea_Vlc_pp\_Attacks\Vc-ord-C#5-pp-1c-N_Attacks.wav,.wav,ordinario,ordinario
orchidea,vlc,ordinario,pp,C2,F:\DOUTORAMENTO_22\INSTRUMENTOS\Instrumentos_espectro_versão 3\CORDAS\VIOLONCELO\Orchidea_Vlc\Violoncello\ordinario\Orchidea_Vlc_pp\_Attacks\Vc-ord-C2-pp-4c-N_Attacks.wav,.wav,ordinario,ordinario
orchidea,vlc,ordinario,pp,C3,F:\DOUTORAMENTO_22\INSTRUMENTOS\Instrumentos_espectro_versão 3\CORDAS\VIOLONCELO\Orchidea_Vlc\Violoncello\ordinario\Orchidea_Vlc_pp\_Attacks\Vc-ord-C3-pp-3c-N_Attacks.wav,.wav,ordinario,ordinario
orchidea,vlc,ordinario,pp,C3,F:\DOUTORAMENTO_22\INSTRUMENTOS\Instrumentos_espectro_versão 3\CORDAS\VIOLONCELO\Orchidea_Vlc\Violoncello\ordinario\Orchidea_Vlc_pp\_Attacks\Vc-ord-C3-pp-4c-N_Attacks.wav,.wav,ordinario,ordinario
orchidea,vlc,ordinario,pp,C4,F:\DOUTORAMENTO_22\INSTRUMENTOS\Instrumentos_espectro_versão 3\CORDAS\VIOLONCELO\Orchidea_Vlc\Violoncello\ordinario\Orchidea_Vlc_pp\_Attacks\Vc-ord-C4-pp-1c-N_Attacks.wav,.wav,ordinario,ordinario
orchidea,vlc,ordinario,pp,C4,F:\DOUTORAMENTO_22\INSTRUMENTOS\Instrumentos_espectro_versão 3\CORDAS\VIOLONCELO\Orchidea_Vlc\Violoncello\ordinario\Orchidea_Vlc_pp\_Attacks\Vc-ord-C4-pp-2c-N_Attacks.wav,.wav,ordinario,ordinario
orchidea,vlc,ordinario,pp,C4,F:\DOUTORAMENTO_22\INSTRUMENTOS\Instrumentos_espectro_versão 3\CORDAS\VIOLONCELO\Orchidea_Vlc\Violoncello\ordinario\Orchidea_Vlc_pp\_Attacks\Vc-ord-C4-pp-3c-N_Attacks.wav,.wav,ordinario,ordinario
orchidea,vlc,ordinario,pp,C5,F:\DOUTORAMENTO_22\INSTRUMENTOS\Instrumentos_espectro_versão 3\CORDAS\VIOLONCELO\Orchidea_Vlc\Violoncello\ordinario\Orchidea_Vlc_pp\_Attacks\Vc-ord-C5-pp-1c-N_Attacks.wav,.wav,ordinario,ordinario
orchidea,vlc,ordinario,pp,C5,F:\DOUTORAMENTO_22\INSTRUMENTOS\Instrumentos_espectro_versão 3\CORDAS\VIOLONCELO\Orchidea_Vlc\Violoncello\ordinario\Orchidea_Vlc_pp\_Attacks\Vc-ord-C5-pp-2c-T12u_Attacks.wav,.wav,ordinario,ordinario
orchidea,vlc,ordinario,pp,C6,F:\DOUTORAMENTO_22\INSTRUMENTOS\Instrumentos_espectro_versão 3\CORDAS\VIOLONCELO\Orchidea_Vlc\Violoncello\ordinario\Orchidea_Vlc_pp\_Attacks\Vc-ord-C6-pp-1c-N_Attacks.wav,.wav,ordinario,ordinario
orchidea,vlc,ordinario,pp,D#2,F:\DOUTORAMENTO_22\INSTRUMENTOS\Instrumentos_espectro_versão 3\CORDAS\VIOLONCELO\Orchidea_Vlc\Violoncello\ordinario\Orchidea_Vlc_pp\_Attacks\Vc-ord-D#2-pp-4c-N_Attacks.wav,.wav,ordinario,ordinario
orchidea,vlc,ordinario,pp,D#3,F:\DOUTORAMENTO_22\INSTRUMENTOS\Instrumentos_espectro_versão 3\CORDAS\VIOLONCELO\Orchidea_Vlc\Violoncello\ordinario\Orchidea_Vlc_pp\_Attacks\Vc-ord-D#3-pp-2c-N_Attacks.wav,.wav,ordinario,ordinario
orchidea,vlc,ordinario,pp,D#3,F:\DOUTORAMENTO_22\INSTRUMENTOS\Instrumentos_espectro_versão 3\CORDAS\VIOLONCELO\Orchidea_Vlc\Violoncello\ordinario\Orchidea_Vlc_pp\_Attacks\Vc-ord-D#3-pp-3c-N_Attacks.wav,.wav,ordinario,ordinario
orchidea,vlc,ordinario,pp,D#3,F:\DOUTORAMENTO_22\INSTRUMENTOS\Instrumentos_espectro_versão 3\CORDAS\VIOLONCELO\Orchidea_Vlc\Violoncello\ordinario\Orchidea_Vlc_pp\_Attacks\Vc-ord-D#3-pp-4c-T11u_Attacks.wav,.wav,ordinario,ordinario
orchidea,vlc,ordinario,pp,D#4,F:\DOUTORAMENTO_22\INSTRUMENTOS\Instrumentos_espectro_versão 3\CORDAS\VIOLONCELO\Orchidea_Vlc\Violoncello\ordinario\Orchidea_Vlc_pp\_Attacks\Vc-ord-D#4-pp-1c-N_Attacks.wav,.wav,ordinario,ordinario
orchidea,vlc,ordinario,pp,D#4,F:\DOUTORAMENTO_22\INSTRUMENTOS\Instrumentos_espectro_versão 3\CORDAS\VIOLONCELO\Orchidea_Vlc\Violoncello\ordinario\Orchidea_Vlc_pp\_Attacks\Vc-ord-D#4-pp-2c-N_Attacks.wav,.wav,ordinario,ordinario
orchidea,vlc,ordinario,pp,D#4,F:\DOUTORAMENTO_22\INSTRUMENTOS\Instrumentos_espectro_versão 3\CORDAS\VIOLONCELO\Orchidea_Vlc\Violoncello\ordinario\Orchidea_Vlc_pp\_Attacks\Vc-ord-D#4-pp-3c-N_Attacks.wav,.wav,ordinario,ordinario
orchidea,vlc,ordinario,pp,D#5,F:\DOUTORAMENTO_22\INSTRUMENTOS\Instrumentos_espectro_versão 3\CORDAS\VIOLONCELO\Orchidea_Vlc\Violoncello\ordinario\Orchidea_Vlc_pp\_Attacks\Vc-ord-D#5-pp-1c-T10d_Attacks.wav,.wav,ordinario,ordinario
orchidea,vlc,ordinario,pp,D2,F:\DOUTORAMENTO_22\INSTRUMENTOS\Instrumentos_espectro_versão 3\CORDAS\VIOLONCELO\Orchidea_Vlc\Violoncello\ordinario\Orchidea_Vlc_pp\_Attacks\Vc-ord-D2-pp-4c-N_Attacks.wav,.wav,ordinario,ordinario
orchidea,vlc,ordinario,pp,D3,F:\DOUTORAMENTO_22\INSTRUMENTOS\Instrumentos_espectro_versão 3\CORDAS\VIOLONCELO\Orchidea_Vlc\Violoncello\ordinario\Orchidea_Vlc_pp\_Attacks\Vc-ord-D3-pp-2c-N_Attacks.wav,.wav,ordinario,ordinario
orchidea,vlc,ordinario,pp,D3,F:\DOUTORAMENTO_22\INSTRUMENTOS\Instrumentos_espectro_versão 3\CORDAS\VIOLONCELO\Orchidea_Vlc\Violoncello\ordinario\Orchidea_Vlc_pp\_Attacks\Vc-ord-D3-pp-3c-N_Attacks.wav,.wav,ordinario,ordinario
orchidea,vlc,ordinario,pp,D3,F:\DOUTORAMENTO_22\INSTRUMENTOS\Instrumentos_espectro_versão 3\CORDAS\VIOLONCELO\Orchidea_Vlc\Violoncello\ordinario\Orchidea_Vlc_pp\_Attacks\Vc-ord-D3-pp-4c-N_Attacks.wav,.wav,ordinario,ordinario
orchidea,vlc,ordinario,pp,D4,F:\DOUTORAMENTO_22\INSTRUMENTOS\Instrumentos_espectro_versão 3\CORDAS\VIOLONCELO\Orchidea_Vlc\Violoncello\ordinario\Orchidea_Vlc_pp\_Attacks\Vc-ord-D4-pp-1c-N_Attacks.wav,.wav,ordinario,ordinario
orchidea,vlc,ordinario,pp,D4,F:\DOUTORAMENTO_22\INSTRUMENTOS\Instrumentos_espectro_versão 3\CORDAS\VIOLONCELO\Orchidea_Vlc\Violoncello\ordinario\Orchidea_Vlc_pp\_Attacks\Vc-ord-D4-pp-2c-N_Attacks.wav,.wav,ordinario,ordinario
orchidea,vlc,ordinario,pp,D4,F:\DOUTORAMENTO_22\INSTRUMENTOS\Instrumentos_espectro_versão 3\CORDAS\VIOLONCELO\Orchidea_Vlc\Violoncello\ordinario\Orchidea_Vlc_pp\_Attacks\Vc-ord-D4-pp-3c-N_Attacks.wav,.wav,ordinario,ordinario
orchidea,vlc,ordinario,pp,D5,F:\DOUTORAMENTO_22\INSTRUMENTOS\Instrumentos_espectro_versão 3\CORDAS\VIOLONCELO\Orchidea_Vlc\Violoncello\ordinario\Orchidea_Vlc_pp\_Attacks\Vc-ord-D5-pp-1c-N_Attacks.wav,.wav,ordinario,ordinario
orchidea,vlc,ordinario,pp,E2,F:\DOUTORAMENTO_22\INSTRUMENTOS\Instrumentos_espectro_versão 3\CORDAS\VIOLONCELO\Orchidea_Vlc\Violoncello\ordinario\Orchidea_Vlc_pp\_Attacks\Vc-ord-E2-pp-4c-N_Attacks.wav,.wav,ordinario,ordinario
orchidea,vlc,ordinario,pp,E3,F:\DOUTORAMENTO_22\INSTRUMENTOS\Instrumentos_espectro_versão 3\CORDAS\VIOLONCELO\Orchidea_Vlc\Violoncello\ordinario\Orchidea_Vlc_pp\_Attacks\Vc-ord-E3-pp-2c-N_Attacks.wav,.wav,ordinario,ordinario
orchidea,vlc,ordinario,pp,E3,F:\DOUTORAMENTO_22\INSTRUMENTOS\Instrumentos_espectro_versão 3\CORDAS\VIOLONCELO\Orchidea_Vlc\Violoncello\ordinario\Orchidea_Vlc_pp\_Attacks\Vc-ord-E3-pp-3c-N_Attacks.wav,.wav,ordinario,ordinario
orchidea,vlc,ordinario,pp,E3,F:\DOUTORAMENTO_22\INSTRUMENTOS\Instrumentos_espectro_versão 3\CORDAS\VIOLONCELO\Orchidea_Vlc\Violoncello\ordinario\Orchidea_Vlc_pp\_Attacks\Vc-ord-E3-pp-4c-N_Attacks.wav,.wav,ordinario,ordinario
orchidea,vlc,ordinario,pp,E4,F:\DOUTORAMENTO_22\INSTRUMENTOS\Instrumentos_espectro_versão 3\CORDAS\VIOLONCELO\Orchidea_Vlc\Violoncello\ordinario\Orchidea_Vlc_pp\_Attacks\Vc-ord-E4-pp-1c-N_Attacks.wav,.wav,ordinario,ordinario
orchidea,vlc,ordinario,pp,E4,F:\DOUTORAMENTO_22\INSTRUMENTOS\Instrumentos_espectro_versão 3\CORDAS\VIOLONCELO\Orchidea_Vlc\Violoncello\ordinario\Orchidea_Vlc_pp\_Attacks\Vc-ord-E4-pp-2c-N_Attacks.wav,.wav,ordinario,ordinario
orchidea,vlc,ordinario,pp,E4,F:\DOUTORAMENTO_22\INSTRUMENTOS\Instrumentos_espectro_versão 3\CORDAS\VIOLONCELO\Orchidea_Vlc\Violoncello\ordinario\Orchidea_Vlc_pp\_Attacks\Vc-ord-E4-pp-3c-N_Attacks.wav,.wav,ordinario,ordinario
orchidea,vlc,ordinario,pp,E5,F:\DOUTORAMENTO_22\INSTRUMENTOS\Instrumentos_espectro_versão 3\CORDAS\VIOLONCELO\Orchidea_Vlc\Violoncello\ordinario\Orchidea_Vlc_pp\_Attacks\Vc-ord-E5-pp-1c-N_Attacks.wav,.wav,ordinario,ordinario
orchidea,vlc,ordinario,pp,F#2,F:\DOUTORAMENTO_22\INSTRUMENTOS\Instrumentos_espectro_versão 3\CORDAS\VIOLONCELO\Orchidea_Vlc\Violoncello\ordinario\Orchidea_Vlc_pp\_Attacks\Vc-ord-F#2-pp-4c-N_Attacks.wav,.wav,ordinario,ordinario
orchidea,vlc,ordinario,pp,F#3,F:\DOUTORAMENTO_22\INSTRUMENTOS\Instrumentos_espectro_versão 3\CORDAS\VIOLONCELO\Orchidea_Vlc\Violoncello\ordinario\Orchidea_Vlc_pp\_Attacks\Vc-ord-F#3-pp-2c-N_Attacks.wav,.wav,ordinario,ordinario
orchidea,vlc,ordinario,pp,F#3,F:\DOUTORAMENTO_22\INSTRUMENTOS\Instrumentos_espectro_versão 3\CORDAS\VIOLONCELO\Orchidea_Vlc\Violoncello\ordinario\Orchidea_Vlc_pp\_Attacks\Vc-ord-F#3-pp-3c-N_Attacks.wav,.wav,ordinario,ordinario
orchidea,vlc,ordinario,pp,F#3,F:\DOUTORAMENTO_22\INSTRUMENTOS\Instrumentos_espectro_versão 3\CORDAS\VIOLONCELO\Orchidea_Vlc\Violoncello\ordinario\Orchidea_Vlc_pp\_Attacks\Vc-ord-F#3-pp-4c-N_Attacks.wav,.wav,ordinario,ordinario
orchidea,vlc,ordinario,pp,F#4,F:\DOUTORAMENTO_22\INSTRUMENTOS\Instrumentos_espectro_versão 3\CORDAS\VIOLONCELO\Orchidea_Vlc\Violoncello\ordinario\Orchidea_Vlc_pp\_Attacks\Vc-ord-F#4-pp-1c-N_Attacks.wav,.wav,ordinario,ordinario
orchidea,vlc,ordinario,pp,F#4,F:\DOUTORAMENTO_22\INSTRUMENTOS\Instrumentos_espectro_versão 3\CORDAS\VIOLONCELO\Orchidea_Vlc\Violoncello\ordinario\Orchidea_Vlc_pp\_Attacks\Vc-ord-F#4-pp-2c-N_Attacks.wav,.wav,ordinario,ordinario
orchidea,vlc,ordinario,pp,F#5,F:\DOUTORAMENTO_22\INSTRUMENTOS\Instrumentos_espectro_versão 3\CORDAS\VIOLONCELO\Orchidea_Vlc\Violoncello\ordinario\Orchidea_Vlc_pp\_Attacks\Vc-ord-F#5-pp-1c-N_Attacks.wav,.wav,ordinario,ordinario
orchidea,vlc,ordinario,pp,F2,F:\DOUTORAMENTO_22\INSTRUMENTOS\Instrumentos_espectro_versão 3\CORDAS\VIOLONCELO\Orchidea_Vlc\Violoncello\ordinario\Orchidea_Vlc_pp\_Attacks\Vc-ord-F2-pp-4c-T19u_Attacks.wav,.wav,ordinario,ordinario
orchidea,vlc,ordinario,pp,F3,F:\DOUTORAMENTO_22\INSTRUMENTOS\Instrumentos_espectro_versão 3\CORDAS\VIOLONCELO\Orchidea_Vlc\Violoncello\ordinario\Orchidea_Vlc_pp\_Attacks\Vc-ord-F3-pp-2c-N_Attacks.wav,.wav,ordinario,ordinario
orchidea,vlc,ordinario,pp,F3,F:\DOUTORAMENTO_22\INSTRUMENTOS\Instrumentos_espectro_versão 3\CORDAS\VIOLONCELO\Orchidea_Vlc\Violoncello\ordinario\Orchidea_Vlc_pp\_Attacks\Vc-ord-F3-pp-3c-N_Attacks.wav,.wav,ordinario,ordinario
orchidea,vlc,ordinario,pp,F3,F:\DOUTORAMENTO_22\INSTRUMENTOS\Instrumentos_espectro_versão 3\CORDAS\VIOLONCELO\Orchidea_Vlc\Violoncello\ordinario\Orchidea_Vlc_pp\_Attacks\Vc-ord-F3-pp-4c-N_Attacks.wav,.wav,ordinario,ordinario
orchidea,vlc,ordinario,pp,F4,F:\DOUTORAMENTO_22\INSTRUMENTOS\Instrumentos_espectro_versão 3\CORDAS\VIOLONCELO\Orchidea_Vlc\Violoncello\ordinario\Orchidea_Vlc_pp\_Attacks\Vc-ord-F4-pp-1c-N_Attacks.wav,.wav,ordinario,ordinario
orchidea,vlc,ordinario,pp,F4,F:\DOUTORAMENTO_22\INSTRUMENTOS\Instrumentos_espectro_versão 3\CORDAS\VIOLONCELO\Orchidea_Vlc\Violoncello\ordinario\Orchidea_Vlc_pp\_Attacks\Vc-ord-F4-pp-2c-N_Attacks.wav,.wav,ordinario,ordinario
orchidea,vlc,ordinario,pp,F4,F:\DOUTORAMENTO_22\INSTRUMENTOS\Instrumentos_espectro_versão 3\CORDAS\VIOLONCELO\Orchidea_Vlc\Violoncello\ordinario\Orchidea_Vlc_pp\_Attacks\Vc-ord-F4-pp-3c-T18u_Attacks.wav,.wav,ordinario,ordinario
orchidea,vlc,ordinario,pp,F5,F:\DOUTORAMENTO_22\INSTRUMENTOS\Instrumentos_espectro_versão 3\CORDAS\VIOLONCELO\Orchidea_Vlc\Violoncello\ordinario\Orchidea_Vlc_pp\_Attacks\Vc-ord-F5-pp-1c-N_Attacks.wav,.wav,ordinario,ordinario
orchidea,vlc,ordinario,pp,G#2,F:\DOUTORAMENTO_22\INSTRUMENTOS\Instrumentos_espectro_versão 3\CORDAS\VIOLONCELO\Orchidea_Vlc\Violoncello\ordinario\Orchidea_Vlc_pp\_Attacks\Vc-ord-G#2-pp-3c-N_Attacks.wav,.wav,ordinario,ordinario
orchidea,vlc,ordinario,pp,G#2,F:\DOUTORAMENTO_22\INSTRUMENTOS\Instrumentos_espectro_versão 3\CORDAS\VIOLONCELO\Orchidea_Vlc\Violoncello\ordinario\Orchidea_Vlc_pp\_Attacks\Vc-ord-G#2-pp-4c-N_Attacks.wav,.wav,ordinario,ordinario
orchidea,vlc,ordinario,pp,G#3,F:\DOUTORAMENTO_22\INSTRUMENTOS\Instrumentos_espectro_versão 3\CORDAS\VIOLONCELO\Orchidea_Vlc\Violoncello\ordinario\Orchidea_Vlc_pp\_Attacks\Vc-ord-G#3-pp-2c-N_Attacks.wav,.wav,ordinario,ordinario
orchidea,vlc,ordinario,pp,G#3,F:\DOUTORAMENTO_22\INSTRUMENTOS\Instrumentos_espectro_versão 3\CORDAS\VIOLONCELO\Orchidea_Vlc\Violoncello\ordinario\Orchidea_Vlc_pp\_Attacks\Vc-ord-G#3-pp-3c-N_Attacks.wav,.wav,ordinario,ordinario
orchidea,vlc,ordinario,pp,G#3,F:\DOUTORAMENTO_22\INSTRUMENTOS\Instrumentos_espectro_versão 3\CORDAS\VIOLONCELO\Orchidea_Vlc\Violoncello\ordinario\Orchidea_Vlc_pp\_Attacks\Vc-ord-G#3-pp-4c-T24u_Attacks.wav,.wav,ordinario,ordinario
orchidea,vlc,ordinario,pp,G#4,F:\DOUTORAMENTO_22\INSTRUMENTOS\Instrumentos_espectro_versão 3\CORDAS\VIOLONCELO\Orchidea_Vlc\Violoncello\ordinario\Orchidea_Vlc_pp\_Attacks\Vc-ord-G#4-pp-1c-N_Attacks.wav,.wav,ordinario,ordinario
orchidea,vlc,ordinario,pp,G#4,F:\DOUTORAMENTO_22\INSTRUMENTOS\Instrumentos_espectro_versão 3\CORDAS\VIOLONCELO\Orchidea_Vlc\Violoncello\ordinario\Orchidea_Vlc_pp\_Attacks\Vc-ord-G#4-pp-2c-T13u_Attacks.wav,.wav,ordinario,ordinario
orchidea,vlc,ordinario,pp,G#5,F:\DOUTORAMENTO_22\INSTRUMENTOS\Instrumentos_espectro_versão 3\CORDAS\VIOLONCELO\Orchidea_Vlc\Violoncello\ordinario\Orchidea_Vlc_pp\_Attacks\Vc-ord-G#5-pp-1c-N_Attacks.wav,.wav,ordinario,ordinario
orchidea,vlc,ordinario,pp,G2,F:\DOUTORAMENTO_22\INSTRUMENTOS\Instrumentos_espectro_versão 3\CORDAS\VIOLONCELO\Orchidea_Vlc\Violoncello\ordinario\Orchidea_Vlc_pp\_Attacks\Vc-ord-G2-pp-3c-N_Attacks.wav,.wav,ordinario,ordinario
orchidea,vlc,ordinario,pp,G2,F:\DOUTORAMENTO_22\INSTRUMENTOS\Instrumentos_espectro_versão 3\CORDAS\VIOLONCELO\Orchidea_Vlc\Violoncello\ordinario\Orchidea_Vlc_pp\_Attacks\Vc-ord-G2-pp-4c-N_Attacks.wav,.wav,ordinario,ordinario
orchidea,vlc,ordinario,pp,G3,F:\DOUTORAMENTO_22\INSTRUMENTOS\Instrumentos_espectro_versão 3\CORDAS\VIOLONCELO\Orchidea_Vlc\Violoncello\ordinario\Orchidea_Vlc_pp\_Attacks\Vc-ord-G3-pp-2c-N_Attacks.wav,.wav,ordinario,ordinario
orchidea,vlc,ordinario,pp,G3,F:\DOUTORAMENTO_22\INSTRUMENTOS\Instrumentos_espectro_versão 3\CORDAS\VIOLONCELO\Orchidea_Vlc\Violoncello\ordinario\Orchidea_Vlc_pp\_Attacks\Vc-ord-G3-pp-3c-N_Attacks.wav,.wav,ordinario,ordinario
orchidea,vlc,ordinario,pp,G3,F:\DOUTORAMENTO_22\INSTRUMENTOS\Instrumentos_espectro_versão 3\CORDAS\VIOLONCELO\Orchidea_Vlc\Violoncello\ordinario\Orchidea_Vlc_pp\_Attacks\Vc-ord-G3-pp-4c-N_Attacks.wav,.wav,ordinario,ordinario
orchidea,vlc,ordinario,pp,G4,F:\DOUTORAMENTO_22\INSTRUMENTOS\Instrumentos_espectro_versão 3\CORDAS\VIOLONCELO\Orchidea_Vlc\Violoncello\ordinario\Orchidea_Vlc_pp\_Attacks\Vc-ord-G4-pp-1c-N_Attacks.wav,.wav,ordinario,ordinario
orchidea,vlc,ordinario,pp,G4,F:\DOUTORAMENTO_22\INSTRUMENTOS\Instrumentos_espectro_versão 3\CORDAS\VIOLONCELO\Orchidea_Vlc\Violoncello\ordinario\Orchidea_Vlc_pp\_Attacks\Vc-ord-G4-pp-2c-N_Attacks.wav,.wav,ordinario,ordinario
orchidea,vlc,ordinario,pp,G5,F:\DOUTORAMENTO_22\INSTRUMENTOS\Instrumentos_espectro_versão 3\CORDAS\VIOLONCELO\Orchidea_Vlc\Violoncello\ordinario\Orchidea_Vlc_pp\_Attacks\Vc-ord-G5-pp-1c-N_Attacks.wav,.wav,ordinario,ordinario
orchidea,vlc,ordinario,pp,A#2,F:\DOUTORAMENTO_22\INSTRUMENTOS\Instrumentos_espectro_versão 3\CORDAS\VIOLONCELO\Orchidea_Vlc\Violoncello\ordinario\Orchidea_Vlc_pp\_Decays\Vc-ord-A#2-pp-3c-N_Decays.wav,.wav,ordinario,ordinario
orchidea,vlc,ordinario,pp,A#2,F:\DOUTORAMENTO_22\INSTRUMENTOS\Instrumentos_espectro_versão 3\CORDAS\VIOLONCELO\Orchidea_Vlc\Violoncello\ordinario\Orchidea_Vlc_pp\_Decays\Vc-ord-A#2-pp-4c-N_Decays.wav,.wav,ordinario,ordinario
orchidea,vlc,ordinario,pp,A#3,F:\DOUTORAMENTO_22\INSTRUMENTOS\Instrumentos_espectro_versão 3\CORDAS\VIOLONCELO\Orchidea_Vlc\Violoncello\ordinario\Orchidea_Vlc_pp\_Decays\Vc-ord-A#3-pp-1c-N_Decays.wav,.wav,ordinario,ordinario
orchidea,vlc,ordinario,pp,A#3,F:\DOUTORAMENTO_22\INSTRUMENTOS\Instrumentos_espectro_versão 3\CORDAS\VIOLONCELO\Orchidea_Vlc\Violoncello\ordinario\Orchidea_Vlc_pp\_Decays\Vc-ord-A#3-pp-2c-T12u_Decays.wav,.wav,ordinario,ordinario
orchidea,vlc,ordinario,pp,A#3,F:\DOUTORAMENTO_22\INSTRUMENTOS\Instrumentos_espectro_versão 3\CORDAS\VIOLONCELO\Orchidea_Vlc\Violoncello\ordinario\Orchidea_Vlc_pp\_Decays\Vc-ord-A#3-pp-3c-N_Decays.wav,.wav,ordinario,ordinario
orchidea,vlc,ordinario,pp,A#3,F:\DOUTORAMENTO_22\INSTRUMENTOS\Instrumentos_espectro_versão 3\CORDAS\VIOLONCELO\Orchidea_Vlc\Violoncello\ordinario\Orchidea_Vlc_pp\_Decays\Vc-ord-A#3-pp-4c-N_Decays.wav,.wav,ordinario,ordinario
orchidea,vlc,ordinario,pp,A#4,F:\DOUTORAMENTO_22\INSTRUMENTOS\Instrumentos_espectro_versão 3\CORDAS\VIOLONCELO\Orchidea_Vlc\Violoncello\ordinario\Orchidea_Vlc_pp\_Decays\Vc-ord-A#4-pp-1c-N_Decays.wav,.wav,ordinario,ordinario
orchidea,vlc,ordinario,pp,A#4,F:\DOUTORAMENTO_22\INSTRUMENTOS\Instrumentos_espectro_versão 3\CORDAS\VIOLONCELO\Orchidea_Vlc\Violoncello\ordinario\Orchidea_Vlc_pp\_Decays\Vc-ord-A#4-pp-2c-N_Decays.wav,.wav,ordinario,ordinario
orchidea,vlc,ordinario,pp,A#5,F:\DOUTORAMENTO_22\INSTRUMENTOS\Instrumentos_espectro_versão 3\CORDAS\VIOLONCELO\Orchidea_Vlc\Violoncello\ordinario\Orchidea_Vlc_pp\_Decays\Vc-ord-A#5-pp-1c-N_Decays.wav,.wav,ordinario,ordinario
orchidea,vlc,ordinario,pp,A2,F:\DOUTORAMENTO_22\INSTRUMENTOS\Instrumentos_espectro_versão 3\CORDAS\VIOLONCELO\Orchidea_Vlc\Violoncello\ordinario\Orchidea_Vlc_pp\_Decays\Vc-ord-A2-pp-3c-N_Decays.wav,.wav,ordinario,ordinario
orchidea,vlc,ordinario,pp,A2,F:\DOUTORAMENTO_22\INSTRUMENTOS\Instrumentos_espectro_versão 3\CORDAS\VIOLONCELO\Orchidea_Vlc\Violoncello\ordinario\Orchidea_Vlc_pp\_Decays\Vc-ord-A2-pp-4c-N_Decays.wav,.wav,ordinario,ordinario
orchidea,vlc,ordinario,pp,A3,F:\DOUTORAMENTO_22\INSTRUMENTOS\Instrumentos_espectro_versão 3\CORDAS\VIOLONCELO\Orchidea_Vlc\Violoncello\ordinario\Orchidea_Vlc_pp\_Decays\Vc-ord-A3-pp-1c-N_Decays.wav,.wav,ordinario,ordinario
orchidea,vlc,ordinario,pp,A3,F:\DOUTORAMENTO_22\INSTRUMENTOS\Instrumentos_espectro_versão 3\CORDAS\VIOLONCELO\Orchidea_Vlc\Violoncello\ordinario\Orchidea_Vlc_pp\_Decays\Vc-ord-A3-pp-2c-N_Decays.wav,.wav,ordinario,ordinario
orchidea,vlc,ordinario,pp,A3,F:\DOUTORAMENTO_22\INSTRUMENTOS\Instrumentos_espectro_versão 3\CORDAS\VIOLONCELO\Orchidea_Vlc\Violoncello\ordinario\Orchidea_Vlc_pp\_Decays\Vc-ord-A3-pp-3c-N_Decays.wav,.wav,ordinario,ordinario
orchidea,vlc,ordinario,pp,A3,F:\DOUTORAMENTO_22\INSTRUMENTOS\Instrumentos_espectro_versão 3\CORDAS\VIOLONCELO\Orchidea_Vlc\Violoncello\ordinario\Orchidea_Vlc_pp\_Decays\Vc-ord-A3-pp-4c-N_Decays.wav,.wav,ordinario,ordinario
orchidea,vlc,ordinario,pp,A4,F:\DOUTORAMENTO_22\INSTRUMENTOS\Instrumentos_espectro_versão 3\CORDAS\VIOLONCELO\Orchidea_Vlc\Violoncello\ordinario\Orchidea_Vlc_pp\_Decays\Vc-ord-A4-pp-1c-N_Decays.wav,.wav,ordinario,ordinario
orchidea,vlc,ordinario,pp,A4,F:\DOUTORAMENTO_22\INSTRUMENTOS\Instrumentos_espectro_versão 3\CORDAS\VIOLONCELO\Orchidea_Vlc\Violoncello\ordinario\Orchidea_Vlc_pp\_Decays\Vc-ord-A4-pp-2c-N_Decays.wav,.wav,ordinario,ordinario
orchidea,vlc,ordinario,pp,A5,F:\DOUTORAMENTO_22\INSTRUMENTOS\Instrumentos_espectro_versão 3\CORDAS\VIOLONCELO\Orchidea_Vlc\Violoncello\ordinario\Orchidea_Vlc_pp\_Decays\Vc-ord-A5-pp-1c-N_Decays.wav,.wav,ordinario,ordinario
orchidea,vlc,ordinario,pp,B2,F:\DOUTORAMENTO_22\INSTRUMENTOS\Instrumentos_espectro_versão 3\CORDAS\VIOLONCELO\Orchidea_Vlc\Violoncello\ordinario\Orchidea_Vlc_pp\_Decays\Vc-ord-B2-pp-3c-N_Decays.wav,.wav,ordinario,ordinario
orchidea,vlc,ordinario,pp,B2,F:\DOUTORAMENTO_22\INSTRUMENTOS\Instrumentos_espectro_versão 3\CORDAS\VIOLONCELO\Orchidea_Vlc\Violoncello\ordinario\Orchidea_Vlc_pp\_Decays\Vc-ord-B2-pp-4c-T16u_Decays.wav,.wav,ordinario,ordinario
orchidea,vlc,ordinario,pp,B3,F:\DOUTORAMENTO_22\INSTRUMENTOS\Instrumentos_espectro_versão 3\CORDAS\VIOLONCELO\Orchidea_Vlc\Violoncello\ordinario\Orchidea_Vlc_pp\_Decays\Vc-ord-B3-pp-1c-N_Decays.wav,.wav,ordinario,ordinario
orchidea,vlc,ordinario,pp,B3,F:\DOUTORAMENTO_22\INSTRUMENTOS\Instrumentos_espectro_versão 3\CORDAS\VIOLONCELO\Orchidea_Vlc\Violoncello\ordinario\Orchidea_Vlc_pp\_Decays\Vc-ord-B3-pp-2c-N_Decays.wav,.wav,ordinario,ordinario
orchidea,vlc,ordinario,pp,B3,F:\DOUTORAMENTO_22\INSTRUMENTOS\Instrumentos_espectro_versão 3\CORDAS\VIOLONCELO\Orchidea_Vlc\Violoncello\ordinario\Orchidea_Vlc_pp\_Decays\Vc-ord-B3-pp-3c-N_Decays.wav,.wav,ordinario,ordinario
orchidea,vlc,ordinario,pp,B4,F:\DOUTORAMENTO_22\INSTRUMENTOS\Instrumentos_espectro_versão 3\CORDAS\VIOLONCELO\Orchidea_Vlc\Violoncello\ordinario\Orchidea_Vlc_pp\_Decays\Vc-ord-B4-pp-1c-N_Decays.wav,.wav,ordinario,ordinario
orchidea,vlc,ordinario,pp,B4,F:\DOUTORAMENTO_22\INSTRUMENTOS\Instrumentos_espectro_versão 3\CORDAS\VIOLONCELO\Orchidea_Vlc\Violoncello\ordinario\Orchidea_Vlc_pp\_Decays\Vc-ord-B4-pp-2c-N_Decays.wav,.wav,ordinario,ordinario
orchidea,vlc,ordinario,pp,B5,F:\DOUTORAMENTO_22\INSTRUMENTOS\Instrumentos_espectro_versão 3\CORDAS\VIOLONCELO\Orchidea_Vlc\Violoncello\ordinario\Orchidea_Vlc_pp\_Decays\Vc-ord-B5-pp-1c-N_Decays.wav,.wav,ordinario,ordinario
orchidea,vlc,ordinario,pp,C#2,F:\DOUTORAMENTO_22\INSTRUMENTOS\Instrumentos_espectro_versão 3\CORDAS\VIOLONCELO\Orchidea_Vlc\Violoncello\ordinario\Orchidea_Vlc_pp\_Decays\Vc-ord-C#2-pp-4c-N_Decays.wav,.wav,ordinario,ordinario
orchidea,vlc,ordinario,pp,C#3,F:\DOUTORAMENTO_22\INSTRUMENTOS\Instrumentos_espectro_versão 3\CORDAS\VIOLONCELO\Orchidea_Vlc\Violoncello\ordinario\Orchidea_Vlc_pp\_Decays\Vc-ord-C#3-pp-3c-N_Decays.wav,.wav,ordinario,ordinario
orchidea,vlc,ordinario,pp,C#3,F:\DOUTORAMENTO_22\INSTRUMENTOS\Instrumentos_espectro_versão 3\CORDAS\VIOLONCELO\Orchidea_Vlc\Violoncello\ordinario\Orchidea_Vlc_pp\_Decays\Vc-ord-C#3-pp-4c-N_Decays.wav,.wav,ordinario,ordinario
orchidea,vlc,ordinario,pp,C#4,F:\DOUTORAMENTO_22\INSTRUMENTOS\Instrumentos_espectro_versão 3\CORDAS\VIOLONCELO\Orchidea_Vlc\Violoncello\ordinario\Orchidea_Vlc_pp\_Decays\Vc-ord-C#4-pp-1c-N_Decays.wav,.wav,ordinario,ordinario
orchidea,vlc,ordinario,pp,C#4,F:\DOUTORAMENTO_22\INSTRUMENTOS\Instrumentos_espectro_versão 3\CORDAS\VIOLONCELO\Orchidea_Vlc\Violoncello\ordinario\Orchidea_Vlc_pp\_Decays\Vc-ord-C#4-pp-2c-N_Decays.wav,.wav,ordinario,ordinario
orchidea,vlc,ordinario,pp,C#4,F:\DOUTORAMENTO_22\INSTRUMENTOS\Instrumentos_espectro_versão 3\CORDAS\VIOLONCELO\Orchidea_Vlc\Violoncello\ordinario\Orchidea_Vlc_pp\_Decays\Vc-ord-C#4-pp-3c-N_Decays.wav,.wav,ordinario,ordinario
orchidea,vlc,ordinario,pp,C#5,F:\DOUTORAMENTO_22\INSTRUMENTOS\Instrumentos_espectro_versão 3\CORDAS\VIOLONCELO\Orchidea_Vlc\Violoncello\ordinario\Orchidea_Vlc_pp\_Decays\Vc-ord-C#5-pp-1c-N_Decays.wav,.wav,ordinario,ordinario
orchidea,vlc,ordinario,pp,C2,F:\DOUTORAMENTO_22\INSTRUMENTOS\Instrumentos_espectro_versão 3\CORDAS\VIOLONCELO\Orchidea_Vlc\Violoncello\ordinario\Orchidea_Vlc_pp\_Decays\Vc-ord-C2-pp-4c-N_Decays.wav,.wav,ordinario,ordinario
orchidea,vlc,ordinario,pp,C3,F:\DOUTORAMENTO_22\INSTRUMENTOS\Instrumentos_espectro_versão 3\CORDAS\VIOLONCELO\Orchidea_Vlc\Violoncello\ordinario\Orchidea_Vlc_pp\_Decays\Vc-ord-C3-pp-3c-N_Decays.wav,.wav,ordinario,ordinario
orchidea,vlc,ordinario,pp,C3,F:\DOUTORAMENTO_22\INSTRUMENTOS\Instrumentos_espectro_versão 3\CORDAS\VIOLONCELO\Orchidea_Vlc\Violoncello\ordinario\Orchidea_Vlc_pp\_Decays\Vc-ord-C3-pp-4c-N_Decays.wav,.wav,ordinario,ordinario
orchidea,vlc,ordinario,pp,C4,F:\DOUTORAMENTO_22\INSTRUMENTOS\Instrumentos_espectro_versão 3\CORDAS\VIOLONCELO\Orchidea_Vlc\Violoncello\ordinario\Orchidea_Vlc_pp\_Decays\Vc-ord-C4-pp-1c-N_Decays.wav,.wav,ordinario,ordinario
orchidea,vlc,ordinario,pp,C4,F:\DOUTORAMENTO_22\INSTRUMENTOS\Instrumentos_espectro_versão 3\CORDAS\VIOLONCELO\Orchidea_Vlc\Violoncello\ordinario\Orchidea_Vlc_pp\_Decays\Vc-ord-C4-pp-2c-N_Decays.wav,.wav,ordinario,ordinario
orchidea,vlc,ordinario,pp,C4,F:\DOUTORAMENTO_22\INSTRUMENTOS\Instrumentos_espectro_versão 3\CORDAS\VIOLONCELO\Orchidea_Vlc\Violoncello\ordinario\Orchidea_Vlc_pp\_Decays\Vc-ord-C4-pp-3c-N_Decays.wav,.wav,ordinario,ordinario
orchidea,vlc,ordinario,pp,C5,F:\DOUTORAMENTO_22\INSTRUMENTOS\Instrumentos_espectro_versão 3\CORDAS\VIOLONCELO\Orchidea_Vlc\Violoncello\ordinario\Orchidea_Vlc_pp\_Decays\Vc-ord-C5-pp-1c-N_Decays.wav,.wav,ordinario,ordinario
orchidea,vlc,ordinario,pp,C5,F:\DOUTORAMENTO_22\INSTRUMENTOS\Instrumentos_espectro_versão 3\CORDAS\VIOLONCELO\Orchidea_Vlc\Violoncello\ordinario\Orchidea_Vlc_pp\_Decays\Vc-ord-C5-pp-2c-T12u_Decays.wav,.wav,ordinario,ordinario
orchidea,vlc,ordinario,pp,C6,F:\DOUTORAMENTO_22\INSTRUMENTOS\Instrumentos_espectro_versão 3\CORDAS\VIOLONCELO\Orchidea_Vlc\Violoncello\ordinario\Orchidea_Vlc_pp\_Decays\Vc-ord-C6-pp-1c-N_Decays.wav,.wav,ordinario,ordinario
orchidea,vlc,ordinario,pp,D#2,F:\DOUTORAMENTO_22\INSTRUMENTOS\Instrumentos_espectro_versão 3\CORDAS\VIOLONCELO\Orchidea_Vlc\Violoncello\ordinario\Orchidea_Vlc_pp\_Decays\Vc-ord-D#2-pp-4c-N_Decays.wav,.wav,ordinario,ordinario
orchidea,vlc,ordinario,pp,D#3,F:\DOUTORAMENTO_22\INSTRUMENTOS\Instrumentos_espectro_versão 3\CORDAS\VIOLONCELO\Orchidea_Vlc\Violoncello\ordinario\Orchidea_Vlc_pp\_Decays\Vc-ord-D#3-pp-2c-N_Decays.wav,.wav,ordinario,ordinario
orchidea,vlc,ordinario,pp,D#3,F:\DOUTORAMENTO_22\INSTRUMENTOS\Instrumentos_espectro_versão 3\CORDAS\VIOLONCELO\Orchidea_Vlc\Violoncello\ordinario\Orchidea_Vlc_pp\_Decays\Vc-ord-D#3-pp-3c-N_Decays.wav,.wav,ordinario,ordinario
orchidea,vlc,ordinario,pp,D#3,F:\DOUTORAMENTO_22\INSTRUMENTOS\Instrumentos_espectro_versão 3\CORDAS\VIOLONCELO\Orchidea_Vlc\Violoncello\ordinario\Orchidea_Vlc_pp\_Decays\Vc-ord-D#3-pp-4c-T11u_Decays.wav,.wav,ordinario,ordinario
orchidea,vlc,ordinario,pp,D#4,F:\DOUTORAMENTO_22\INSTRUMENTOS\Instrumentos_espectro_versão 3\CORDAS\VIOLONCELO\Orchidea_Vlc\Violoncello\ordinario\Orchidea_Vlc_pp\_Decays\Vc-ord-D#4-pp-1c-N_Decays.wav,.wav,ordinario,ordinario
orchidea,vlc,ordinario,pp,D#4,F:\DOUTORAMENTO_22\INSTRUMENTOS\Instrumentos_espectro_versão 3\CORDAS\VIOLONCELO\Orchidea_Vlc\Violoncello\ordinario\Orchidea_Vlc_pp\_Decays\Vc-ord-D#4-pp-2c-N_Decays.wav,.wav,ordinario,ordinario
orchidea,vlc,ordinario,pp,D#4,F:\DOUTORAMENTO_22\INSTRUMENTOS\Instrumentos_espectro_versão 3\CORDAS\VIOLONCELO\Orchidea_Vlc\Violoncello\ordinario\Orchidea_Vlc_pp\_Decays\Vc-ord-D#4-pp-3c-N_Decays.wav,.wav,ordinario,ordinario
orchidea,vlc,ordinario,pp,D#5,F:\DOUTORAMENTO_22\INSTRUMENTOS\Instrumentos_espectro_versão 3\CORDAS\VIOLONCELO\Orchidea_Vlc\Violoncello\ordinario\Orchidea_Vlc_pp\_Decays\Vc-ord-D#5-pp-1c-T10d_Decays.wav,.wav,ordinario,ordinario
orchidea,vlc,ordinario,pp,D2,F:\DOUTORAMENTO_22\INSTRUMENTOS\Instrumentos_espectro_versão 3\CORDAS\VIOLONCELO\Orchidea_Vlc\Violoncello\ordinario\Orchidea_Vlc_pp\_Decays\Vc-ord-D2-pp-4c-N_Decays.wav,.wav,ordinario,ordinario
orchidea,vlc,ordinario,pp,D3,F:\DOUTORAMENTO_22\INSTRUMENTOS\Instrumentos_espectro_versão 3\CORDAS\VIOLONCELO\Orchidea_Vlc\Violoncello\ordinario\Orchidea_Vlc_pp\_Decays\Vc-ord-D3-pp-2c-N_Decays.wav,.wav,ordinario,ordinario
orchidea,vlc,ordinario,pp,D3,F:\DOUTORAMENTO_22\INSTRUMENTOS\Instrumentos_espectro_versão 3\CORDAS\VIOLONCELO\Orchidea_Vlc\Violoncello\ordinario\Orchidea_Vlc_pp\_Decays\Vc-ord-D3-pp-3c-N_Decays.wav,.wav,ordinario,ordinario
orchidea,vlc,ordinario,pp,D3,F:\DOUTORAMENTO_22\INSTRUMENTOS\Instrumentos_espectro_versão 3\CORDAS\VIOLONCELO\Orchidea_Vlc\Violoncello\ordinario\Orchidea_Vlc_pp\_Decays\Vc-ord-D3-pp-4c-N_Decays.wav,.wav,ordinario,ordinario
orchidea,vlc,ordinario,pp,D4,F:\DOUTORAMENTO_22\INSTRUMENTOS\Instrumentos_espectro_versão 3\CORDAS\VIOLONCELO\Orchidea_Vlc\Violoncello\ordinario\Orchidea_Vlc_pp\_Decays\Vc-ord-D4-pp-1c-N_Decays.wav,.wav,ordinario,ordinario
orchidea,vlc,ordinario,pp,D4,F:\DOUTORAMENTO_22\INSTRUMENTOS\Instrumentos_espectro_versão 3\CORDAS\VIOLONCELO\Orchidea_Vlc\Violoncello\ordinario\Orchidea_Vlc_pp\_Decays\Vc-ord-D4-pp-2c-N_Decays.wav,.wav,ordinario,ordinario
orchidea,vlc,ordinario,pp,D4,F:\DOUTORAMENTO_22\INSTRUMENTOS\Instrumentos_espectro_versão 3\CORDAS\VIOLONCELO\Orchidea_Vlc\Violoncello\ordinario\Orchidea_Vlc_pp\_Decays\Vc-ord-D4-pp-3c-N_Decays.wav,.wav,ordinario,ordinario
orchidea,vlc,ordinario,pp,D5,F:\DOUTORAMENTO_22\INSTRUMENTOS\Instrumentos_espectro_versão 3\CORDAS\VIOLONCELO\Orchidea_Vlc\Violoncello\ordinario\Orchidea_Vlc_pp\_Decays\Vc-ord-D5-pp-1c-N_Decays.wav,.wav,ordinario,ordinario
orchidea,vlc,ordinario,pp,E2,F:\DOUTORAMENTO_22\INSTRUMENTOS\Instrumentos_espectro_versão 3\CORDAS\VIOLONCELO\Orchidea_Vlc\Violoncello\ordinario\Orchidea_Vlc_pp\_Decays\Vc-ord-E2-pp-4c-N_Decays.wav,.wav,ordinario,ordinario
orchidea,vlc,ordinario,pp,E3,F:\DOUTORAMENTO_22\INSTRUMENTOS\Instrumentos_espectro_versão 3\CORDAS\VIOLONCELO\Orchidea_Vlc\Violoncello\ordinario\Orchidea_Vlc_pp\_Decays\Vc-ord-E3-pp-2c-N_Decays.wav,.wav,ordinario,ordinario
orchidea,vlc,ordinario,pp,E3,F:\DOUTORAMENTO_22\INSTRUMENTOS\Instrumentos_espectro_versão 3\CORDAS\VIOLONCELO\Orchidea_Vlc\Violoncello\ordinario\Orchidea_Vlc_pp\_Decays\Vc-ord-E3-pp-3c-N_Decays.wav,.wav,ordinario,ordinario
orchidea,vlc,ordinario,pp,E3,F:\DOUTORAMENTO_22\INSTRUMENTOS\Instrumentos_espectro_versão 3\CORDAS\VIOLONCELO\Orchidea_Vlc\Violoncello\ordinario\Orchidea_Vlc_pp\_Decays\Vc-ord-E3-pp-4c-N_Decays.wav,.wav,ordinario,ordinario
orchidea,vlc,ordinario,pp,E4,F:\DOUTORAMENTO_22\INSTRUMENTOS\Instrumentos_espectro_versão 3\CORDAS\VIOLONCELO\Orchidea_Vlc\Violoncello\ordinario\Orchidea_Vlc_pp\_Decays\Vc-ord-E4-pp-1c-N_Decays.wav,.wav,ordinario,ordinario
orchidea,vlc,ordinario,pp,E4,F:\DOUTORAMENTO_22\INSTRUMENTOS\Instrumentos_espectro_versão 3\CORDAS\VIOLONCELO\Orchidea_Vlc\Violoncello\ordinario\Orchidea_Vlc_pp\_Decays\Vc-ord-E4-pp-2c-N_Decays.wav,.wav,ordinario,ordinario
orchidea,vlc,ordinario,pp,E4,F:\DOUTORAMENTO_22\INSTRUMENTOS\Instrumentos_espectro_versão 3\CORDAS\VIOLONCELO\Orchidea_Vlc\Violoncello\ordinario\Orchidea_Vlc_pp\_Decays\Vc-ord-E4-pp-3c-N_Decays.wav,.wav,ordinario,ordinario
orchidea,vlc,ordinario,pp,E5,F:\DOUTORAMENTO_22\INSTRUMENTOS\Instrumentos_espectro_versão 3\CORDAS\VIOLONCELO\Orchidea_Vlc\Violoncello\ordinario\Orchidea_Vlc_pp\_Decays\Vc-ord-E5-pp-1c-N_Decays.wav,.wav,ordinario,ordinario
orchidea,vlc,ordinario,pp,F#2,F:\DOUTORAMENTO_22\INSTRUMENTOS\Instrumentos_espectro_versão 3\CORDAS\VIOLONCELO\Orchidea_Vlc\Violoncello\ordinario\Orchidea_Vlc_pp\_Decays\Vc-ord-F#2-pp-4c-N_Decays.wav,.wav,ordinario,ordinario
orchidea,vlc,ordinario,pp,F#3,F:\DOUTORAMENTO_22\INSTRUMENTOS\Instrumentos_espectro_versão 3\CORDAS\VIOLONCELO\Orchidea_Vlc\Violoncello\ordinario\Orchidea_Vlc_pp\_Decays\Vc-ord-F#3-pp-2c-N_Decays.wav,.wav,ordinario,ordinario
orchidea,vlc,ordinario,pp,F#3,F:\DOUTORAMENTO_22\INSTRUMENTOS\Instrumentos_espectro_versão 3\CORDAS\VIOLONCELO\Orchidea_Vlc\Violoncello\ordinario\Orchidea_Vlc_pp\_Decays\Vc-ord-F#3-pp-3c-N_Decays.wav,.wav,ordinario,ordinario
orchidea,vlc,ordinario,pp,F#3,F:\DOUTORAMENTO_22\INSTRUMENTOS\Instrumentos_espectro_versão 3\CORDAS\VIOLONCELO\Orchidea_Vlc\Violoncello\ordinario\Orchidea_Vlc_pp\_Decays\Vc-ord-F#3-pp-4c-N_Decays.wav,.wav,ordinario,ordinario
orchidea,vlc,ordinario,pp,F#4,F:\DOUTORAMENTO_22\INSTRUMENTOS\Instrumentos_espectro_versão 3\CORDAS\VIOLONCELO\Orchidea_Vlc\Violoncello\ordinario\Orchidea_Vlc_pp\_Decays\Vc-ord-F#4-pp-1c-N_Decays.wav,.wav,ordinario,ordinario
orchidea,vlc,ordinario,pp,F#4,F:\DOUTORAMENTO_22\INSTRUMENTOS\Instrumentos_espectro_versão 3\CORDAS\VIOLONCELO\Orchidea_Vlc\Violoncello\ordinario\Orchidea_Vlc_pp\_Decays\Vc-ord-F#4-pp-2c-N_Decays.wav,.wav,ordinario,ordinario
orchidea,vlc,ordinario,pp,F#5,F:\DOUTORAMENTO_22\INSTRUMENTOS\Instrumentos_espectro_versão 3\CORDAS\VIOLONCELO\Orchidea_Vlc\Violoncello\ordinario\Orchidea_Vlc_pp\_Decays\Vc-ord-F#5-pp-1c-N_Decays.wav,.wav,ordinario,ordinario
orchidea,vlc,ordinario,pp,F2,F:\DOUTORAMENTO_22\INSTRUMENTOS\Instrumentos_espectro_versão 3\CORDAS\VIOLONCELO\Orchidea_Vlc\Violoncello\ordinario\Orchidea_Vlc_pp\_Decays\Vc-ord-F2-pp-4c-T19u_Decays.wav,.wav,ordinario,ordinario
orchidea,vlc,ordinario,pp,F3,F:\DOUTORAMENTO_22\INSTRUMENTOS\Instrumentos_espectro_versão 3\CORDAS\VIOLONCELO\Orchidea_Vlc\Violoncello\ordinario\Orchidea_Vlc_pp\_Decays\Vc-ord-F3-pp-2c-N_Decays.wav,.wav,ordinario,ordinario
orchidea,vlc,ordinario,pp,F3,F:\DOUTORAMENTO_22\INSTRUMENTOS\Instrumentos_espectro_versão 3\CORDAS\VIOLONCELO\Orchidea_Vlc\Violoncello\ordinario\Orchidea_Vlc_pp\_Decays\Vc-ord-F3-pp-3c-N_Decays.wav,.wav,ordinario,ordinario
orchidea,vlc,ordinario,pp,F3,F:\DOUTORAMENTO_22\INSTRUMENTOS\Instrumentos_espectro_versão 3\CORDAS\VIOLONCELO\Orchidea_Vlc\Violoncello\ordinario\Orchidea_Vlc_pp\_Decays\Vc-ord-F3-pp-4c-N_Decays.wav,.wav,ordinario,ordinario
orchidea,vlc,ordinario,pp,F4,F:\DOUTORAMENTO_22\INSTRUMENTOS\Instrumentos_espectro_versão 3\CORDAS\VIOLONCELO\Orchidea_Vlc\Violoncello\ordinario\Orchidea_Vlc_pp\_Decays\Vc-ord-F4-pp-1c-N_Decays.wav,.wav,ordinario,ordinario
orchidea,vlc,ordinario,pp,F4,F:\DOUTORAMENTO_22\INSTRUMENTOS\Instrumentos_espectro_versão 3\CORDAS\VIOLONCELO\Orchidea_Vlc\Violoncello\ordinario\Orchidea_Vlc_pp\_Decays\Vc-ord-F4-pp-2c-N_Decays.wav,.wav,ordinario,ordinario
orchidea,vlc,ordinario,pp,F4,F:\DOUTORAMENTO_22\INSTRUMENTOS\Instrumentos_espectro_versão 3\CORDAS\VIOLONCELO\Orchidea_Vlc\Violoncello\ordinario\Orchidea_Vlc_pp\_Decays\Vc-ord-F4-pp-3c-T18u_Decays.wav,.wav,ordinario,ordinario
orchidea,vlc,ordinario,pp,F5,F:\DOUTORAMENTO_22\INSTRUMENTOS\Instrumentos_espectro_versão 3\CORDAS\VIOLONCELO\Orchidea_Vlc\Violoncello\ordinario\Orchidea_Vlc_pp\_Decays\Vc-ord-F5-pp-1c-N_Decays.wav,.wav,ordinario,ordinario
orchidea,vlc,ordinario,pp,G#2,F:\DOUTORAMENTO_22\INSTRUMENTOS\Instrumentos_espectro_versão 3\CORDAS\VIOLONCELO\Orchidea_Vlc\Violoncello\ordinario\Orchidea_Vlc_pp\_Decays\Vc-ord-G#2-pp-3c-N_Decays.wav,.wav,ordinario,ordinario
orchidea,vlc,ordinario,pp,G#2,F:\DOUTORAMENTO_22\INSTRUMENTOS\Instrumentos_espectro_versão 3\CORDAS\VIOLONCELO\Orchidea_Vlc\Violoncello\ordinario\Orchidea_Vlc_pp\_Decays\Vc-ord-G#2-pp-4c-N_Decays.wav,.wav,ordinario,ordinario
orchidea,vlc,ordinario,pp,G#3,F:\DOUTORAMENTO_22\INSTRUMENTOS\Instrumentos_espectro_versão 3\CORDAS\VIOLONCELO\Orchidea_Vlc\Violoncello\ordinario\Orchidea_Vlc_pp\_Decays\Vc-ord-G#3-pp-2c-N_Decays.wav,.wav,ordinario,ordinario
orchidea,vlc,ordinario,pp,G#3,F:\DOUTORAMENTO_22\INSTRUMENTOS\Instrumentos_espectro_versão 3\CORDAS\VIOLONCELO\Orchidea_Vlc\Violoncello\ordinario\Orchidea_Vlc_pp\_Decays\Vc-ord-G#3-pp-3c-N_Decays.wav,.wav,ordinario,ordinario
orchidea,vlc,ordinario,pp,G#3,F:\DOUTORAMENTO_22\INSTRUMENTOS\Instrumentos_espectro_versão 3\CORDAS\VIOLONCELO\Orchidea_Vlc\Violoncello\ordinario\Orchidea_Vlc_pp\_Decays\Vc-ord-G#3-pp-4c-T24u_Decays.wav,.wav,ordinario,ordinario
orchidea,vlc,ordinario,pp,G#4,F:\DOUTORAMENTO_22\INSTRUMENTOS\Instrumentos_espectro_versão 3\CORDAS\VIOLONCELO\Orchidea_Vlc\Violoncello\ordinario\Orchidea_Vlc_pp\_Decays\Vc-ord-G#4-pp-1c-N_Decays.wav,.wav,ordinario,ordinario
orchidea,vlc,ordinario,pp,G#4,F:\DOUTORAMENTO_22\INSTRUMENTOS\Instrumentos_espectro_versão 3\CORDAS\VIOLONCELO\Orchidea_Vlc\Violoncello\ordinario\Orchidea_Vlc_pp\_Decays\Vc-ord-G#4-pp-2c-T13u_Decays.wav,.wav,ordinario,ordinario
orchidea,vlc,ordinario,pp,G#5,F:\DOUTORAMENTO_22\INSTRUMENTOS\Instrumentos_espectro_versão 3\CORDAS\VIOLONCELO\Orchidea_Vlc\Violoncello\ordinario\Orchidea_Vlc_pp\_Decays\Vc-ord-G#5-pp-1c-N_Decays.wav,.wav,ordinario,ordinario
orchidea,vlc,ordinario,pp,G2,F:\DOUTORAMENTO_22\INSTRUMENTOS\Instrumentos_espectro_versão 3\CORDAS\VIOLONCELO\Orchidea_Vlc\Violoncello\ordinario\Orchidea_Vlc_pp\_Decays\Vc-ord-G2-pp-3c-N_Decays.wav,.wav,ordinario,ordinario
orchidea,vlc,ordinario,pp,G2,F:\DOUTORAMENTO_22\INSTRUMENTOS\Instrumentos_espectro_versão 3\CORDAS\VIOLONCELO\Orchidea_Vlc\Violoncello\ordinario\Orchidea_Vlc_pp\_Decays\Vc-ord-G2-pp-4c-N_Decays.wav,.wav,ordinario,ordinario
orchidea,vlc,ordinario,pp,G3,F:\DOUTORAMENTO_22\INSTRUMENTOS\Instrumentos_espectro_versão 3\CORDAS\VIOLONCELO\Orchidea_Vlc\Violoncello\ordinario\Orchidea_Vlc_pp\_Decays\Vc-ord-G3-pp-2c-N_Decays.wav,.wav,ordinario,ordinario
orchidea,vlc,ordinario,pp,G3,F:\DOUTORAMENTO_22\INSTRUMENTOS\Instrumentos_espectro_versão 3\CORDAS\VIOLONCELO\Orchidea_Vlc\Violoncello\ordinario\Orchidea_Vlc_pp\_Decays\Vc-ord-G3-pp-3c-N_Decays.wav,.wav,ordinario,ordinario
orchidea,vlc,ordinario,pp,G3,F:\DOUTORAMENTO_22\INSTRUMENTOS\Instrumentos_espectro_versão 3\CORDAS\VIOLONCELO\Orchidea_Vlc\Violoncello\ordinario\Orchidea_Vlc_pp\_Decays\Vc-ord-G3-pp-4c-N_Decays.wav,.wav,ordinario,ordinario
orchidea,vlc,ordinario,pp,G4,F:\DOUTORAMENTO_22\INSTRUMENTOS\Instrumentos_espectro_versão 3\CORDAS\VIOLONCELO\Orchidea_Vlc\Violoncello\ordinario\Orchidea_Vlc_pp\_Decays\Vc-ord-G4-pp-1c-N_Decays.wav,.wav,ordinario,ordinario
orchidea,vlc,ordinario,pp,G4,F:\DOUTORAMENTO_22\INSTRUMENTOS\Instrumentos_espectro_versão 3\CORDAS\VIOLONCELO\Orchidea_Vlc\Violoncello\ordinario\Orchidea_Vlc_pp\_Decays\Vc-ord-G4-pp-2c-N_Decays.wav,.wav,ordinario,ordinario
orchidea,vlc,ordinario,pp,G5,F:\DOUTORAMENTO_22\INSTRUMENTOS\Instrumentos_espectro_versão 3\CORDAS\VIOLONCELO\Orchidea_Vlc\Violoncello\ordinario\Orchidea_Vlc_pp\_Decays\Vc-ord-G5-pp-1c-N_Decays.wav,.wav,ordinario,ordinario
orchidea,vlc,ordinario,pp,A#2,F:\DOUTORAMENTO_22\INSTRUMENTOS\Instrumentos_espectro_versão 3\CORDAS\VIOLONCELO\Orchidea_Vlc\Violoncello\ordinario\Orchidea_Vlc_pp\_Sustains\Vc-ord-A#2-pp-3c-N_Sustains.wav,.wav,ordinario,ordinario
orchidea,vlc,ordinario,pp,A#2,F:\DOUTORAMENTO_22\INSTRUMENTOS\Instrumentos_espectro_versão 3\CORDAS\VIOLONCELO\Orchidea_Vlc\Violoncello\ordinario\Orchidea_Vlc_pp\_Sustains\Vc-ord-A#2-pp-4c-N_Sustains.wav,.wav,ordinario,ordinario
orchidea,vlc,ordinario,pp,A#3,F:\DOUTORAMENTO_22\INSTRUMENTOS\Instrumentos_espectro_versão 3\CORDAS\VIOLONCELO\Orchidea_Vlc\Violoncello\ordinario\Orchidea_Vlc_pp\_Sustains\Vc-ord-A#3-pp-1c-N_Sustains.wav,.wav,ordinario,ordinario
orchidea,vlc,ordinario,pp,A#3,F:\DOUTORAMENTO_22\INSTRUMENTOS\Instrumentos_espectro_versão 3\CORDAS\VIOLONCELO\Orchidea_Vlc\Violoncello\ordinario\Orchidea_Vlc_pp\_Sustains\Vc-ord-A#3-pp-2c-T12u_Sustains.wav,.wav,ordinario,ordinario
orchidea,vlc,ordinario,pp,A#3,F:\DOUTORAMENTO_22\INSTRUMENTOS\Instrumentos_espectro_versão 3\CORDAS\VIOLONCELO\Orchidea_Vlc\Violoncello\ordinario\Orchidea_Vlc_pp\_Sustains\Vc-ord-A#3-pp-3c-N_Sustains.wav,.wav,ordinario,ordinario
orchidea,vlc,ordinario,pp,A#3,F:\DOUTORAMENTO_22\INSTRUMENTOS\Instrumentos_espectro_versão 3\CORDAS\VIOLONCELO\Orchidea_Vlc\Violoncello\ordinario\Orchidea_Vlc_pp\_Sustains\Vc-ord-A#3-pp-4c-N_Sustains.wav,.wav,ordinario,ordinario
orchidea,vlc,ordinario,pp,A#4,F:\DOUTORAMENTO_22\INSTRUMENTOS\Instrumentos_espectro_versão 3\CORDAS\VIOLONCELO\Orchidea_Vlc\Violoncello\ordinario\Orchidea_Vlc_pp\_Sustains\Vc-ord-A#4-pp-1c-N_Sustains.wav,.wav,ordinario,ordinario
orchidea,vlc,ordinario,pp,A#4,F:\DOUTORAMENTO_22\INSTRUMENTOS\Instrumentos_espectro_versão 3\CORDAS\VIOLONCELO\Orchidea_Vlc\Violoncello\ordinario\Orchidea_Vlc_pp\_Sustains\Vc-ord-A#4-pp-2c-N_Sustains.wav,.wav,ordinario,ordinario
orchidea,vlc,ordinario,pp,A#5,F:\DOUTORAMENTO_22\INSTRUMENTOS\Instrumentos_espectro_versão 3\CORDAS\VIOLONCELO\Orchidea_Vlc\Violoncello\ordinario\Orchidea_Vlc_pp\_Sustains\Vc-ord-A#5-pp-1c-N_Sustains.wav,.wav,ordinario,ordinario
orchidea,vlc,ordinario,pp,A2,F:\DOUTORAMENTO_22\INSTRUMENTOS\Instrumentos_espectro_versão 3\CORDAS\VIOLONCELO\Orchidea_Vlc\Violoncello\ordinario\Orchidea_Vlc_pp\_Sustains\Vc-ord-A2-pp-3c-N_Sustains.wav,.wav,ordinario,ordinario
orchidea,vlc,ordinario,pp,A2,F:\DOUTORAMENTO_22\INSTRUMENTOS\Instrumentos_espectro_versão 3\CORDAS\VIOLONCELO\Orchidea_Vlc\Violoncello\ordinario\Orchidea_Vlc_pp\_Sustains\Vc-ord-A2-pp-4c-N_Sustains.wav,.wav,ordinario,ordinario
orchidea,vlc,ordinario,pp,A3,F:\DOUTORAMENTO_22\INSTRUMENTOS\Instrumentos_espectro_versão 3\CORDAS\VIOLONCELO\Orchidea_Vlc\Violoncello\ordinario\Orchidea_Vlc_pp\_Sustains\Vc-ord-A3-pp-1c-N_Sustains.wav,.wav,ordinario,ordinario
orchidea,vlc,ordinario,pp,A3,F:\DOUTORAMENTO_22\INSTRUMENTOS\Instrumentos_espectro_versão 3\CORDAS\VIOLONCELO\Orchidea_Vlc\Violoncello\ordinario\Orchidea_Vlc_pp\_Sustains\Vc-ord-A3-pp-2c-N_Sustains.wav,.wav,ordinario,ordinario
orchidea,vlc,ordinario,pp,A3,F:\DOUTORAMENTO_22\INSTRUMENTOS\Instrumentos_espectro_versão 3\CORDAS\VIOLONCELO\Orchidea_Vlc\Violoncello\ordinario\Orchidea_Vlc_pp\_Sustains\Vc-ord-A3-pp-3c-N_Sustains.wav,.wav,ordinario,ordinario
orchidea,vlc,ordinario,pp,A3,F:\DOUTORAMENTO_22\INSTRUMENTOS\Instrumentos_espectro_versão 3\CORDAS\VIOLONCELO\Orchidea_Vlc\Violoncello\ordinario\Orchidea_Vlc_pp\_Sustains\Vc-ord-A3-pp-4c-N_Sustains.wav,.wav,ordinario,ordinario
orchidea,vlc,ordinario,pp,A4,F:\DOUTORAMENTO_22\INSTRUMENTOS\Instrumentos_espectro_versão 3\CORDAS\VIOLONCELO\Orchidea_Vlc\Violoncello\ordinario\Orchidea_Vlc_pp\_Sustains\Vc-ord-A4-pp-1c-N_Sustains.wav,.wav,ordinario,ordinario
orchidea,vlc,ordinario,pp,A4,F:\DOUTORAMENTO_22\INSTRUMENTOS\Instrumentos_espectro_versão 3\CORDAS\VIOLONCELO\Orchidea_Vlc\Violoncello\ordinario\Orchidea_Vlc_pp\_Sustains\Vc-ord-A4-pp-2c-N_Sustains.wav,.wav,ordinario,ordinario
orchidea,vlc,ordinario,pp,A5,F:\DOUTORAMENTO_22\INSTRUMENTOS\Instrumentos_espectro_versão 3\CORDAS\VIOLONCELO\Orchidea_Vlc\Violoncello\ordinario\Orchidea_Vlc_pp\_Sustains\Vc-ord-A5-pp-1c-N_Sustains.wav,.wav,ordinario,ordinario
orchidea,vlc,ordinario,pp,B2,F:\DOUTORAMENTO_22\INSTRUMENTOS\Instrumentos_espectro_versão 3\CORDAS\VIOLONCELO\Orchidea_Vlc\Violoncello\ordinario\Orchidea_Vlc_pp\_Sustains\Vc-ord-B2-pp-3c-N_Sustains.wav,.wav,ordinario,ordinario
orchidea,vlc,ordinario,pp,B2,F:\DOUTORAMENTO_22\INSTRUMENTOS\Instrumentos_espectro_versão 3\CORDAS\VIOLONCELO\Orchidea_Vlc\Violoncello\ordinario\Orchidea_Vlc_pp\_Sustains\Vc-ord-B2-pp-4c-T16u_Sustains.wav,.wav,ordinario,ordinario
orchidea,vlc,ordinario,pp,B3,F:\DOUTORAMENTO_22\INSTRUMENTOS\Instrumentos_espectro_versão 3\CORDAS\VIOLONCELO\Orchidea_Vlc\Violoncello\ordinario\Orchidea_Vlc_pp\_Sustains\Vc-ord-B3-pp-1c-N_Sustains.wav,.wav,ordinario,ordinario
orchidea,vlc,ordinario,pp,B3,F:\DOUTORAMENTO_22\INSTRUMENTOS\Instrumentos_espectro_versão 3\CORDAS\VIOLONCELO\Orchidea_Vlc\Violoncello\ordinario\Orchidea_Vlc_pp\_Sustains\Vc-ord-B3-pp-2c-N_Sustains.wav,.wav,ordinario,ordinario
orchidea,vlc,ordinario,pp,B3,F:\DOUTORAMENTO_22\INSTRUMENTOS\Instrumentos_espectro_versão 3\CORDAS\VIOLONCELO\Orchidea_Vlc\Violoncello\ordinario\Orchidea_Vlc_pp\_Sustains\Vc-ord-B3-pp-3c-N_Sustains.wav,.wav,ordinario,ordinario
orchidea,vlc,ordinario,pp,B4,F:\DOUTORAMENTO_22\INSTRUMENTOS\Instrumentos_espectro_versão 3\CORDAS\VIOLONCELO\Orchidea_Vlc\Violoncello\ordinario\Orchidea_Vlc_pp\_Sustains\Vc-ord-B4-pp-1c-N_Sustains.wav,.wav,ordinario,ordinario
orchidea,vlc,ordinario,pp,B4,F:\DOUTORAMENTO_22\INSTRUMENTOS\Instrumentos_espectro_versão 3\CORDAS\VIOLONCELO\Orchidea_Vlc\Violoncello\ordinario\Orchidea_Vlc_pp\_Sustains\Vc-ord-B4-pp-2c-N_Sustains.wav,.wav,ordinario,ordinario
orchidea,vlc,ordinario,pp,B5,F:\DOUTORAMENTO_22\INSTRUMENTOS\Instrumentos_espectro_versão 3\CORDAS\VIOLONCELO\Orchidea_Vlc\Violoncello\ordinario\Orchidea_Vlc_pp\_Sustains\Vc-ord-B5-pp-1c-N_Sustains.wav,.wav,ordinario,ordinario
orchidea,vlc,ordinario,pp,C#2,F:\DOUTORAMENTO_22\INSTRUMENTOS\Instrumentos_espectro_versão 3\CORDAS\VIOLONCELO\Orchidea_Vlc\Violoncello\ordinario\Orchidea_Vlc_pp\_Sustains\Vc-ord-C#2-pp-4c-N_Sustains.wav,.wav,ordinario,ordinario
orchidea,vlc,ordinario,pp,C#3,F:\DOUTORAMENTO_22\INSTRUMENTOS\Instrumentos_espectro_versão 3\CORDAS\VIOLONCELO\Orchidea_Vlc\Violoncello\ordinario\Orchidea_Vlc_pp\_Sustains\Vc-ord-C#3-pp-3c-N_Sustains.wav,.wav,ordinario,ordinario
orchidea,vlc,ordinario,pp,C#3,F:\DOUTORAMENTO_22\INSTRUMENTOS\Instrumentos_espectro_versão 3\CORDAS\VIOLONCELO\Orchidea_Vlc\Violoncello\ordinario\Orchidea_Vlc_pp\_Sustains\Vc-ord-C#3-pp-4c-N_Sustains.wav,.wav,ordinario,ordinario
orchidea,vlc,ordinario,pp,C#4,F:\DOUTORAMENTO_22\INSTRUMENTOS\Instrumentos_espectro_versão 3\CORDAS\VIOLONCELO\Orchidea_Vlc\Violoncello\ordinario\Orchidea_Vlc_pp\_Sustains\Vc-ord-C#4-pp-1c-N_Sustains.wav,.wav,ordinario,ordinario
orchidea,vlc,ordinario,pp,C#4,F:\DOUTORAMENTO_22\INSTRUMENTOS\Instrumentos_espectro_versão 3\CORDAS\VIOLONCELO\Orchidea_Vlc\Violoncello\ordinario\Orchidea_Vlc_pp\_Sustains\Vc-ord-C#4-pp-2c-N_Sustains.wav,.wav,ordinario,ordinario
orchidea,vlc,ordinario,pp,C#4,F:\DOUTORAMENTO_22\INSTRUMENTOS\Instrumentos_espectro_versão 3\CORDAS\VIOLONCELO\Orchidea_Vlc\Violoncello\ordinario\Orchidea_Vlc_pp\_Sustains\Vc-ord-C#4-pp-3c-N_Sustains.wav,.wav,ordinario,ordinario
orchidea,vlc,ordinario,pp,C#5,F:\DOUTORAMENTO_22\INSTRUMENTOS\Instrumentos_espectro_versão 3\CORDAS\VIOLONCELO\Orchidea_Vlc\Violoncello\ordinario\Orchidea_Vlc_pp\_Sustains\Vc-ord-C#5-pp-1c-N_Sustains.wav,.wav,ordinario,ordinario
orchidea,vlc,ordinario,pp,C2,F:\DOUTORAMENTO_22\INSTRUMENTOS\Instrumentos_espectro_versão 3\CORDAS\VIOLONCELO\Orchidea_Vlc\Violoncello\ordinario\Orchidea_Vlc_pp\_Sustains\Vc-ord-C2-pp-4c-N_Sustains.wav,.wav,ordinario,ordinario
orchidea,vlc,ordinario,pp,C3,F:\DOUTORAMENTO_22\INSTRUMENTOS\Instrumentos_espectro_versão 3\CORDAS\VIOLONCELO\Orchidea_Vlc\Violoncello\ordinario\Orchidea_Vlc_pp\_Sustains\Vc-ord-C3-pp-3c-N_Sustains.wav,.wav,ordinario,ordinario
orchidea,vlc,ordinario,pp,C3,F:\DOUTORAMENTO_22\INSTRUMENTOS\Instrumentos_espectro_versão 3\CORDAS\VIOLONCELO\Orchidea_Vlc\Violoncello\ordinario\Orchidea_Vlc_pp\_Sustains\Vc-ord-C3-pp-4c-N_Sustains.wav,.wav,ordinario,ordinario
orchidea,vlc,ordinario,pp,C4,F:\DOUTORAMENTO_22\INSTRUMENTOS\Instrumentos_espectro_versão 3\CORDAS\VIOLONCELO\Orchidea_Vlc\Violoncello\ordinario\Orchidea_Vlc_pp\_Sustains\Vc-ord-C4-pp-1c-N_Sustains.wav,.wav,ordinario,ordinario
orchidea,vlc,ordinario,pp,C4,F:\DOUTORAMENTO_22\INSTRUMENTOS\Instrumentos_espectro_versão 3\CORDAS\VIOLONCELO\Orchidea_Vlc\Violoncello\ordinario\Orchidea_Vlc_pp\_Sustains\Vc-ord-C4-pp-2c-N_Sustains.wav,.wav,ordinario,ordinario
orchidea,vlc,ordinario,pp,C4,F:\DOUTORAMENTO_22\INSTRUMENTOS\Instrumentos_espectro_versão 3\CORDAS\VIOLONCELO\Orchidea_Vlc\Violoncello\ordinario\Orchidea_Vlc_pp\_Sustains\Vc-ord-C4-pp-3c-N_Sustains.wav,.wav,ordinario,ordinario
orchidea,vlc,ordinario,pp,C5,F:\DOUTORAMENTO_22\INSTRUMENTOS\Instrumentos_espectro_versão 3\CORDAS\VIOLONCELO\Orchidea_Vlc\Violoncello\ordinario\Orchidea_Vlc_pp\_Sustains\Vc-ord-C5-pp-1c-N_Sustains.wav,.wav,ordinario,ordinario
orchidea,vlc,ordinario,pp,C5,F:\DOUTORAMENTO_22\INSTRUMENTOS\Instrumentos_espectro_versão 3\CORDAS\VIOLONCELO\Orchidea_Vlc\Violoncello\ordinario\Orchidea_Vlc_pp\_Sustains\Vc-ord-C5-pp-2c-T12u_Sustains.wav,.wav,ordinario,ordinario
orchidea,vlc,ordinario,pp,C6,F:\DOUTORAMENTO_22\INSTRUMENTOS\Instrumentos_espectro_versão 3\CORDAS\VIOLONCELO\Orchidea_Vlc\Violoncello\ordinario\Orchidea_Vlc_pp\_Sustains\Vc-ord-C6-pp-1c-N_Sustains.wav,.wav,ordinario,ordinario
orchidea,vlc,ordinario,pp,D#2,F:\DOUTORAMENTO_22\INSTRUMENTOS\Instrumentos_espectro_versão 3\CORDAS\VIOLONCELO\Orchidea_Vlc\Violoncello\ordinario\Orchidea_Vlc_pp\_Sustains\Vc-ord-D#2-pp-4c-N_Sustains.wav,.wav,ordinario,ordinario
orchidea,vlc,ordinario,pp,D#3,F:\DOUTORAMENTO_22\INSTRUMENTOS\Instrumentos_espectro_versão 3\CORDAS\VIOLONCELO\Orchidea_Vlc\Violoncello\ordinario\Orchidea_Vlc_pp\_Sustains\Vc-ord-D#3-pp-2c-N_Sustains.wav,.wav,ordinario,ordinario
orchidea,vlc,ordinario,pp,D#3,F:\DOUTORAMENTO_22\INSTRUMENTOS\Instrumentos_espectro_versão 3\CORDAS\VIOLONCELO\Orchidea_Vlc\Violoncello\ordinario\Orchidea_Vlc_pp\_Sustains\Vc-ord-D#3-pp-3c-N_Sustains.wav,.wav,ordinario,ordinario
orchidea,vlc,ordinario,pp,D#3,F:\DOUTORAMENTO_22\INSTRUMENTOS\Instrumentos_espectro_versão 3\CORDAS\VIOLONCELO\Orchidea_Vlc\Violoncello\ordinario\Orchidea_Vlc_pp\_Sustains\Vc-ord-D#3-pp-4c-T11u_Sustains.wav,.wav,ordinario,ordinario
orchidea,vlc,ordinario,pp,D#4,F:\DOUTORAMENTO_22\INSTRUMENTOS\Instrumentos_espectro_versão 3\CORDAS\VIOLONCELO\Orchidea_Vlc\Violoncello\ordinario\Orchidea_Vlc_pp\_Sustains\Vc-ord-D#4-pp-1c-N_Sustains.wav,.wav,ordinario,ordinario
orchidea,vlc,ordinario,pp,D#4,F:\DOUTORAMENTO_22\INSTRUMENTOS\Instrumentos_espectro_versão 3\CORDAS\VIOLONCELO\Orchidea_Vlc\Violoncello\ordinario\Orchidea_Vlc_pp\_Sustains\Vc-ord-D#4-pp-2c-N_Sustains.wav,.wav,ordinario,ordinario
orchidea,vlc,ordinario,pp,D#4,F:\DOUTORAMENTO_22\INSTRUMENTOS\Instrumentos_espectro_versão 3\CORDAS\VIOLONCELO\Orchidea_Vlc\Violoncello\ordinario\Orchidea_Vlc_pp\_Sustains\Vc-ord-D#4-pp-3c-N_Sustains.wav,.wav,ordinario,ordinario
orchidea,vlc,ordinario,pp,D#5,F:\DOUTORAMENTO_22\INSTRUMENTOS\Instrumentos_espectro_versão 3\CORDAS\VIOLONCELO\Orchidea_Vlc\Violoncello\ordinario\Orchidea_Vlc_pp\_Sustains\Vc-ord-D#5-pp-1c-T10d_Sustains.wav,.wav,ordinario,ordinario
orchidea,vlc,ordinario,pp,D2,F:\DOUTORAMENTO_22\INSTRUMENTOS\Instrumentos_espectro_versão 3\CORDAS\VIOLONCELO\Orchidea_Vlc\Violoncello\ordinario\Orchidea_Vlc_pp\_Sustains\Vc-ord-D2-pp-4c-N_Sustains.wav,.wav,ordinario,ordinario
orchidea,vlc,ordinario,pp,D3,F:\DOUTORAMENTO_22\INSTRUMENTOS\Instrumentos_espectro_versão 3\CORDAS\VIOLONCELO\Orchidea_Vlc\Violoncello\ordinario\Orchidea_Vlc_pp\_Sustains\Vc-ord-D3-pp-2c-N_Sustains.wav,.wav,ordinario,ordinario
orchidea,vlc,ordinario,pp,D3,F:\DOUTORAMENTO_22\INSTRUMENTOS\Instrumentos_espectro_versão 3\CORDAS\VIOLONCELO\Orchidea_Vlc\Violoncello\ordinario\Orchidea_Vlc_pp\_Sustains\Vc-ord-D3-pp-3c-N_Sustains.wav,.wav,ordinario,ordinario
orchidea,vlc,ordinario,pp,D3,F:\DOUTORAMENTO_22\INSTRUMENTOS\Instrumentos_espectro_versão 3\CORDAS\VIOLONCELO\Orchidea_Vlc\Violoncello\ordinario\Orchidea_Vlc_pp\_Sustains\Vc-ord-D3-pp-4c-N_Sustains.wav,.wav,ordinario,ordinario
orchidea,vlc,ordinario,pp,D4,F:\DOUTORAMENTO_22\INSTRUMENTOS\Instrumentos_espectro_versão 3\CORDAS\VIOLONCELO\Orchidea_Vlc\Violoncello\ordinario\Orchidea_Vlc_pp\_Sustains\Vc-ord-D4-pp-1c-N_Sustains.wav,.wav,ordinario,ordinario
orchidea,vlc,ordinario,pp,D4,F:\DOUTORAMENTO_22\INSTRUMENTOS\Instrumentos_espectro_versão 3\CORDAS\VIOLONCELO\Orchidea_Vlc\Violoncello\ordinario\Orchidea_Vlc_pp\_Sustains\Vc-ord-D4-pp-2c-N_Sustains.wav,.wav,ordinario,ordinario
orchidea,vlc,ordinario,pp,D4,F:\DOUTORAMENTO_22\INSTRUMENTOS\Instrumentos_espectro_versão 3\CORDAS\VIOLONCELO\Orchidea_Vlc\Violoncello\ordinario\Orchidea_Vlc_pp\_Sustains\Vc-ord-D4-pp-3c-N_Sustains.wav,.wav,ordinario,ordinario
orchidea,vlc,ordinario,pp,D5,F:\DOUTORAMENTO_22\INSTRUMENTOS\Instrumentos_espectro_versão 3\CORDAS\VIOLONCELO\Orchidea_Vlc\Violoncello\ordinario\Orchidea_Vlc_pp\_Sustains\Vc-ord-D5-pp-1c-N_Sustains.wav,.wav,ordinario,ordinario
orchidea,vlc,ordinario,pp,E2,F:\DOUTORAMENTO_22\INSTRUMENTOS\Instrumentos_espectro_versão 3\CORDAS\VIOLONCELO\Orchidea_Vlc\Violoncello\ordinario\Orchidea_Vlc_pp\_Sustains\Vc-ord-E2-pp-4c-N_Sustains.wav,.wav,ordinario,ordinario
orchidea,vlc,ordinario,pp,E3,F:\DOUTORAMENTO_22\INSTRUMENTOS\Instrumentos_espectro_versão 3\CORDAS\VIOLONCELO\Orchidea_Vlc\Violoncello\ordinario\Orchidea_Vlc_pp\_Sustains\Vc-ord-E3-pp-2c-N_Sustains.wav,.wav,ordinario,ordinario
orchidea,vlc,ordinario,pp,E3,F:\DOUTORAMENTO_22\INSTRUMENTOS\Instrumentos_espectro_versão 3\CORDAS\VIOLONCELO\Orchidea_Vlc\Violoncello\ordinario\Orchidea_Vlc_pp\_Sustains\Vc-ord-E3-pp-3c-N_Sustains.wav,.wav,ordinario,ordinario
orchidea,vlc,ordinario,pp,E3,F:\DOUTORAMENTO_22\INSTRUMENTOS\Instrumentos_espectro_versão 3\CORDAS\VIOLONCELO\Orchidea_Vlc\Violoncello\ordinario\Orchidea_Vlc_pp\_Sustains\Vc-ord-E3-pp-4c-N_Sustains.wav,.wav,ordinario,ordinario
orchidea,vlc,ordinario,pp,E4,F:\DOUTORAMENTO_22\INSTRUMENTOS\Instrumentos_espectro_versão 3\CORDAS\VIOLONCELO\Orchidea_Vlc\Violoncello\ordinario\Orchidea_Vlc_pp\_Sustains\Vc-ord-E4-pp-1c-N_Sustains.wav,.wav,ordinario,ordinario
orchidea,vlc,ordinario,pp,E4,F:\DOUTORAMENTO_22\INSTRUMENTOS\Instrumentos_espectro_versão 3\CORDAS\VIOLONCELO\Orchidea_Vlc\Violoncello\ordinario\Orchidea_Vlc_pp\_Sustains\Vc-ord-E4-pp-2c-N_Sustains.wav,.wav,ordinario,ordinario
orchidea,vlc,ordinario,pp,E4,F:\DOUTORAMENTO_22\INSTRUMENTOS\Instrumentos_espectro_versão 3\CORDAS\VIOLONCELO\Orchidea_Vlc\Violoncello\ordinario\Orchidea_Vlc_pp\_Sustains\Vc-ord-E4-pp-3c-N_Sustains.wav,.wav,ordinario,ordinario
orchidea,vlc,ordinario,pp,E5,F:\DOUTORAMENTO_22\INSTRUMENTOS\Instrumentos_espectro_versão 3\CORDAS\VIOLONCELO\Orchidea_Vlc\Violoncello\ordinario\Orchidea_Vlc_pp\_Sustains\Vc-ord-E5-pp-1c-N_Sustains.wav,.wav,ordinario,ordinario
orchidea,vlc,ordinario,pp,F#2,F:\DOUTORAMENTO_22\INSTRUMENTOS\Instrumentos_espectro_versão 3\CORDAS\VIOLONCELO\Orchidea_Vlc\Violoncello\ordinario\Orchidea_Vlc_pp\_Sustains\Vc-ord-F#2-pp-4c-N_Sustains.wav,.wav,ordinario,ordinario
orchidea,vlc,ordinario,pp,F#3,F:\DOUTORAMENTO_22\INSTRUMENTOS\Instrumentos_espectro_versão 3\CORDAS\VIOLONCELO\Orchidea_Vlc\Violoncello\ordinario\Orchidea_Vlc_pp\_Sustains\Vc-ord-F#3-pp-2c-N_Sustains.wav,.wav,ordinario,ordinario
orchidea,vlc,ordinario,pp,F#3,F:\DOUTORAMENTO_22\INSTRUMENTOS\Instrumentos_espectro_versão 3\CORDAS\VIOLONCELO\Orchidea_Vlc\Violoncello\ordinario\Orchidea_Vlc_pp\_Sustains\Vc-ord-F#3-pp-3c-N_Sustains.wav,.wav,ordinario,ordinario
orchidea,vlc,ordinario,pp,F#3,F:\DOUTORAMENTO_22\INSTRUMENTOS\Instrumentos_espectro_versão 3\CORDAS\VIOLONCELO\Orchidea_Vlc\Violoncello\ordinario\Orchidea_Vlc_pp\_Sustains\Vc-ord-F#3-pp-4c-N_Sustains.wav,.wav,ordinario,ordinario
orchidea,vlc,ordinario,pp,F#4,F:\DOUTORAMENTO_22\INSTRUMENTOS\Instrumentos_espectro_versão 3\CORDAS\VIOLONCELO\Orchidea_Vlc\Violoncello\ordinario\Orchidea_Vlc_pp\_Sustains\Vc-ord-F#4-pp-1c-N_Sustains.wav,.wav,ordinario,ordinario
orchidea,vlc,ordinario,pp,F#4,F:\DOUTORAMENTO_22\INSTRUMENTOS\Instrumentos_espectro_versão 3\CORDAS\VIOLONCELO\Orchidea_Vlc\Violoncello\ordinario\Orchidea_Vlc_pp\_Sustains\Vc-ord-F#4-pp-2c-N_Sustains.wav,.wav,ordinario,ordinario
orchidea,vlc,ordinario,pp,F#5,F:\DOUTORAMENTO_22\INSTRUMENTOS\Instrumentos_espectro_versão 3\CORDAS\VIOLONCELO\Orchidea_Vlc\Violoncello\ordinario\Orchidea_Vlc_pp\_Sustains\Vc-ord-F#5-pp-1c-N_Sustains.wav,.wav,ordinario,ordinario
orchidea,vlc,ordinario,pp,F2,F:\DOUTORAMENTO_22\INSTRUMENTOS\Instrumentos_espectro_versão 3\CORDAS\VIOLONCELO\Orchidea_Vlc\Violoncello\ordinario\Orchidea_Vlc_pp\_Sustains\Vc-ord-F2-pp-4c-T19u_Sustains.wav,.wav,ordinario,ordinario
orchidea,vlc,ordinario,pp,F3,F:\DOUTORAMENTO_22\INSTRUMENTOS\Instrumentos_espectro_versão 3\CORDAS\VIOLONCELO\Orchidea_Vlc\Violoncello\ordinario\Orchidea_Vlc_pp\_Sustains\Vc-ord-F3-pp-2c-N_Sustains.wav,.wav,ordinario,ordinario
orchidea,vlc,ordinario,pp,F3,F:\DOUTORAMENTO_22\INSTRUMENTOS\Instrumentos_espectro_versão 3\CORDAS\VIOLONCELO\Orchidea_Vlc\Violoncello\ordinario\Orchidea_Vlc_pp\_Sustains\Vc-ord-F3-pp-3c-N_Sustains.wav,.wav,ordinario,ordinario
orchidea,vlc,ordinario,pp,F3,F:\DOUTORAMENTO_22\INSTRUMENTOS\Instrumentos_espectro_versão 3\CORDAS\VIOLONCELO\Orchidea_Vlc\Violoncello\ordinario\Orchidea_Vlc_pp\_Sustains\Vc-ord-F3-pp-4c-N_Sustains.wav,.wav,ordinario,ordinario
orchidea,vlc,ordinario,pp,F4,F:\DOUTORAMENTO_22\INSTRUMENTOS\Instrumentos_espectro_versão 3\CORDAS\VIOLONCELO\Orchidea_Vlc\Violoncello\ordinario\Orchidea_Vlc_pp\_Sustains\Vc-ord-F4-pp-1c-N_Sustains.wav,.wav,ordinario,ordinario
orchidea,vlc,ordinario,pp,F4,F:\DOUTORAMENTO_22\INSTRUMENTOS\Instrumentos_espectro_versão 3\CORDAS\VIOLONCELO\Orchidea_Vlc\Violoncello\ordinario\Orchidea_Vlc_pp\_Sustains\Vc-ord-F4-pp-2c-N_Sustains.wav,.wav,ordinario,ordinario
orchidea,vlc,ordinario,pp,F4,F:\DOUTORAMENTO_22\INSTRUMENTOS\Instrumentos_espectro_versão 3\CORDAS\VIOLONCELO\Orchidea_Vlc\Violoncello\ordinario\Orchidea_Vlc_pp\_Sustains\Vc-ord-F4-pp-3c-T18u_Sustains.wav,.wav,ordinario,ordinario
orchidea,vlc,ordinario,pp,F5,F:\DOUTORAMENTO_22\INSTRUMENTOS\Instrumentos_espectro_versão 3\CORDAS\VIOLONCELO\Orchidea_Vlc\Violoncello\ordinario\Orchidea_Vlc_pp\_Sustains\Vc-ord-F5-pp-1c-N_Sustains.wav,.wav,ordinario,ordinario
orchidea,vlc,ordinario,pp,G#2,F:\DOUTORAMENTO_22\INSTRUMENTOS\Instrumentos_espectro_versão 3\CORDAS\VIOLONCELO\Orchidea_Vlc\Violoncello\ordinario\Orchidea_Vlc_pp\_Sustains\Vc-ord-G#2-pp-3c-N_Sustains.wav,.wav,ordinario,ordinario
orchidea,vlc,ordinario,pp,G#2,F:\DOUTORAMENTO_22\INSTRUMENTOS\Instrumentos_espectro_versão 3\CORDAS\VIOLONCELO\Orchidea_Vlc\Violoncello\ordinario\Orchidea_Vlc_pp\_Sustains\Vc-ord-G#2-pp-4c-N_Sustains.wav,.wav,ordinario,ordinario
orchidea,vlc,ordinario,pp,G#3,F:\DOUTORAMENTO_22\INSTRUMENTOS\Instrumentos_espectro_versão 3\CORDAS\VIOLONCELO\Orchidea_Vlc\Violoncello\ordinario\Orchidea_Vlc_pp\_Sustains\Vc-ord-G#3-pp-2c-N_Sustains.wav,.wav,ordinario,ordinario
orchidea,vlc,ordinario,pp,G#3,F:\DOUTORAMENTO_22\INSTRUMENTOS\Instrumentos_espectro_versão 3\CORDAS\VIOLONCELO\Orchidea_Vlc\Violoncello\ordinario\Orchidea_Vlc_pp\_Sustains\Vc-ord-G#3-pp-3c-N_Sustains.wav,.wav,ordinario,ordinario
orchidea,vlc,ordinario,pp,G#3,F:\DOUTORAMENTO_22\INSTRUMENTOS\Instrumentos_espectro_versão 3\CORDAS\VIOLONCELO\Orchidea_Vlc\Violoncello\ordinario\Orchidea_Vlc_pp\_Sustains\Vc-ord-G#3-pp-4c-T24u_Sustains.wav,.wav,ordinario,ordinario
orchidea,vlc,ordinario,pp,G#4,F:\DOUTORAMENTO_22\INSTRUMENTOS\Instrumentos_espectro_versão 3\CORDAS\VIOLONCELO\Orchidea_Vlc\Violoncello\ordinario\Orchidea_Vlc_pp\_Sustains\Vc-ord-G#4-pp-1c-N_Sustains.wav,.wav,ordinario,ordinario
orchidea,vlc,ordinario,pp,G#4,F:\DOUTORAMENTO_22\INSTRUMENTOS\Instrumentos_espectro_versão 3\CORDAS\VIOLONCELO\Orchidea_Vlc\Violoncello\ordinario\Orchidea_Vlc_pp\_Sustains\Vc-ord-G#4-pp-2c-T13u_Sustains.wav,.wav,ordinario,ordinario
orchidea,vlc,ordinario,pp,G#5,F:\DOUTORAMENTO_22\INSTRUMENTOS\Instrumentos_espectro_versão 3\CORDAS\VIOLONCELO\Orchidea_Vlc\Violoncello\ordinario\Orchidea_Vlc_pp\_Sustains\Vc-ord-G#5-pp-1c-N_Sustains.wav,.wav,ordinario,ordinario
orchidea,vlc,ordinario,pp,G2,F:\DOUTORAMENTO_22\INSTRUMENTOS\Instrumentos_espectro_versão 3\CORDAS\VIOLONCELO\Orchidea_Vlc\Violoncello\ordinario\Orchidea_Vlc_pp\_Sustains\Vc-ord-G2-pp-3c-N_Sustains.wav,.wav,ordinario,ordinario
orchidea,vlc,ordinario,pp,G2,F:\DOUTORAMENTO_22\INSTRUMENTOS\Instrumentos_espectro_versão 3\CORDAS\VIOLONCELO\Orchidea_Vlc\Violoncello\ordinario\Orchidea_Vlc_pp\_Sustains\Vc-ord-G2-pp-4c-N_Sustains.wav,.wav,ordinario,ordinario
orchidea,vlc,ordinario,pp,G3,F:\DOUTORAMENTO_22\INSTRUMENTOS\Instrumentos_espectro_versão 3\CORDAS\VIOLONCELO\Orchidea_Vlc\Violoncello\ordinario\Orchidea_Vlc_pp\_Sustains\Vc-ord-G3-pp-2c-N_Sustains.wav,.wav,ordinario,ordinario
orchidea,vlc,ordinario,pp,G3,F:\DOUTORAMENTO_22\INSTRUMENTOS\Instrumentos_espectro_versão 3\CORDAS\VIOLONCELO\Orchidea_Vlc\Violoncello\ordinario\Orchidea_Vlc_pp\_Sustains\Vc-ord-G3-pp-3c-N_Sustains.wav,.wav,ordinario,ordinario
orchidea,vlc,ordinario,pp,G3,F:\DOUTORAMENTO_22\INSTRUMENTOS\Instrumentos_espectro_versão 3\CORDAS\VIOLONCELO\Orchidea_Vlc\Violoncello\ordinario\Orchidea_Vlc_pp\_Sustains\Vc-ord-G3-pp-4c-N_Sustains.wav,.wav,ordinario,ordinario
orchidea,vlc,ordinario,pp,G4,F:\DOUTORAMENTO_22\INSTRUMENTOS\Instrumentos_espectro_versão 3\CORDAS\VIOLONCELO\Orchidea_Vlc\Violoncello\ordinario\Orchidea_Vlc_pp\_Sustains\Vc-ord-G4-pp-1c-N_Sustains.wav,.wav,ordinario,ordinario
orchidea,vlc,ordinario,pp,G4,F:\DOUTORAMENTO_22\INSTRUMENTOS\Instrumentos_espectro_versão 3\CORDAS\VIOLONCELO\Orchidea_Vlc\Violoncello\ordinario\Orchidea_Vlc_pp\_Sustains\Vc-ord-G4-pp-2c-N_Sustains.wav,.wav,ordinario,ordinario
orchidea,vlc,ordinario,pp,G5,F:\DOUTORAMENTO_22\INSTRUMENTOS\Instrumentos_espectro_versão 3\CORDAS\VIOLONCELO\Orchidea_Vlc\Violoncello\ordinario\Orchidea_Vlc_pp\_Sustains\Vc-ord-G5-pp-1c-N_Sustains.wav,.wav,ordinario,ordinario
