collection,technique,dynamic,note,path,ext,source_kind
philharmonia,artificial_harmonic,mf,A#5,F:\DOUTORAMENTO_22\INSTRUMENTOS\Instrumentos_espectro_versão 3\CORDAS\VIOLINO\Phillarmonia\violin\Vln_Harmónicos\Vln_mezzo-forte_harmonic\violin_A#5_1_mezzo-forte_artificial-harmonic.mp3,.mp3,harmonic
philharmonia,artificial_harmonic,mf,A#6,F:\DOUTORAMENTO_22\INSTRUMENTOS\Instrumentos_espectro_versão 3\CORDAS\VIOLINO\Phillarmonia\violin\Vln_Harmónicos\Vln_mezzo-forte_harmonic\violin_A#6_1_mezzo-forte_artificial-harmonic.mp3,.mp3,harmonic
philharmonia,artificial_harmonic,mf,A#7,F:\DOUTORAMENTO_22\INSTRUMENTOS\Instrumentos_espectro_versão 3\CORDAS\VIOLINO\Phillarmonia\violin\Vln_Harmónicos\Vln_mezzo-forte_harmonic\violin_A#7_1_mezzo-forte_artificial-harmonic.mp3,.mp3,harmonic
philharmonia,natural_harmonic,mf,A5,F:\DOUTORAMENTO_22\INSTRUMENTOS\Instrumentos_espectro_versão 3\CORDAS\VIOLINO\Phillarmonia\violin\Vln_Harmónicos\Vln_mezzo-forte_harmonic\violin_A5_1_mezzo-forte_natural-harmonic.mp3,.mp3,harmonic
philharmonia,artificial_harmonic,mf,A6,F:\DOUTORAMENTO_22\INSTRUMENTOS\Instrumentos_espectro_versão 3\CORDAS\VIOLINO\Phillarmonia\violin\Vln_Harmónicos\Vln_mezzo-forte_harmonic\violin_A6_1_mezzo-forte_artificial-harmonic.mp3,.mp3,harmonic
philharmonia,artificial_harmonic,mf,A7,F:\DOUTORAMENTO_22\INSTRUMENTOS\Instrumentos_espectro_versão 3\CORDAS\VIOLINO\Phillarmonia\violin\Vln_Harmónicos\Vln_mezzo-forte_harmonic\violin_A7_1_mezzo-forte_artificial-harmonic.mp3,.mp3,harmonic
philharmonia,natural_harmonic,mf,B5,F:\DOUTORAMENTO_22\INSTRUMENTOS\Instrumentos_espectro_versão 3\CORDAS\VIOLINO\Phillarmonia\violin\Vln_Harmónicos\Vln_mezzo-forte_harmonic\violin_B5_1_mezzo-forte_natural-harmonic.mp3,.mp3,harmonic
philharmonia,artificial_harmonic,mf,B6,F:\DOUTORAMENTO_22\INSTRUMENTOS\Instrumentos_espectro_versão 3\CORDAS\VIOLINO\Phillarmonia\violin\Vln_Harmónicos\Vln_mezzo-forte_harmonic\violin_B6_1_mezzo-forte_artificial-harmonic.mp3,.mp3,harmonic
philharmonia,artificial_harmonic,mf,B7,F:\DOUTORAMENTO_22\INSTRUMENTOS\Instrumentos_espectro_versão 3\CORDAS\VIOLINO\Phillarmonia\violin\Vln_Harmónicos\Vln_mezzo-forte_harmonic\violin_B7_1_mezzo-forte_artificial-harmonic.mp3,.mp3,harmonic
philharmonia,artificial_harmonic,mf,C#5,F:\DOUTORAMENTO_22\INSTRUMENTOS\Instrumentos_espectro_versão 3\CORDAS\VIOLINO\Phillarmonia\violin\Vln_Harmónicos\Vln_mezzo-forte_harmonic\violin_C#5_1_mezzo-forte_artificial-harmonic.mp3,.mp3,harmonic
philharmonia,artificial_harmonic,mf,C#6,F:\DOUTORAMENTO_22\INSTRUMENTOS\Instrumentos_espectro_versão 3\CORDAS\VIOLINO\Phillarmonia\violin\Vln_Harmónicos\Vln_mezzo-forte_harmonic\violin_C#6_1_mezzo-forte_artificial-harmonic.mp3,.mp3,harmonic
philharmonia,artificial_harmonic,mf,C#7,F:\DOUTORAMENTO_22\INSTRUMENTOS\Instrumentos_espectro_versão 3\CORDAS\VIOLINO\Phillarmonia\violin\Vln_Harmónicos\Vln_mezzo-forte_harmonic\violin_C#7_1_mezzo-forte_artificial-harmonic.mp3,.mp3,harmonic
philharmonia,natural_harmonic,mf,C6,F:\DOUTORAMENTO_22\INSTRUMENTOS\Instrumentos_espectro_versão 3\CORDAS\VIOLINO\Phillarmonia\violin\Vln_Harmónicos\Vln_mezzo-forte_harmonic\violin_C6_1_mezzo-forte_natural-harmonic.mp3,.mp3,harmonic
philharmonia,artificial_harmonic,mf,C7,F:\DOUTORAMENTO_22\INSTRUMENTOS\Instrumentos_espectro_versão 3\CORDAS\VIOLINO\Phillarmonia\violin\Vln_Harmónicos\Vln_mezzo-forte_harmonic\violin_C7_1_mezzo-forte_artificial-harmonic.mp3,.mp3,harmonic
philharmonia,natural_harmonic,mf,C8,F:\DOUTORAMENTO_22\INSTRUMENTOS\Instrumentos_espectro_versão 3\CORDAS\VIOLINO\Phillarmonia\violin\Vln_Harmónicos\Vln_mezzo-forte_harmonic\violin_C8_1_mezzo-forte_natural-harmonic.mp3,.mp3,harmonic
philharmonia,natural_harmonic,mf,D#7,F:\DOUTORAMENTO_22\INSTRUMENTOS\Instrumentos_espectro_versão 3\CORDAS\VIOLINO\Phillarmonia\violin\Vln_Harmónicos\Vln_mezzo-forte_harmonic\violin_D#7_1_mezzo-forte_natural-harmonic.mp3,.mp3,harmonic
philharmonia,natural_harmonic,mf,D5,F:\DOUTORAMENTO_22\INSTRUMENTOS\Instrumentos_espectro_versão 3\CORDAS\VIOLINO\Phillarmonia\violin\Vln_Harmónicos\Vln_mezzo-forte_harmonic\violin_D5_1_mezzo-forte_natural-harmonic.mp3,.mp3,harmonic
philharmonia,natural_harmonic,mf,D6,F:\DOUTORAMENTO_22\INSTRUMENTOS\Instrumentos_espectro_versão 3\CORDAS\VIOLINO\Phillarmonia\violin\Vln_Harmónicos\Vln_mezzo-forte_harmonic\violin_D6_1_mezzo-forte_natural-harmonic.mp3,.mp3,harmonic
philharmonia,artificial_harmonic,mf,D7,F:\DOUTORAMENTO_22\INSTRUMENTOS\Instrumentos_espectro_versão 3\CORDAS\VIOLINO\Phillarmonia\violin\Vln_Harmónicos\Vln_mezzo-forte_harmonic\violin_D7_1_mezzo-forte_artificial-harmonic.mp3,.mp3,harmonic
philharmonia,artificial_harmonic,mf,E6,F:\DOUTORAMENTO_22\INSTRUMENTOS\Instrumentos_espectro_versão 3\CORDAS\VIOLINO\Phillarmonia\violin\Vln_Harmónicos\Vln_mezzo-forte_harmonic\violin_E6_1_mezzo-forte_artificial-harmonic.mp3,.mp3,harmonic
philharmonia,artificial_harmonic,mf,E7,F:\DOUTORAMENTO_22\INSTRUMENTOS\Instrumentos_espectro_versão 3\CORDAS\VIOLINO\Phillarmonia\violin\Vln_Harmónicos\Vln_mezzo-forte_harmonic\violin_E7_1_mezzo-forte_artificial-harmonic.mp3,.mp3,harmonic
philharmonia,natural_harmonic,mf,E8,F:\DOUTORAMENTO_22\INSTRUMENTOS\Instrumentos_espectro_versão 3\CORDAS\VIOLINO\Phillarmonia\violin\Vln_Harmónicos\Vln_mezzo-forte_harmonic\violin_E8_1_mezzo-forte_natural-harmonic.mp3,.mp3,harmonic
philharmonia,artificial_harmonic,mf,F#5,F:\DOUTORAMENTO_22\INSTRUMENTOS\Instrumentos_espectro_versão 3\CORDAS\VIOLINO\Phillarmonia\violin\Vln_Harmónicos\Vln_mezzo-forte_harmonic\violin_F#5_1_mezzo-forte_artificial-harmonic.mp3,.mp3,harmonic
philharmonia,natural_harmonic,mf,F#6,F:\DOUTORAMENTO_22\INSTRUMENTOS\Instrumentos_espectro_versão 3\CORDAS\VIOLINO\Phillarmonia\violin\Vln_Harmónicos\Vln_mezzo-forte_harmonic\violin_F#6_1_mezzo-forte_natural-harmonic.mp3,.mp3,harmonic
philharmonia,artificial_harmonic,mf,F6,F:\DOUTORAMENTO_22\INSTRUMENTOS\Instrumentos_espectro_versão 3\CORDAS\VIOLINO\Phillarmonia\violin\Vln_Harmónicos\Vln_mezzo-forte_harmonic\violin_F6_1_mezzo-forte_artificial-harmonic.mp3,.mp3,harmonic
philharmonia,artificial_harmonic,mf,G#5,F:\DOUTORAMENTO_22\INSTRUMENTOS\Instrumentos_espectro_versão 3\CORDAS\VIOLINO\Phillarmonia\violin\Vln_Harmónicos\Vln_mezzo-forte_harmonic\violin_G#5_1_mezzo-forte_artificial-harmonic.mp3,.mp3,harmonic
philharmonia,artificial_harmonic,mf,G#6,F:\DOUTORAMENTO_22\INSTRUMENTOS\Instrumentos_espectro_versão 3\CORDAS\VIOLINO\Phillarmonia\violin\Vln_Harmónicos\Vln_mezzo-forte_harmonic\violin_G#6_1_mezzo-forte_artificial-harmonic.mp3,.mp3,harmonic
philharmonia,natural_harmonic,mf,G#7,F:\DOUTORAMENTO_22\INSTRUMENTOS\Instrumentos_espectro_versão 3\CORDAS\VIOLINO\Phillarmonia\violin\Vln_Harmónicos\Vln_mezzo-forte_harmonic\violin_G#7_1_mezzo-forte_natural-harmonic.mp3,.mp3,harmonic
philharmonia,artificial_harmonic,mf,G5,F:\DOUTORAMENTO_22\INSTRUMENTOS\Instrumentos_espectro_versão 3\CORDAS\VIOLINO\Phillarmonia\violin\Vln_Harmónicos\Vln_mezzo-forte_harmonic\violin_G5_1_mezzo-forte_artificial-harmonic.mp3,.mp3,harmonic
philharmonia,artificial_harmonic,mf,G6,F:\DOUTORAMENTO_22\INSTRUMENTOS\Instrumentos_espectro_versão 3\CORDAS\VIOLINO\Phillarmonia\violin\Vln_Harmónicos\Vln_mezzo-forte_harmonic\violin_G6_1_mezzo-forte_artificial-harmonic.mp3,.mp3,harmonic
philharmonia,natural_harmonic,mf,G7,F:\DOUTORAMENTO_22\INSTRUMENTOS\Instrumentos_espectro_versão 3\CORDAS\VIOLINO\Phillarmonia\violin\Vln_Harmónicos\Vln_mezzo-forte_harmonic\violin_G7_1_mezzo-forte_natural-harmonic.mp3,.mp3,harmonic
philharmonia,natural_harmonic,p,A6,F:\DOUTORAMENTO_22\INSTRUMENTOS\Instrumentos_espectro_versão 3\CORDAS\VIOLINO\Phillarmonia\violin\Vln_Harmónicos\Vln_piano_harmonic\violin_A6_1_piano_natural-harmonic.mp3,.mp3,harmonic
philharmonia,natural_harmonic,p,B5,F:\DOUTORAMENTO_22\INSTRUMENTOS\Instrumentos_espectro_versão 3\CORDAS\VIOLINO\Phillarmonia\violin\Vln_Harmónicos\Vln_piano_harmonic\violin_B5_1_piano_natural-harmonic.mp3,.mp3,harmonic
philharmonia,natural_harmonic,p,C#6,F:\DOUTORAMENTO_22\INSTRUMENTOS\Instrumentos_espectro_versão 3\CORDAS\VIOLINO\Phillarmonia\violin\Vln_Harmónicos\Vln_piano_harmonic\violin_C#6_1_piano_natural-harmonic.mp3,.mp3,harmonic
philharmonia,natural_harmonic,p,D#6,F:\DOUTORAMENTO_22\INSTRUMENTOS\Instrumentos_espectro_versão 3\CORDAS\VIOLINO\Phillarmonia\violin\Vln_Harmónicos\Vln_piano_harmonic\violin_D#6_1_piano_natural-harmonic.mp3,.mp3,harmonic
philharmonia,natural_harmonic,p,D6,F:\DOUTORAMENTO_22\INSTRUMENTOS\Instrumentos_espectro_versão 3\CORDAS\VIOLINO\Phillarmonia\violin\Vln_Harmónicos\Vln_piano_harmonic\violin_D6_1_piano_natural-harmonic.mp3,.mp3,harmonic
philharmonia,natural_harmonic,p,F#6,F:\DOUTORAMENTO_22\INSTRUMENTOS\Instrumentos_espectro_versão 3\CORDAS\VIOLINO\Phillarmonia\violin\Vln_Harmónicos\Vln_piano_harmonic\violin_F#6_1_piano_natural-harmonic.mp3,.mp3,harmonic
philharmonia,natural_harmonic,p,F6,F:\DOUTORAMENTO_22\INSTRUMENTOS\Instrumentos_espectro_versão 3\CORDAS\VIOLINO\Phillarmonia\violin\Vln_Harmónicos\Vln_piano_harmonic\violin_F6_1_piano_natural-harmonic.mp3,.mp3,harmonic
philharmonia,natural_harmonic,p,G#6,F:\DOUTORAMENTO_22\INSTRUMENTOS\Instrumentos_espectro_versão 3\CORDAS\VIOLINO\Phillarmonia\violin\Vln_Harmónicos\Vln_piano_harmonic\violin_G#6_1_piano_natural-harmonic.mp3,.mp3,harmonic
philharmonia,natural_harmonic,p,G5,F:\DOUTORAMENTO_22\INSTRUMENTOS\Instrumentos_espectro_versão 3\CORDAS\VIOLINO\Phillarmonia\violin\Vln_Harmónicos\Vln_piano_harmonic\violin_G5_1_piano_natural-harmonic.mp3,.mp3,harmonic
philharmonia,natural_harmonic,p,G6,F:\DOUTORAMENTO_22\INSTRUMENTOS\Instrumentos_espectro_versão 3\CORDAS\VIOLINO\Phillarmonia\violin\Vln_Harmónicos\Vln_piano_harmonic\violin_G6_1_piano_natural-harmonic.mp3,.mp3,harmonic
philharmonia,ordinario,f,A#4,F:\DOUTORAMENTO_22\INSTRUMENTOS\Instrumentos_espectro_versão 3\CORDAS\VIOLINO\Phillarmonia\violin\violino forte_arco-normal\violino_forte_arco-normal1\violin_A#4_1_forte_arco-normal.mp3,.mp3,ordinario
philharmonia,ordinario,f,A#5,F:\DOUTORAMENTO_22\INSTRUMENTOS\Instrumentos_espectro_versão 3\CORDAS\VIOLINO\Phillarmonia\violin\violino forte_arco-normal\violino_forte_arco-normal1\violin_A#5_1_forte_arco-normal.mp3,.mp3,ordinario
philharmonia,ordinario,f,A#6,F:\DOUTORAMENTO_22\INSTRUMENTOS\Instrumentos_espectro_versão 3\CORDAS\VIOLINO\Phillarmonia\violin\violino forte_arco-normal\violino_forte_arco-normal1\violin_A#6_1_forte_arco-normal.mp3,.mp3,ordinario
philharmonia,ordinario,f,A3,F:\DOUTORAMENTO_22\INSTRUMENTOS\Instrumentos_espectro_versão 3\CORDAS\VIOLINO\Phillarmonia\violin\violino forte_arco-normal\violino_forte_arco-normal1\violin_A3_1_forte_arco-normal.mp3,.mp3,ordinario
philharmonia,ordinario,f,A5,F:\DOUTORAMENTO_22\INSTRUMENTOS\Instrumentos_espectro_versão 3\CORDAS\VIOLINO\Phillarmonia\violin\violino forte_arco-normal\violino_forte_arco-normal1\violin_A5_1_forte_arco-normal.mp3,.mp3,ordinario
philharmonia,ordinario,f,A6,F:\DOUTORAMENTO_22\INSTRUMENTOS\Instrumentos_espectro_versão 3\CORDAS\VIOLINO\Phillarmonia\violin\violino forte_arco-normal\violino_forte_arco-normal1\violin_A6_1_forte_arco-normal.mp3,.mp3,ordinario
philharmonia,ordinario,f,B3,F:\DOUTORAMENTO_22\INSTRUMENTOS\Instrumentos_espectro_versão 3\CORDAS\VIOLINO\Phillarmonia\violin\violino forte_arco-normal\violino_forte_arco-normal1\violin_B3_1_forte_arco-normal.mp3,.mp3,ordinario
philharmonia,ordinario,f,B4,F:\DOUTORAMENTO_22\INSTRUMENTOS\Instrumentos_espectro_versão 3\CORDAS\VIOLINO\Phillarmonia\violin\violino forte_arco-normal\violino_forte_arco-normal1\violin_B4_1_forte_arco-normal.mp3,.mp3,ordinario
philharmonia,ordinario,f,B5,F:\DOUTORAMENTO_22\INSTRUMENTOS\Instrumentos_espectro_versão 3\CORDAS\VIOLINO\Phillarmonia\violin\violino forte_arco-normal\violino_forte_arco-normal1\violin_B5_1_forte_arco-normal.mp3,.mp3,ordinario
philharmonia,ordinario,f,B6,F:\DOUTORAMENTO_22\INSTRUMENTOS\Instrumentos_espectro_versão 3\CORDAS\VIOLINO\Phillarmonia\violin\violino forte_arco-normal\violino_forte_arco-normal1\violin_B6_1_forte_arco-normal.mp3,.mp3,ordinario
philharmonia,ordinario,f,C#5,F:\DOUTORAMENTO_22\INSTRUMENTOS\Instrumentos_espectro_versão 3\CORDAS\VIOLINO\Phillarmonia\violin\violino forte_arco-normal\violino_forte_arco-normal1\violin_C#5_1_forte_arco-normal.mp3,.mp3,ordinario
philharmonia,ordinario,f,C#6,F:\DOUTORAMENTO_22\INSTRUMENTOS\Instrumentos_espectro_versão 3\CORDAS\VIOLINO\Phillarmonia\violin\violino forte_arco-normal\violino_forte_arco-normal1\violin_C#6_1_forte_arco-normal.mp3,.mp3,ordinario
philharmonia,ordinario,f,C#7,F:\DOUTORAMENTO_22\INSTRUMENTOS\Instrumentos_espectro_versão 3\CORDAS\VIOLINO\Phillarmonia\violin\violino forte_arco-normal\violino_forte_arco-normal1\violin_C#7_1_forte_arco-normal.mp3,.mp3,ordinario
philharmonia,ordinario,f,C4,F:\DOUTORAMENTO_22\INSTRUMENTOS\Instrumentos_espectro_versão 3\CORDAS\VIOLINO\Phillarmonia\violin\violino forte_arco-normal\violino_forte_arco-normal1\violin_C4_1_forte_arco-normal.mp3,.mp3,ordinario
philharmonia,ordinario,f,C6,F:\DOUTORAMENTO_22\INSTRUMENTOS\Instrumentos_espectro_versão 3\CORDAS\VIOLINO\Phillarmonia\violin\violino forte_arco-normal\violino_forte_arco-normal1\violin_C6_1_forte_arco-normal.mp3,.mp3,ordinario
philharmonia,ordinario,f,C7,F:\DOUTORAMENTO_22\INSTRUMENTOS\Instrumentos_espectro_versão 3\CORDAS\VIOLINO\Phillarmonia\violin\violino forte_arco-normal\violino_forte_arco-normal1\violin_C7_1_forte_arco-normal.mp3,.mp3,ordinario
philharmonia,ordinario,f,D#4,F:\DOUTORAMENTO_22\INSTRUMENTOS\Instrumentos_espectro_versão 3\CORDAS\VIOLINO\Phillarmonia\violin\violino forte_arco-normal\violino_forte_arco-normal1\violin_D#4_1_forte_arco-normal.mp3,.mp3,ordinario
philharmonia,ordinario,f,D#5,F:\DOUTORAMENTO_22\INSTRUMENTOS\Instrumentos_espectro_versão 3\CORDAS\VIOLINO\Phillarmonia\violin\violino forte_arco-normal\violino_forte_arco-normal1\violin_D#5_1_forte_arco-normal.mp3,.mp3,ordinario
philharmonia,ordinario,f,D#6,F:\DOUTORAMENTO_22\INSTRUMENTOS\Instrumentos_espectro_versão 3\CORDAS\VIOLINO\Phillarmonia\violin\violino forte_arco-normal\violino_forte_arco-normal1\violin_D#6_1_forte_arco-normal.mp3,.mp3,ordinario
philharmonia,ordinario,f,D#7,F:\DOUTORAMENTO_22\INSTRUMENTOS\Instrumentos_espectro_versão 3\CORDAS\VIOLINO\Phillarmonia\violin\violino forte_arco-normal\violino_forte_arco-normal1\violin_D#7_1_forte_arco-normal.mp3,.mp3,ordinario
philharmonia,ordinario,f,D4,F:\DOUTORAMENTO_22\INSTRUMENTOS\Instrumentos_espectro_versão 3\CORDAS\VIOLINO\Phillarmonia\violin\violino forte_arco-normal\violino_forte_arco-normal1\violin_D4_1_forte_arco-normal.mp3,.mp3,ordinario
philharmonia,ordinario,f,D5,F:\DOUTORAMENTO_22\INSTRUMENTOS\Instrumentos_espectro_versão 3\CORDAS\VIOLINO\Phillarmonia\violin\violino forte_arco-normal\violino_forte_arco-normal1\violin_D5_1_forte_arco-normal.mp3,.mp3,ordinario
philharmonia,ordinario,f,D6,F:\DOUTORAMENTO_22\INSTRUMENTOS\Instrumentos_espectro_versão 3\CORDAS\VIOLINO\Phillarmonia\violin\violino forte_arco-normal\violino_forte_arco-normal1\violin_D6_1_forte_arco-normal.mp3,.mp3,ordinario
philharmonia,ordinario,f,D7,F:\DOUTORAMENTO_22\INSTRUMENTOS\Instrumentos_espectro_versão 3\CORDAS\VIOLINO\Phillarmonia\violin\violino forte_arco-normal\violino_forte_arco-normal1\violin_D7_1_forte_arco-normal.mp3,.mp3,ordinario
philharmonia,ordinario,f,E5,F:\DOUTORAMENTO_22\INSTRUMENTOS\Instrumentos_espectro_versão 3\CORDAS\VIOLINO\Phillarmonia\violin\violino forte_arco-normal\violino_forte_arco-normal1\violin_E5_1_forte_arco-normal.mp3,.mp3,ordinario
philharmonia,ordinario,f,E6,F:\DOUTORAMENTO_22\INSTRUMENTOS\Instrumentos_espectro_versão 3\CORDAS\VIOLINO\Phillarmonia\violin\violino forte_arco-normal\violino_forte_arco-normal1\violin_E6_1_forte_arco-normal.mp3,.mp3,ordinario
philharmonia,ordinario,f,E7,F:\DOUTORAMENTO_22\INSTRUMENTOS\Instrumentos_espectro_versão 3\CORDAS\VIOLINO\Phillarmonia\violin\violino forte_arco-normal\violino_forte_arco-normal1\violin_E7_1_forte_arco-normal.mp3,.mp3,ordinario
philharmonia,ordinario,f,F#4,F:\DOUTORAMENTO_22\INSTRUMENTOS\Instrumentos_espectro_versão 3\CORDAS\VIOLINO\Phillarmonia\violin\violino forte_arco-normal\violino_forte_arco-normal1\violin_F#4_1_forte_arco-normal.mp3,.mp3,ordinario
philharmonia,ordinario,f,F#5,F:\DOUTORAMENTO_22\INSTRUMENTOS\Instrumentos_espectro_versão 3\CORDAS\VIOLINO\Phillarmonia\violin\violino forte_arco-normal\violino_forte_arco-normal1\violin_F#5_1_forte_arco-normal.mp3,.mp3,ordinario
philharmonia,ordinario,f,F#6,F:\DOUTORAMENTO_22\INSTRUMENTOS\Instrumentos_espectro_versão 3\CORDAS\VIOLINO\Phillarmonia\violin\violino forte_arco-normal\violino_forte_arco-normal1\violin_F#6_1_forte_arco-normal.mp3,.mp3,ordinario
philharmonia,ordinario,f,F#7,F:\DOUTORAMENTO_22\INSTRUMENTOS\Instrumentos_espectro_versão 3\CORDAS\VIOLINO\Phillarmonia\violin\violino forte_arco-normal\violino_forte_arco-normal1\violin_F#7_1_forte_arco-normal.mp3,.mp3,ordinario
philharmonia,ordinario,f,F4,F:\DOUTORAMENTO_22\INSTRUMENTOS\Instrumentos_espectro_versão 3\CORDAS\VIOLINO\Phillarmonia\violin\violino forte_arco-normal\violino_forte_arco-normal1\violin_F4_1_forte_arco-normal.mp3,.mp3,ordinario
philharmonia,ordinario,f,F5,F:\DOUTORAMENTO_22\INSTRUMENTOS\Instrumentos_espectro_versão 3\CORDAS\VIOLINO\Phillarmonia\violin\violino forte_arco-normal\violino_forte_arco-normal1\violin_F5_1_forte_arco-normal.mp3,.mp3,ordinario
philharmonia,ordinario,f,F6,F:\DOUTORAMENTO_22\INSTRUMENTOS\Instrumentos_espectro_versão 3\CORDAS\VIOLINO\Phillarmonia\violin\violino forte_arco-normal\violino_forte_arco-normal1\violin_F6_1_forte_arco-normal.mp3,.mp3,ordinario
philharmonia,ordinario,f,F7,F:\DOUTORAMENTO_22\INSTRUMENTOS\Instrumentos_espectro_versão 3\CORDAS\VIOLINO\Phillarmonia\violin\violino forte_arco-normal\violino_forte_arco-normal1\violin_F7_1_forte_arco-normal.mp3,.mp3,ordinario
philharmonia,ordinario,f,G#3,F:\DOUTORAMENTO_22\INSTRUMENTOS\Instrumentos_espectro_versão 3\CORDAS\VIOLINO\Phillarmonia\violin\violino forte_arco-normal\violino_forte_arco-normal1\violin_G#3_1_forte_arco-normal.mp3,.mp3,ordinario
philharmonia,ordinario,f,G#4,F:\DOUTORAMENTO_22\INSTRUMENTOS\Instrumentos_espectro_versão 3\CORDAS\VIOLINO\Phillarmonia\violin\violino forte_arco-normal\violino_forte_arco-normal1\violin_G#4_1_forte_arco-normal.mp3,.mp3,ordinario
philharmonia,ordinario,f,G#5,F:\DOUTORAMENTO_22\INSTRUMENTOS\Instrumentos_espectro_versão 3\CORDAS\VIOLINO\Phillarmonia\violin\violino forte_arco-normal\violino_forte_arco-normal1\violin_G#5_1_forte_arco-normal.mp3,.mp3,ordinario
philharmonia,ordinario,f,G#6,F:\DOUTORAMENTO_22\INSTRUMENTOS\Instrumentos_espectro_versão 3\CORDAS\VIOLINO\Phillarmonia\violin\violino forte_arco-normal\violino_forte_arco-normal1\violin_G#6_1_forte_arco-normal.mp3,.mp3,ordinario
philharmonia,ordinario,f,G3,F:\DOUTORAMENTO_22\INSTRUMENTOS\Instrumentos_espectro_versão 3\CORDAS\VIOLINO\Phillarmonia\violin\violino forte_arco-normal\violino_forte_arco-normal1\violin_G3_1_forte_arco-normal.mp3,.mp3,ordinario
philharmonia,ordinario,f,G4,F:\DOUTORAMENTO_22\INSTRUMENTOS\Instrumentos_espectro_versão 3\CORDAS\VIOLINO\Phillarmonia\violin\violino forte_arco-normal\violino_forte_arco-normal1\violin_G4_1_forte_arco-normal.mp3,.mp3,ordinario
philharmonia,ordinario,f,G5,F:\DOUTORAMENTO_22\INSTRUMENTOS\Instrumentos_espectro_versão 3\CORDAS\VIOLINO\Phillarmonia\violin\violino forte_arco-normal\violino_forte_arco-normal1\violin_G5_1_forte_arco-normal.mp3,.mp3,ordinario
philharmonia,ordinario,f,G6,F:\DOUTORAMENTO_22\INSTRUMENTOS\Instrumentos_espectro_versão 3\CORDAS\VIOLINO\Phillarmonia\violin\violino forte_arco-normal\violino_forte_arco-normal1\violin_G6_1_forte_arco-normal.mp3,.mp3,ordinario
philharmonia,ordinario,f,G7,F:\DOUTORAMENTO_22\INSTRUMENTOS\Instrumentos_espectro_versão 3\CORDAS\VIOLINO\Phillarmonia\violin\violino forte_arco-normal\violino_forte_arco-normal1\violin_G7_1_forte_arco-normal.mp3,.mp3,ordinario
philharmonia,ordinario,f,A#3,F:\DOUTORAMENTO_22\INSTRUMENTOS\Instrumentos_espectro_versão 3\CORDAS\VIOLINO\Phillarmonia\violin\violino forte_arco-normal\violino_forte_arco-normal15\violin_A#3_05_forte_arco-normal.mp3,.mp3,ordinario
philharmonia,ordinario,f,A#4,F:\DOUTORAMENTO_22\INSTRUMENTOS\Instrumentos_espectro_versão 3\CORDAS\VIOLINO\Phillarmonia\violin\violino forte_arco-normal\violino_forte_arco-normal15\violin_A#4_15_forte_arco-normal.mp3,.mp3,ordinario
philharmonia,ordinario,f,A#5,F:\DOUTORAMENTO_22\INSTRUMENTOS\Instrumentos_espectro_versão 3\CORDAS\VIOLINO\Phillarmonia\violin\violino forte_arco-normal\violino_forte_arco-normal15\violin_A#5_15_forte_arco-normal.mp3,.mp3,ordinario
philharmonia,ordinario,f,A#6,F:\DOUTORAMENTO_22\INSTRUMENTOS\Instrumentos_espectro_versão 3\CORDAS\VIOLINO\Phillarmonia\violin\violino forte_arco-normal\violino_forte_arco-normal15\violin_A#6_15_forte_arco-normal.mp3,.mp3,ordinario
philharmonia,ordinario,f,A3,F:\DOUTORAMENTO_22\INSTRUMENTOS\Instrumentos_espectro_versão 3\CORDAS\VIOLINO\Phillarmonia\violin\violino forte_arco-normal\violino_forte_arco-normal15\violin_A3_15_forte_arco-normal.mp3,.mp3,ordinario
philharmonia,ordinario,f,A4,F:\DOUTORAMENTO_22\INSTRUMENTOS\Instrumentos_espectro_versão 3\CORDAS\VIOLINO\Phillarmonia\violin\violino forte_arco-normal\violino_forte_arco-normal15\violin_A4_05_forte_arco-normal.mp3,.mp3,ordinario
philharmonia,ordinario,f,A5,F:\DOUTORAMENTO_22\INSTRUMENTOS\Instrumentos_espectro_versão 3\CORDAS\VIOLINO\Phillarmonia\violin\violino forte_arco-normal\violino_forte_arco-normal15\violin_A5_15_forte_arco-normal.mp3,.mp3,ordinario
philharmonia,ordinario,f,A6,F:\DOUTORAMENTO_22\INSTRUMENTOS\Instrumentos_espectro_versão 3\CORDAS\VIOLINO\Phillarmonia\violin\violino forte_arco-normal\violino_forte_arco-normal15\violin_A6_15_forte_arco-normal.mp3,.mp3,ordinario
philharmonia,ordinario,f,B3,F:\DOUTORAMENTO_22\INSTRUMENTOS\Instrumentos_espectro_versão 3\CORDAS\VIOLINO\Phillarmonia\violin\violino forte_arco-normal\violino_forte_arco-normal15\violin_B3_15_forte_arco-normal.mp3,.mp3,ordinario
philharmonia,ordinario,f,B4,F:\DOUTORAMENTO_22\INSTRUMENTOS\Instrumentos_espectro_versão 3\CORDAS\VIOLINO\Phillarmonia\violin\violino forte_arco-normal\violino_forte_arco-normal15\violin_B4_15_forte_arco-normal.mp3,.mp3,ordinario
philharmonia,ordinario,f,B5,F:\DOUTORAMENTO_22\INSTRUMENTOS\Instrumentos_espectro_versão 3\CORDAS\VIOLINO\Phillarmonia\violin\violino forte_arco-normal\violino_forte_arco-normal15\violin_B5_15_forte_arco-normal.mp3,.mp3,ordinario
philharmonia,ordinario,f,B6,F:\DOUTORAMENTO_22\INSTRUMENTOS\Instrumentos_espectro_versão 3\CORDAS\VIOLINO\Phillarmonia\violin\violino forte_arco-normal\violino_forte_arco-normal15\violin_B6_15_forte_arco-normal.mp3,.mp3,ordinario
philharmonia,ordinario,f,C#4,F:\DOUTORAMENTO_22\INSTRUMENTOS\Instrumentos_espectro_versão 3\CORDAS\VIOLINO\Phillarmonia\violin\violino forte_arco-normal\violino_forte_arco-normal15\violin_C#4_05_forte_arco-normal.mp3,.mp3,ordinario
philharmonia,ordinario,f,C#5,F:\DOUTORAMENTO_22\INSTRUMENTOS\Instrumentos_espectro_versão 3\CORDAS\VIOLINO\Phillarmonia\violin\violino forte_arco-normal\violino_forte_arco-normal15\violin_C#5_1_forte_arco-normal.mp3,.mp3,ordinario
philharmonia,ordinario,f,C#6,F:\DOUTORAMENTO_22\INSTRUMENTOS\Instrumentos_espectro_versão 3\CORDAS\VIOLINO\Phillarmonia\violin\violino forte_arco-normal\violino_forte_arco-normal15\violin_C#6_15_forte_arco-normal.mp3,.mp3,ordinario
philharmonia,ordinario,f,C#7,F:\DOUTORAMENTO_22\INSTRUMENTOS\Instrumentos_espectro_versão 3\CORDAS\VIOLINO\Phillarmonia\violin\violino forte_arco-normal\violino_forte_arco-normal15\violin_C#7_15_forte_arco-normal.mp3,.mp3,ordinario
philharmonia,ordinario,f,C4,F:\DOUTORAMENTO_22\INSTRUMENTOS\Instrumentos_espectro_versão 3\CORDAS\VIOLINO\Phillarmonia\violin\violino forte_arco-normal\violino_forte_arco-normal15\violin_C4_15_forte_arco-normal.mp3,.mp3,ordinario
philharmonia,ordinario,f,C5,F:\DOUTORAMENTO_22\INSTRUMENTOS\Instrumentos_espectro_versão 3\CORDAS\VIOLINO\Phillarmonia\violin\violino forte_arco-normal\violino_forte_arco-normal15\violin_C5_05_forte_arco-normal.mp3,.mp3,ordinario
philharmonia,ordinario,f,C6,F:\DOUTORAMENTO_22\INSTRUMENTOS\Instrumentos_espectro_versão 3\CORDAS\VIOLINO\Phillarmonia\violin\violino forte_arco-normal\violino_forte_arco-normal15\violin_C6_15_forte_arco-normal.mp3,.mp3,ordinario
philharmonia,ordinario,f,C7,F:\DOUTORAMENTO_22\INSTRUMENTOS\Instrumentos_espectro_versão 3\CORDAS\VIOLINO\Phillarmonia\violin\violino forte_arco-normal\violino_forte_arco-normal15\violin_C7_15_forte_arco-normal.mp3,.mp3,ordinario
philharmonia,ordinario,f,D#4,F:\DOUTORAMENTO_22\INSTRUMENTOS\Instrumentos_espectro_versão 3\CORDAS\VIOLINO\Phillarmonia\violin\violino forte_arco-normal\violino_forte_arco-normal15\violin_D#4_15_forte_arco-normal.mp3,.mp3,ordinario
philharmonia,ordinario,f,D#5,F:\DOUTORAMENTO_22\INSTRUMENTOS\Instrumentos_espectro_versão 3\CORDAS\VIOLINO\Phillarmonia\violin\violino forte_arco-normal\violino_forte_arco-normal15\violin_D#5_15_forte_arco-normal.mp3,.mp3,ordinario
philharmonia,ordinario,f,D#6,F:\DOUTORAMENTO_22\INSTRUMENTOS\Instrumentos_espectro_versão 3\CORDAS\VIOLINO\Phillarmonia\violin\violino forte_arco-normal\violino_forte_arco-normal15\violin_D#6_1_forte_arco-normal.mp3,.mp3,ordinario
philharmonia,ordinario,f,D#7,F:\DOUTORAMENTO_22\INSTRUMENTOS\Instrumentos_espectro_versão 3\CORDAS\VIOLINO\Phillarmonia\violin\violino forte_arco-normal\violino_forte_arco-normal15\violin_D#7_15_forte_arco-normal.mp3,.mp3,ordinario
philharmonia,ordinario,f,D4,F:\DOUTORAMENTO_22\INSTRUMENTOS\Instrumentos_espectro_versão 3\CORDAS\VIOLINO\Phillarmonia\violin\violino forte_arco-normal\violino_forte_arco-normal15\violin_D4_15_forte_arco-normal.mp3,.mp3,ordinario
philharmonia,ordinario,f,D5,F:\DOUTORAMENTO_22\INSTRUMENTOS\Instrumentos_espectro_versão 3\CORDAS\VIOLINO\Phillarmonia\violin\violino forte_arco-normal\violino_forte_arco-normal15\violin_D5_15_forte_arco-normal.mp3,.mp3,ordinario
philharmonia,ordinario,f,D6,F:\DOUTORAMENTO_22\INSTRUMENTOS\Instrumentos_espectro_versão 3\CORDAS\VIOLINO\Phillarmonia\violin\violino forte_arco-normal\violino_forte_arco-normal15\violin_D6_15_forte_arco-normal.mp3,.mp3,ordinario
philharmonia,ordinario,f,D7,F:\DOUTORAMENTO_22\INSTRUMENTOS\Instrumentos_espectro_versão 3\CORDAS\VIOLINO\Phillarmonia\violin\violino forte_arco-normal\violino_forte_arco-normal15\violin_D7_15_forte_arco-normal.mp3,.mp3,ordinario
philharmonia,ordinario,f,E4,F:\DOUTORAMENTO_22\INSTRUMENTOS\Instrumentos_espectro_versão 3\CORDAS\VIOLINO\Phillarmonia\violin\violino forte_arco-normal\violino_forte_arco-normal15\violin_E4_05_forte_arco-normal.mp3,.mp3,ordinario
philharmonia,ordinario,f,E5,F:\DOUTORAMENTO_22\INSTRUMENTOS\Instrumentos_espectro_versão 3\CORDAS\VIOLINO\Phillarmonia\violin\violino forte_arco-normal\violino_forte_arco-normal15\violin_E5_15_forte_arco-normal.mp3,.mp3,ordinario
philharmonia,ordinario,f,E6,F:\DOUTORAMENTO_22\INSTRUMENTOS\Instrumentos_espectro_versão 3\CORDAS\VIOLINO\Phillarmonia\violin\violino forte_arco-normal\violino_forte_arco-normal15\violin_E6_15_forte_arco-normal.mp3,.mp3,ordinario
philharmonia,ordinario,f,E7,F:\DOUTORAMENTO_22\INSTRUMENTOS\Instrumentos_espectro_versão 3\CORDAS\VIOLINO\Phillarmonia\violin\violino forte_arco-normal\violino_forte_arco-normal15\violin_E7_15_forte_arco-normal.mp3,.mp3,ordinario
philharmonia,ordinario,f,F#4,F:\DOUTORAMENTO_22\INSTRUMENTOS\Instrumentos_espectro_versão 3\CORDAS\VIOLINO\Phillarmonia\violin\violino forte_arco-normal\violino_forte_arco-normal15\violin_F#4_15_forte_arco-normal.mp3,.mp3,ordinario
philharmonia,ordinario,f,F#5,F:\DOUTORAMENTO_22\INSTRUMENTOS\Instrumentos_espectro_versão 3\CORDAS\VIOLINO\Phillarmonia\violin\violino forte_arco-normal\violino_forte_arco-normal15\violin_F#5_15_forte_arco-normal.mp3,.mp3,ordinario
philharmonia,ordinario,f,F#6,F:\DOUTORAMENTO_22\INSTRUMENTOS\Instrumentos_espectro_versão 3\CORDAS\VIOLINO\Phillarmonia\violin\violino forte_arco-normal\violino_forte_arco-normal15\violin_F#6_1_forte_arco-normal.mp3,.mp3,ordinario
philharmonia,ordinario,f,F#7,F:\DOUTORAMENTO_22\INSTRUMENTOS\Instrumentos_espectro_versão 3\CORDAS\VIOLINO\Phillarmonia\violin\violino forte_arco-normal\violino_forte_arco-normal15\violin_F#7_15_forte_arco-normal.mp3,.mp3,ordinario
philharmonia,ordinario,f,F4,F:\DOUTORAMENTO_22\INSTRUMENTOS\Instrumentos_espectro_versão 3\CORDAS\VIOLINO\Phillarmonia\violin\violino forte_arco-normal\violino_forte_arco-normal15\violin_F4_1_forte_arco-normal.mp3,.mp3,ordinario
philharmonia,ordinario,f,F5,F:\DOUTORAMENTO_22\INSTRUMENTOS\Instrumentos_espectro_versão 3\CORDAS\VIOLINO\Phillarmonia\violin\violino forte_arco-normal\violino_forte_arco-normal15\violin_F5_1_forte_arco-normal.mp3,.mp3,ordinario
philharmonia,ordinario,f,F6,F:\DOUTORAMENTO_22\INSTRUMENTOS\Instrumentos_espectro_versão 3\CORDAS\VIOLINO\Phillarmonia\violin\violino forte_arco-normal\violino_forte_arco-normal15\violin_F6_15_forte_arco-normal.mp3,.mp3,ordinario
philharmonia,ordinario,f,F7,F:\DOUTORAMENTO_22\INSTRUMENTOS\Instrumentos_espectro_versão 3\CORDAS\VIOLINO\Phillarmonia\violin\violino forte_arco-normal\violino_forte_arco-normal15\violin_F7_1_forte_arco-normal.mp3,.mp3,ordinario
philharmonia,ordinario,f,G#3,F:\DOUTORAMENTO_22\INSTRUMENTOS\Instrumentos_espectro_versão 3\CORDAS\VIOLINO\Phillarmonia\violin\violino forte_arco-normal\violino_forte_arco-normal15\violin_G#3_15_forte_arco-normal.mp3,.mp3,ordinario
philharmonia,ordinario,f,G#4,F:\DOUTORAMENTO_22\INSTRUMENTOS\Instrumentos_espectro_versão 3\CORDAS\VIOLINO\Phillarmonia\violin\violino forte_arco-normal\violino_forte_arco-normal15\violin_G#4_15_forte_arco-normal.mp3,.mp3,ordinario
philharmonia,ordinario,f,G#5,F:\DOUTORAMENTO_22\INSTRUMENTOS\Instrumentos_espectro_versão 3\CORDAS\VIOLINO\Phillarmonia\violin\violino forte_arco-normal\violino_forte_arco-normal15\violin_G#5_15_forte_arco-normal.mp3,.mp3,ordinario
philharmonia,ordinario,f,G#6,F:\DOUTORAMENTO_22\INSTRUMENTOS\Instrumentos_espectro_versão 3\CORDAS\VIOLINO\Phillarmonia\violin\violino forte_arco-normal\violino_forte_arco-normal15\violin_G#6_15_forte_arco-normal.mp3,.mp3,ordinario
philharmonia,ordinario,f,G3,F:\DOUTORAMENTO_22\INSTRUMENTOS\Instrumentos_espectro_versão 3\CORDAS\VIOLINO\Phillarmonia\violin\violino forte_arco-normal\violino_forte_arco-normal15\violin_G3_15_forte_arco-normal.mp3,.mp3,ordinario
philharmonia,ordinario,f,G4,F:\DOUTORAMENTO_22\INSTRUMENTOS\Instrumentos_espectro_versão 3\CORDAS\VIOLINO\Phillarmonia\violin\violino forte_arco-normal\violino_forte_arco-normal15\violin_G4_1_forte_arco-normal.mp3,.mp3,ordinario
philharmonia,ordinario,f,G5,F:\DOUTORAMENTO_22\INSTRUMENTOS\Instrumentos_espectro_versão 3\CORDAS\VIOLINO\Phillarmonia\violin\violino forte_arco-normal\violino_forte_arco-normal15\violin_G5_15_forte_arco-normal.mp3,.mp3,ordinario
philharmonia,ordinario,f,G6,F:\DOUTORAMENTO_22\INSTRUMENTOS\Instrumentos_espectro_versão 3\CORDAS\VIOLINO\Phillarmonia\violin\violino forte_arco-normal\violino_forte_arco-normal15\violin_G6_15_forte_arco-normal.mp3,.mp3,ordinario
philharmonia,ordinario,f,G7,F:\DOUTORAMENTO_22\INSTRUMENTOS\Instrumentos_espectro_versão 3\CORDAS\VIOLINO\Phillarmonia\violin\violino forte_arco-normal\violino_forte_arco-normal15\violin_G7_15_forte_arco-normal.mp3,.mp3,ordinario
philharmonia,ordinario,ff,A#3,F:\DOUTORAMENTO_22\INSTRUMENTOS\Instrumentos_espectro_versão 3\CORDAS\VIOLINO\Phillarmonia\violin\violino fortissimo_arco-normal\violino_fortissimo_arco-normal15\violin_A#3_15_fortissimo_arco-normal.mp3,.mp3,ordinario
philharmonia,ordinario,ff,A#4,F:\DOUTORAMENTO_22\INSTRUMENTOS\Instrumentos_espectro_versão 3\CORDAS\VIOLINO\Phillarmonia\violin\violino fortissimo_arco-normal\violino_fortissimo_arco-normal15\violin_A#4_15_fortissimo_arco-normal.mp3,.mp3,ordinario
philharmonia,ordinario,ff,A#5,F:\DOUTORAMENTO_22\INSTRUMENTOS\Instrumentos_espectro_versão 3\CORDAS\VIOLINO\Phillarmonia\violin\violino fortissimo_arco-normal\violino_fortissimo_arco-normal15\violin_A#5_15_fortissimo_arco-normal.mp3,.mp3,ordinario
philharmonia,ordinario,ff,A#6,F:\DOUTORAMENTO_22\INSTRUMENTOS\Instrumentos_espectro_versão 3\CORDAS\VIOLINO\Phillarmonia\violin\violino fortissimo_arco-normal\violino_fortissimo_arco-normal15\violin_A#6_15_fortissimo_arco-normal.mp3,.mp3,ordinario
philharmonia,ordinario,ff,A3,F:\DOUTORAMENTO_22\INSTRUMENTOS\Instrumentos_espectro_versão 3\CORDAS\VIOLINO\Phillarmonia\violin\violino fortissimo_arco-normal\violino_fortissimo_arco-normal15\violin_A3_15_fortissimo_arco-normal.mp3,.mp3,ordinario
philharmonia,ordinario,ff,A4,F:\DOUTORAMENTO_22\INSTRUMENTOS\Instrumentos_espectro_versão 3\CORDAS\VIOLINO\Phillarmonia\violin\violino fortissimo_arco-normal\violino_fortissimo_arco-normal15\violin_A4_15_fortissimo_arco-normal.mp3,.mp3,ordinario
philharmonia,ordinario,ff,A5,F:\DOUTORAMENTO_22\INSTRUMENTOS\Instrumentos_espectro_versão 3\CORDAS\VIOLINO\Phillarmonia\violin\violino fortissimo_arco-normal\violino_fortissimo_arco-normal15\violin_A5_15_fortissimo_arco-normal.mp3,.mp3,ordinario
philharmonia,ordinario,ff,A6,F:\DOUTORAMENTO_22\INSTRUMENTOS\Instrumentos_espectro_versão 3\CORDAS\VIOLINO\Phillarmonia\violin\violino fortissimo_arco-normal\violino_fortissimo_arco-normal15\violin_A6_1_fortissimo_arco-normal.mp3,.mp3,ordinario
philharmonia,ordinario,ff,B3,F:\DOUTORAMENTO_22\INSTRUMENTOS\Instrumentos_espectro_versão 3\CORDAS\VIOLINO\Phillarmonia\violin\violino fortissimo_arco-normal\violino_fortissimo_arco-normal15\violin_B3_15_fortissimo_arco-normal.mp3,.mp3,ordinario
philharmonia,ordinario,ff,B4,F:\DOUTORAMENTO_22\INSTRUMENTOS\Instrumentos_espectro_versão 3\CORDAS\VIOLINO\Phillarmonia\violin\violino fortissimo_arco-normal\violino_fortissimo_arco-normal15\violin_B4_15_fortissimo_arco-normal.mp3,.mp3,ordinario
philharmonia,ordinario,ff,B5,F:\DOUTORAMENTO_22\INSTRUMENTOS\Instrumentos_espectro_versão 3\CORDAS\VIOLINO\Phillarmonia\violin\violino fortissimo_arco-normal\violino_fortissimo_arco-normal15\violin_B5_15_fortissimo_arco-normal.mp3,.mp3,ordinario
philharmonia,ordinario,ff,B6,F:\DOUTORAMENTO_22\INSTRUMENTOS\Instrumentos_espectro_versão 3\CORDAS\VIOLINO\Phillarmonia\violin\violino fortissimo_arco-normal\violino_fortissimo_arco-normal15\violin_B6_15_fortissimo_arco-normal.mp3,.mp3,ordinario
philharmonia,ordinario,ff,C#4,F:\DOUTORAMENTO_22\INSTRUMENTOS\Instrumentos_espectro_versão 3\CORDAS\VIOLINO\Phillarmonia\violin\violino fortissimo_arco-normal\violino_fortissimo_arco-normal15\violin_C#4_15_fortissimo_arco-normal.mp3,.mp3,ordinario
philharmonia,ordinario,ff,C#5,F:\DOUTORAMENTO_22\INSTRUMENTOS\Instrumentos_espectro_versão 3\CORDAS\VIOLINO\Phillarmonia\violin\violino fortissimo_arco-normal\violino_fortissimo_arco-normal15\violin_C#5_15_fortissimo_arco-normal.mp3,.mp3,ordinario
philharmonia,ordinario,ff,C#6,F:\DOUTORAMENTO_22\INSTRUMENTOS\Instrumentos_espectro_versão 3\CORDAS\VIOLINO\Phillarmonia\violin\violino fortissimo_arco-normal\violino_fortissimo_arco-normal15\violin_C#6_1_fortissimo_arco-normal.mp3,.mp3,ordinario
philharmonia,ordinario,ff,C#7,F:\DOUTORAMENTO_22\INSTRUMENTOS\Instrumentos_espectro_versão 3\CORDAS\VIOLINO\Phillarmonia\violin\violino fortissimo_arco-normal\violino_fortissimo_arco-normal15\violin_C#7_1_fortissimo_arco-normal.mp3,.mp3,ordinario
philharmonia,ordinario,ff,C4,F:\DOUTORAMENTO_22\INSTRUMENTOS\Instrumentos_espectro_versão 3\CORDAS\VIOLINO\Phillarmonia\violin\violino fortissimo_arco-normal\violino_fortissimo_arco-normal15\violin_C4_15_fortissimo_arco-normal.mp3,.mp3,ordinario
philharmonia,ordinario,ff,C5,F:\DOUTORAMENTO_22\INSTRUMENTOS\Instrumentos_espectro_versão 3\CORDAS\VIOLINO\Phillarmonia\violin\violino fortissimo_arco-normal\violino_fortissimo_arco-normal15\violin_C5_15_fortissimo_arco-normal.mp3,.mp3,ordinario
philharmonia,ordinario,ff,C6,F:\DOUTORAMENTO_22\INSTRUMENTOS\Instrumentos_espectro_versão 3\CORDAS\VIOLINO\Phillarmonia\violin\violino fortissimo_arco-normal\violino_fortissimo_arco-normal15\violin_C6_15_fortissimo_arco-normal.mp3,.mp3,ordinario
philharmonia,ordinario,f,C7,F:\DOUTORAMENTO_22\INSTRUMENTOS\Instrumentos_espectro_versão 3\CORDAS\VIOLINO\Phillarmonia\violin\violino fortissimo_arco-normal\violino_fortissimo_arco-normal15\violin_C7_1_forte_arco-normal.mp3,.mp3,ordinario
philharmonia,ordinario,ff,D#4,F:\DOUTORAMENTO_22\INSTRUMENTOS\Instrumentos_espectro_versão 3\CORDAS\VIOLINO\Phillarmonia\violin\violino fortissimo_arco-normal\violino_fortissimo_arco-normal15\violin_D#4_15_fortissimo_arco-normal.mp3,.mp3,ordinario
philharmonia,ordinario,ff,D#5,F:\DOUTORAMENTO_22\INSTRUMENTOS\Instrumentos_espectro_versão 3\CORDAS\VIOLINO\Phillarmonia\violin\violino fortissimo_arco-normal\violino_fortissimo_arco-normal15\violin_D#5_15_fortissimo_arco-normal.mp3,.mp3,ordinario
philharmonia,ordinario,ff,D#6,F:\DOUTORAMENTO_22\INSTRUMENTOS\Instrumentos_espectro_versão 3\CORDAS\VIOLINO\Phillarmonia\violin\violino fortissimo_arco-normal\violino_fortissimo_arco-normal15\violin_D#6_1_fortissimo_arco-normal.mp3,.mp3,ordinario
philharmonia,ordinario,ff,D#7,F:\DOUTORAMENTO_22\INSTRUMENTOS\Instrumentos_espectro_versão 3\CORDAS\VIOLINO\Phillarmonia\violin\violino fortissimo_arco-normal\violino_fortissimo_arco-normal15\violin_D#7_15_fortissimo_arco-normal.mp3,.mp3,ordinario
philharmonia,ordinario,ff,D4,F:\DOUTORAMENTO_22\INSTRUMENTOS\Instrumentos_espectro_versão 3\CORDAS\VIOLINO\Phillarmonia\violin\violino fortissimo_arco-normal\violino_fortissimo_arco-normal15\violin_D4_15_fortissimo_arco-normal.mp3,.mp3,ordinario
philharmonia,ordinario,ff,D5,F:\DOUTORAMENTO_22\INSTRUMENTOS\Instrumentos_espectro_versão 3\CORDAS\VIOLINO\Phillarmonia\violin\violino fortissimo_arco-normal\violino_fortissimo_arco-normal15\violin_D5_15_fortissimo_arco-normal.mp3,.mp3,ordinario
philharmonia,ordinario,ff,D6,F:\DOUTORAMENTO_22\INSTRUMENTOS\Instrumentos_espectro_versão 3\CORDAS\VIOLINO\Phillarmonia\violin\violino fortissimo_arco-normal\violino_fortissimo_arco-normal15\violin_D6_15_fortissimo_arco-normal.mp3,.mp3,ordinario
philharmonia,ordinario,ff,D7,F:\DOUTORAMENTO_22\INSTRUMENTOS\Instrumentos_espectro_versão 3\CORDAS\VIOLINO\Phillarmonia\violin\violino fortissimo_arco-normal\violino_fortissimo_arco-normal15\violin_D7_1_fortissimo_arco-normal.mp3,.mp3,ordinario
philharmonia,ordinario,ff,E4,F:\DOUTORAMENTO_22\INSTRUMENTOS\Instrumentos_espectro_versão 3\CORDAS\VIOLINO\Phillarmonia\violin\violino fortissimo_arco-normal\violino_fortissimo_arco-normal15\violin_E4_15_fortissimo_arco-normal.mp3,.mp3,ordinario
philharmonia,ordinario,ff,E5,F:\DOUTORAMENTO_22\INSTRUMENTOS\Instrumentos_espectro_versão 3\CORDAS\VIOLINO\Phillarmonia\violin\violino fortissimo_arco-normal\violino_fortissimo_arco-normal15\violin_E5_1_fortissimo_arco-normal.mp3,.mp3,ordinario
philharmonia,ordinario,ff,E6,F:\DOUTORAMENTO_22\INSTRUMENTOS\Instrumentos_espectro_versão 3\CORDAS\VIOLINO\Phillarmonia\violin\violino fortissimo_arco-normal\violino_fortissimo_arco-normal15\violin_E6_1_fortissimo_arco-normal.mp3,.mp3,ordinario
philharmonia,ordinario,ff,E7,F:\DOUTORAMENTO_22\INSTRUMENTOS\Instrumentos_espectro_versão 3\CORDAS\VIOLINO\Phillarmonia\violin\violino fortissimo_arco-normal\violino_fortissimo_arco-normal15\violin_E7_15_fortissimo_arco-normal.mp3,.mp3,ordinario
philharmonia,ordinario,ff,F#4,F:\DOUTORAMENTO_22\INSTRUMENTOS\Instrumentos_espectro_versão 3\CORDAS\VIOLINO\Phillarmonia\violin\violino fortissimo_arco-normal\violino_fortissimo_arco-normal15\violin_F#4_15_fortissimo_arco-normal.mp3,.mp3,ordinario
philharmonia,ordinario,ff,F#5,F:\DOUTORAMENTO_22\INSTRUMENTOS\Instrumentos_espectro_versão 3\CORDAS\VIOLINO\Phillarmonia\violin\violino fortissimo_arco-normal\violino_fortissimo_arco-normal15\violin_F#5_15_fortissimo_arco-normal.mp3,.mp3,ordinario
philharmonia,ordinario,ff,F#6,F:\DOUTORAMENTO_22\INSTRUMENTOS\Instrumentos_espectro_versão 3\CORDAS\VIOLINO\Phillarmonia\violin\violino fortissimo_arco-normal\violino_fortissimo_arco-normal15\violin_F#6_1_fortissimo_arco-normal.mp3,.mp3,ordinario
philharmonia,ordinario,ff,F#7,F:\DOUTORAMENTO_22\INSTRUMENTOS\Instrumentos_espectro_versão 3\CORDAS\VIOLINO\Phillarmonia\violin\violino fortissimo_arco-normal\violino_fortissimo_arco-normal15\violin_F#7_15_fortissimo_arco-normal.mp3,.mp3,ordinario
philharmonia,ordinario,ff,F4,F:\DOUTORAMENTO_22\INSTRUMENTOS\Instrumentos_espectro_versão 3\CORDAS\VIOLINO\Phillarmonia\violin\violino fortissimo_arco-normal\violino_fortissimo_arco-normal15\violin_F4_15_fortissimo_arco-normal.mp3,.mp3,ordinario
philharmonia,ordinario,ff,F5,F:\DOUTORAMENTO_22\INSTRUMENTOS\Instrumentos_espectro_versão 3\CORDAS\VIOLINO\Phillarmonia\violin\violino fortissimo_arco-normal\violino_fortissimo_arco-normal15\violin_F5_15_fortissimo_arco-normal.mp3,.mp3,ordinario
philharmonia,ordinario,ff,F6,F:\DOUTORAMENTO_22\INSTRUMENTOS\Instrumentos_espectro_versão 3\CORDAS\VIOLINO\Phillarmonia\violin\violino fortissimo_arco-normal\violino_fortissimo_arco-normal15\violin_F6_1_fortissimo_arco-normal.mp3,.mp3,ordinario
philharmonia,ordinario,ff,F7,F:\DOUTORAMENTO_22\INSTRUMENTOS\Instrumentos_espectro_versão 3\CORDAS\VIOLINO\Phillarmonia\violin\violino fortissimo_arco-normal\violino_fortissimo_arco-normal15\violin_F7_15_fortissimo_arco-normal.mp3,.mp3,ordinario
philharmonia,ordinario,ff,G#3,F:\DOUTORAMENTO_22\INSTRUMENTOS\Instrumentos_espectro_versão 3\CORDAS\VIOLINO\Phillarmonia\violin\violino fortissimo_arco-normal\violino_fortissimo_arco-normal15\violin_G#3_15_fortissimo_arco-normal.mp3,.mp3,ordinario
philharmonia,ordinario,ff,G#4,F:\DOUTORAMENTO_22\INSTRUMENTOS\Instrumentos_espectro_versão 3\CORDAS\VIOLINO\Phillarmonia\violin\violino fortissimo_arco-normal\violino_fortissimo_arco-normal15\violin_G#4_1_fortissimo_arco-normal.mp3,.mp3,ordinario
philharmonia,ordinario,ff,G#5,F:\DOUTORAMENTO_22\INSTRUMENTOS\Instrumentos_espectro_versão 3\CORDAS\VIOLINO\Phillarmonia\violin\violino fortissimo_arco-normal\violino_fortissimo_arco-normal15\violin_G#5_15_fortissimo_arco-normal.mp3,.mp3,ordinario
philharmonia,ordinario,ff,G#6,F:\DOUTORAMENTO_22\INSTRUMENTOS\Instrumentos_espectro_versão 3\CORDAS\VIOLINO\Phillarmonia\violin\violino fortissimo_arco-normal\violino_fortissimo_arco-normal15\violin_G#6_1_fortissimo_arco-normal.mp3,.mp3,ordinario
philharmonia,ordinario,ff,G3,F:\DOUTORAMENTO_22\INSTRUMENTOS\Instrumentos_espectro_versão 3\CORDAS\VIOLINO\Phillarmonia\violin\violino fortissimo_arco-normal\violino_fortissimo_arco-normal15\violin_G3_15_fortissimo_arco-normal.mp3,.mp3,ordinario
philharmonia,ordinario,ff,G4,F:\DOUTORAMENTO_22\INSTRUMENTOS\Instrumentos_espectro_versão 3\CORDAS\VIOLINO\Phillarmonia\violin\violino fortissimo_arco-normal\violino_fortissimo_arco-normal15\violin_G4_15_fortissimo_arco-normal.mp3,.mp3,ordinario
philharmonia,ordinario,ff,G5,F:\DOUTORAMENTO_22\INSTRUMENTOS\Instrumentos_espectro_versão 3\CORDAS\VIOLINO\Phillarmonia\violin\violino fortissimo_arco-normal\violino_fortissimo_arco-normal15\violin_G5_15_fortissimo_arco-normal.mp3,.mp3,ordinario
philharmonia,ordinario,ff,G6,F:\DOUTORAMENTO_22\INSTRUMENTOS\Instrumentos_espectro_versão 3\CORDAS\VIOLINO\Phillarmonia\violin\violino fortissimo_arco-normal\violino_fortissimo_arco-normal15\violin_G6_1_fortissimo_arco-normal.mp3,.mp3,ordinario
philharmonia,ordinario,ff,G7,F:\DOUTORAMENTO_22\INSTRUMENTOS\Instrumentos_espectro_versão 3\CORDAS\VIOLINO\Phillarmonia\violin\violino fortissimo_arco-normal\violino_fortissimo_arco-normal15\violin_G7_15_fortissimo_arco-normal.mp3,.mp3,ordinario
philharmonia,ordinario,mf,A#3,F:\DOUTORAMENTO_22\INSTRUMENTOS\Instrumentos_espectro_versão 3\CORDAS\VIOLINO\Phillarmonia\violin\violino mezzo-forte_arco-normal\violino_mezzo-forte_arco-normal15\violin_A#3_1_mezzo-forte_arco-normal.mp3,.mp3,ordinario
philharmonia,ordinario,mf,A#4,F:\DOUTORAMENTO_22\INSTRUMENTOS\Instrumentos_espectro_versão 3\CORDAS\VIOLINO\Phillarmonia\violin\violino mezzo-forte_arco-normal\violino_mezzo-forte_arco-normal15\violin_A#4_1_mezzo-forte_arco-normal.mp3,.mp3,ordinario
philharmonia,ordinario,mf,A#5,F:\DOUTORAMENTO_22\INSTRUMENTOS\Instrumentos_espectro_versão 3\CORDAS\VIOLINO\Phillarmonia\violin\violino mezzo-forte_arco-normal\violino_mezzo-forte_arco-normal15\violin_A#5_15_mezzo-forte_arco-normal.mp3,.mp3,ordinario
philharmonia,ordinario,mf,A#6,F:\DOUTORAMENTO_22\INSTRUMENTOS\Instrumentos_espectro_versão 3\CORDAS\VIOLINO\Phillarmonia\violin\violino mezzo-forte_arco-normal\violino_mezzo-forte_arco-normal15\violin_A#6_05_mezzo-forte_arco-normal.mp3,.mp3,ordinario
philharmonia,ordinario,mf,A3,F:\DOUTORAMENTO_22\INSTRUMENTOS\Instrumentos_espectro_versão 3\CORDAS\VIOLINO\Phillarmonia\violin\violino mezzo-forte_arco-normal\violino_mezzo-forte_arco-normal15\violin_A3_025_mezzo-forte_arco-normal.mp3,.mp3,ordinario
philharmonia,ordinario,mf,A4,F:\DOUTORAMENTO_22\INSTRUMENTOS\Instrumentos_espectro_versão 3\CORDAS\VIOLINO\Phillarmonia\violin\violino mezzo-forte_arco-normal\violino_mezzo-forte_arco-normal15\violin_A4_05_mezzo-forte_arco-normal.mp3,.mp3,ordinario
philharmonia,ordinario,mf,A5,F:\DOUTORAMENTO_22\INSTRUMENTOS\Instrumentos_espectro_versão 3\CORDAS\VIOLINO\Phillarmonia\violin\violino mezzo-forte_arco-normal\violino_mezzo-forte_arco-normal15\violin_A5_05_mezzo-forte_arco-normal.mp3,.mp3,ordinario
philharmonia,ordinario,mf,A6,F:\DOUTORAMENTO_22\INSTRUMENTOS\Instrumentos_espectro_versão 3\CORDAS\VIOLINO\Phillarmonia\violin\violino mezzo-forte_arco-normal\violino_mezzo-forte_arco-normal15\violin_A6_1_mezzo-forte_arco-normal.mp3,.mp3,ordinario
philharmonia,ordinario,mf,B3,F:\DOUTORAMENTO_22\INSTRUMENTOS\Instrumentos_espectro_versão 3\CORDAS\VIOLINO\Phillarmonia\violin\violino mezzo-forte_arco-normal\violino_mezzo-forte_arco-normal15\violin_B3_1_mezzo-forte_arco-normal.mp3,.mp3,ordinario
philharmonia,ordinario,mf,B4,F:\DOUTORAMENTO_22\INSTRUMENTOS\Instrumentos_espectro_versão 3\CORDAS\VIOLINO\Phillarmonia\violin\violino mezzo-forte_arco-normal\violino_mezzo-forte_arco-normal15\violin_B4_05_mezzo-forte_arco-normal.mp3,.mp3,ordinario
philharmonia,ordinario,mf,B5,F:\DOUTORAMENTO_22\INSTRUMENTOS\Instrumentos_espectro_versão 3\CORDAS\VIOLINO\Phillarmonia\violin\violino mezzo-forte_arco-normal\violino_mezzo-forte_arco-normal15\violin_B5_15_mezzo-forte_arco-normal.mp3,.mp3,ordinario
philharmonia,ordinario,mf,B6,F:\DOUTORAMENTO_22\INSTRUMENTOS\Instrumentos_espectro_versão 3\CORDAS\VIOLINO\Phillarmonia\violin\violino mezzo-forte_arco-normal\violino_mezzo-forte_arco-normal15\violin_B6_05_mezzo-forte_arco-normal.mp3,.mp3,ordinario
philharmonia,ordinario,mf,C#4,F:\DOUTORAMENTO_22\INSTRUMENTOS\Instrumentos_espectro_versão 3\CORDAS\VIOLINO\Phillarmonia\violin\violino mezzo-forte_arco-normal\violino_mezzo-forte_arco-normal15\violin_C#4_1_mezzo-forte_arco-normal.mp3,.mp3,ordinario
philharmonia,ordinario,mf,C#5,F:\DOUTORAMENTO_22\INSTRUMENTOS\Instrumentos_espectro_versão 3\CORDAS\VIOLINO\Phillarmonia\violin\violino mezzo-forte_arco-normal\violino_mezzo-forte_arco-normal15\violin_C#5_05_mezzo-forte_arco-normal.mp3,.mp3,ordinario
philharmonia,ordinario,mf,C#6,F:\DOUTORAMENTO_22\INSTRUMENTOS\Instrumentos_espectro_versão 3\CORDAS\VIOLINO\Phillarmonia\violin\violino mezzo-forte_arco-normal\violino_mezzo-forte_arco-normal15\violin_C#6_1_mezzo-forte_arco-normal.mp3,.mp3,ordinario
philharmonia,ordinario,mf,C#7,F:\DOUTORAMENTO_22\INSTRUMENTOS\Instrumentos_espectro_versão 3\CORDAS\VIOLINO\Phillarmonia\violin\violino mezzo-forte_arco-normal\violino_mezzo-forte_arco-normal15\violin_C#7_15_mezzo-forte_arco-normal.mp3,.mp3,ordinario
philharmonia,ordinario,mf,C4,F:\DOUTORAMENTO_22\INSTRUMENTOS\Instrumentos_espectro_versão 3\CORDAS\VIOLINO\Phillarmonia\violin\violino mezzo-forte_arco-normal\violino_mezzo-forte_arco-normal15\violin_C4_15_mezzo-forte_arco-normal.mp3,.mp3,ordinario
philharmonia,ordinario,mf,C5,F:\DOUTORAMENTO_22\INSTRUMENTOS\Instrumentos_espectro_versão 3\CORDAS\VIOLINO\Phillarmonia\violin\violino mezzo-forte_arco-normal\violino_mezzo-forte_arco-normal15\violin_C5_1_mezzo-forte_arco-normal.mp3,.mp3,ordinario
philharmonia,ordinario,mf,C6,F:\DOUTORAMENTO_22\INSTRUMENTOS\Instrumentos_espectro_versão 3\CORDAS\VIOLINO\Phillarmonia\violin\violino mezzo-forte_arco-normal\violino_mezzo-forte_arco-normal15\violin_C6_1_mezzo-forte_arco-normal.mp3,.mp3,ordinario
philharmonia,ordinario,mf,C7,F:\DOUTORAMENTO_22\INSTRUMENTOS\Instrumentos_espectro_versão 3\CORDAS\VIOLINO\Phillarmonia\violin\violino mezzo-forte_arco-normal\violino_mezzo-forte_arco-normal15\violin_C7_05_mezzo-forte_arco-normal.mp3,.mp3,ordinario
philharmonia,ordinario,mf,D#4,F:\DOUTORAMENTO_22\INSTRUMENTOS\Instrumentos_espectro_versão 3\CORDAS\VIOLINO\Phillarmonia\violin\violino mezzo-forte_arco-normal\violino_mezzo-forte_arco-normal15\violin_D#4_1_mezzo-forte_arco-normal.mp3,.mp3,ordinario
philharmonia,ordinario,mf,D#5,F:\DOUTORAMENTO_22\INSTRUMENTOS\Instrumentos_espectro_versão 3\CORDAS\VIOLINO\Phillarmonia\violin\violino mezzo-forte_arco-normal\violino_mezzo-forte_arco-normal15\violin_D#5_15_mezzo-forte_arco-normal.mp3,.mp3,ordinario
philharmonia,ordinario,mf,D#6,F:\DOUTORAMENTO_22\INSTRUMENTOS\Instrumentos_espectro_versão 3\CORDAS\VIOLINO\Phillarmonia\violin\violino mezzo-forte_arco-normal\violino_mezzo-forte_arco-normal15\violin_D#6_15_mezzo-forte_arco-normal.mp3,.mp3,ordinario
philharmonia,ordinario,mf,D#7,F:\DOUTORAMENTO_22\INSTRUMENTOS\Instrumentos_espectro_versão 3\CORDAS\VIOLINO\Phillarmonia\violin\violino mezzo-forte_arco-normal\violino_mezzo-forte_arco-normal15\violin_D#7_05_mezzo-forte_arco-normal.mp3,.mp3,ordinario
philharmonia,ordinario,mf,D4,F:\DOUTORAMENTO_22\INSTRUMENTOS\Instrumentos_espectro_versão 3\CORDAS\VIOLINO\Phillarmonia\violin\violino mezzo-forte_arco-normal\violino_mezzo-forte_arco-normal15\violin_D4_1_mezzo-forte_arco-normal.mp3,.mp3,ordinario
philharmonia,ordinario,mf,D5,F:\DOUTORAMENTO_22\INSTRUMENTOS\Instrumentos_espectro_versão 3\CORDAS\VIOLINO\Phillarmonia\violin\violino mezzo-forte_arco-normal\violino_mezzo-forte_arco-normal15\violin_D5_025_mezzo-forte_arco-normal.mp3,.mp3,ordinario
philharmonia,ordinario,mf,D6,F:\DOUTORAMENTO_22\INSTRUMENTOS\Instrumentos_espectro_versão 3\CORDAS\VIOLINO\Phillarmonia\violin\violino mezzo-forte_arco-normal\violino_mezzo-forte_arco-normal15\violin_D6_15_mezzo-forte_arco-normal.mp3,.mp3,ordinario
philharmonia,ordinario,mf,D7,F:\DOUTORAMENTO_22\INSTRUMENTOS\Instrumentos_espectro_versão 3\CORDAS\VIOLINO\Phillarmonia\violin\violino mezzo-forte_arco-normal\violino_mezzo-forte_arco-normal15\violin_D7_1_mezzo-forte_arco-normal.mp3,.mp3,ordinario
philharmonia,ordinario,mf,E4,F:\DOUTORAMENTO_22\INSTRUMENTOS\Instrumentos_espectro_versão 3\CORDAS\VIOLINO\Phillarmonia\violin\violino mezzo-forte_arco-normal\violino_mezzo-forte_arco-normal15\violin_E4_1_mezzo-forte_arco-normal.mp3,.mp3,ordinario
philharmonia,ordinario,mf,E5,F:\DOUTORAMENTO_22\INSTRUMENTOS\Instrumentos_espectro_versão 3\CORDAS\VIOLINO\Phillarmonia\violin\violino mezzo-forte_arco-normal\violino_mezzo-forte_arco-normal15\violin_E5_15_mezzo-forte_arco-normal.mp3,.mp3,ordinario
philharmonia,ordinario,mf,E6,F:\DOUTORAMENTO_22\INSTRUMENTOS\Instrumentos_espectro_versão 3\CORDAS\VIOLINO\Phillarmonia\violin\violino mezzo-forte_arco-normal\violino_mezzo-forte_arco-normal15\violin_E6_1_mezzo-forte_arco-normal.mp3,.mp3,ordinario
philharmonia,ordinario,mf,E7,F:\DOUTORAMENTO_22\INSTRUMENTOS\Instrumentos_espectro_versão 3\CORDAS\VIOLINO\Phillarmonia\violin\violino mezzo-forte_arco-normal\violino_mezzo-forte_arco-normal15\violin_E7_05_mezzo-forte_arco-normal.mp3,.mp3,ordinario
philharmonia,ordinario,mf,F#4,F:\DOUTORAMENTO_22\INSTRUMENTOS\Instrumentos_espectro_versão 3\CORDAS\VIOLINO\Phillarmonia\violin\violino mezzo-forte_arco-normal\violino_mezzo-forte_arco-normal15\violin_F#4_1_mezzo-forte_arco-normal.mp3,.mp3,ordinario
philharmonia,ordinario,mf,F#5,F:\DOUTORAMENTO_22\INSTRUMENTOS\Instrumentos_espectro_versão 3\CORDAS\VIOLINO\Phillarmonia\violin\violino mezzo-forte_arco-normal\violino_mezzo-forte_arco-normal15\violin_F#5_05_mezzo-forte_arco-normal.mp3,.mp3,ordinario
philharmonia,ordinario,mf,F#6,F:\DOUTORAMENTO_22\INSTRUMENTOS\Instrumentos_espectro_versão 3\CORDAS\VIOLINO\Phillarmonia\violin\violino mezzo-forte_arco-normal\violino_mezzo-forte_arco-normal15\violin_F#6_15_mezzo-forte_arco-normal.mp3,.mp3,ordinario
philharmonia,ordinario,mf,F#7,F:\DOUTORAMENTO_22\INSTRUMENTOS\Instrumentos_espectro_versão 3\CORDAS\VIOLINO\Phillarmonia\violin\violino mezzo-forte_arco-normal\violino_mezzo-forte_arco-normal15\violin_F#7_1_mezzo-forte_arco-normal.mp3,.mp3,ordinario
philharmonia,ordinario,mf,F4,F:\DOUTORAMENTO_22\INSTRUMENTOS\Instrumentos_espectro_versão 3\CORDAS\VIOLINO\Phillarmonia\violin\violino mezzo-forte_arco-normal\violino_mezzo-forte_arco-normal15\violin_F4_1_mezzo-forte_arco-normal.mp3,.mp3,ordinario
philharmonia,ordinario,mf,F5,F:\DOUTORAMENTO_22\INSTRUMENTOS\Instrumentos_espectro_versão 3\CORDAS\VIOLINO\Phillarmonia\violin\violino mezzo-forte_arco-normal\violino_mezzo-forte_arco-normal15\violin_F5_1_mezzo-forte_arco-normal.mp3,.mp3,ordinario
philharmonia,ordinario,mf,F6,F:\DOUTORAMENTO_22\INSTRUMENTOS\Instrumentos_espectro_versão 3\CORDAS\VIOLINO\Phillarmonia\violin\violino mezzo-forte_arco-normal\violino_mezzo-forte_arco-normal15\violin_F6_05_mezzo-forte_arco-normal.mp3,.mp3,ordinario
philharmonia,ordinario,mf,F7,F:\DOUTORAMENTO_22\INSTRUMENTOS\Instrumentos_espectro_versão 3\CORDAS\VIOLINO\Phillarmonia\violin\violino mezzo-forte_arco-normal\violino_mezzo-forte_arco-normal15\violin_F7_1_mezzo-forte_arco-normal.mp3,.mp3,ordinario
philharmonia,ordinario,mf,G#3,F:\DOUTORAMENTO_22\INSTRUMENTOS\Instrumentos_espectro_versão 3\CORDAS\VIOLINO\Phillarmonia\violin\violino mezzo-forte_arco-normal\violino_mezzo-forte_arco-normal15\violin_G#3_15_mezzo-forte_arco-normal.mp3,.mp3,ordinario
philharmonia,ordinario,mf,G#4,F:\DOUTORAMENTO_22\INSTRUMENTOS\Instrumentos_espectro_versão 3\CORDAS\VIOLINO\Phillarmonia\violin\violino mezzo-forte_arco-normal\violino_mezzo-forte_arco-normal15\violin_G#4_15_mezzo-forte_arco-normal.mp3,.mp3,ordinario
philharmonia,ordinario,mf,G#5,F:\DOUTORAMENTO_22\INSTRUMENTOS\Instrumentos_espectro_versão 3\CORDAS\VIOLINO\Phillarmonia\violin\violino mezzo-forte_arco-normal\violino_mezzo-forte_arco-normal15\violin_G#5_1_mezzo-forte_arco-normal.mp3,.mp3,ordinario
philharmonia,ordinario,mf,G#6,F:\DOUTORAMENTO_22\INSTRUMENTOS\Instrumentos_espectro_versão 3\CORDAS\VIOLINO\Phillarmonia\violin\violino mezzo-forte_arco-normal\violino_mezzo-forte_arco-normal15\violin_G#6_15_mezzo-forte_arco-normal.mp3,.mp3,ordinario
philharmonia,ordinario,mf,G3,F:\DOUTORAMENTO_22\INSTRUMENTOS\Instrumentos_espectro_versão 3\CORDAS\VIOLINO\Phillarmonia\violin\violino mezzo-forte_arco-normal\violino_mezzo-forte_arco-normal15\violin_G3_1_mezzo-forte_arco-normal.mp3,.mp3,ordinario
philharmonia,ordinario,mf,G4,F:\DOUTORAMENTO_22\INSTRUMENTOS\Instrumentos_espectro_versão 3\CORDAS\VIOLINO\Phillarmonia\violin\violino mezzo-forte_arco-normal\violino_mezzo-forte_arco-normal15\violin_G4_15_mezzo-forte_arco-normal.mp3,.mp3,ordinario
philharmonia,ordinario,mf,G5,F:\DOUTORAMENTO_22\INSTRUMENTOS\Instrumentos_espectro_versão 3\CORDAS\VIOLINO\Phillarmonia\violin\violino mezzo-forte_arco-normal\violino_mezzo-forte_arco-normal15\violin_G5_025_mezzo-forte_arco-normal.mp3,.mp3,ordinario
philharmonia,ordinario,mf,G6,F:\DOUTORAMENTO_22\INSTRUMENTOS\Instrumentos_espectro_versão 3\CORDAS\VIOLINO\Phillarmonia\violin\violino mezzo-forte_arco-normal\violino_mezzo-forte_arco-normal15\violin_G6_15_mezzo-forte_arco-normal.mp3,.mp3,ordinario
philharmonia,ordinario,mf,G7,F:\DOUTORAMENTO_22\INSTRUMENTOS\Instrumentos_espectro_versão 3\CORDAS\VIOLINO\Phillarmonia\violin\violino mezzo-forte_arco-normal\violino_mezzo-forte_arco-normal15\violin_G7_1_mezzo-forte_arco-normal.mp3,.mp3,ordinario
philharmonia,ordinario,mp,A#3,F:\DOUTORAMENTO_22\INSTRUMENTOS\Instrumentos_espectro_versão 3\CORDAS\VIOLINO\Phillarmonia\violin\violino mezzo-piano_arco-normal\violino_mezzo-piano_arco-normal05\violin_A#3_05_mezzo-piano_arco-normal.mp3,.mp3,ordinario
philharmonia,ordinario,mp,A#4,F:\DOUTORAMENTO_22\INSTRUMENTOS\Instrumentos_espectro_versão 3\CORDAS\VIOLINO\Phillarmonia\violin\violino mezzo-piano_arco-normal\violino_mezzo-piano_arco-normal05\violin_A#4_05_mezzo-piano_arco-normal.mp3,.mp3,ordinario
philharmonia,ordinario,mp,A#5,F:\DOUTORAMENTO_22\INSTRUMENTOS\Instrumentos_espectro_versão 3\CORDAS\VIOLINO\Phillarmonia\violin\violino mezzo-piano_arco-normal\violino_mezzo-piano_arco-normal05\violin_A#5_1_mezzo-piano_arco-normal.mp3,.mp3,ordinario
philharmonia,ordinario,mp,A#6,F:\DOUTORAMENTO_22\INSTRUMENTOS\Instrumentos_espectro_versão 3\CORDAS\VIOLINO\Phillarmonia\violin\violino mezzo-piano_arco-normal\violino_mezzo-piano_arco-normal05\violin_A#6_025_mezzo-piano_arco-normal.mp3,.mp3,ordinario
philharmonia,ordinario,mp,A3,F:\DOUTORAMENTO_22\INSTRUMENTOS\Instrumentos_espectro_versão 3\CORDAS\VIOLINO\Phillarmonia\violin\violino mezzo-piano_arco-normal\violino_mezzo-piano_arco-normal05\violin_A3_025_mezzo-piano_arco-normal.mp3,.mp3,ordinario
philharmonia,ordinario,mp,A4,F:\DOUTORAMENTO_22\INSTRUMENTOS\Instrumentos_espectro_versão 3\CORDAS\VIOLINO\Phillarmonia\violin\violino mezzo-piano_arco-normal\violino_mezzo-piano_arco-normal05\violin_A4_1_mezzo-piano_arco-normal.mp3,.mp3,ordinario
philharmonia,ordinario,mp,A5,F:\DOUTORAMENTO_22\INSTRUMENTOS\Instrumentos_espectro_versão 3\CORDAS\VIOLINO\Phillarmonia\violin\violino mezzo-piano_arco-normal\violino_mezzo-piano_arco-normal05\violin_A5_1_mezzo-piano_arco-normal.mp3,.mp3,ordinario
philharmonia,ordinario,mp,A6,F:\DOUTORAMENTO_22\INSTRUMENTOS\Instrumentos_espectro_versão 3\CORDAS\VIOLINO\Phillarmonia\violin\violino mezzo-piano_arco-normal\violino_mezzo-piano_arco-normal05\violin_A6_025_mezzo-piano_arco-normal.mp3,.mp3,ordinario
philharmonia,ordinario,mp,B3,F:\DOUTORAMENTO_22\INSTRUMENTOS\Instrumentos_espectro_versão 3\CORDAS\VIOLINO\Phillarmonia\violin\violino mezzo-piano_arco-normal\violino_mezzo-piano_arco-normal05\violin_B3_1_mezzo-piano_arco-normal.mp3,.mp3,ordinario
philharmonia,ordinario,mp,B4,F:\DOUTORAMENTO_22\INSTRUMENTOS\Instrumentos_espectro_versão 3\CORDAS\VIOLINO\Phillarmonia\violin\violino mezzo-piano_arco-normal\violino_mezzo-piano_arco-normal05\violin_B4_05_mezzo-piano_arco-normal.mp3,.mp3,ordinario
philharmonia,ordinario,mp,B5,F:\DOUTORAMENTO_22\INSTRUMENTOS\Instrumentos_espectro_versão 3\CORDAS\VIOLINO\Phillarmonia\violin\violino mezzo-piano_arco-normal\violino_mezzo-piano_arco-normal05\violin_B5_05_mezzo-piano_arco-normal.mp3,.mp3,ordinario
philharmonia,ordinario,mp,B6,F:\DOUTORAMENTO_22\INSTRUMENTOS\Instrumentos_espectro_versão 3\CORDAS\VIOLINO\Phillarmonia\violin\violino mezzo-piano_arco-normal\violino_mezzo-piano_arco-normal05\violin_B6_025_mezzo-piano_arco-normal.mp3,.mp3,ordinario
philharmonia,ordinario,mp,C#4,F:\DOUTORAMENTO_22\INSTRUMENTOS\Instrumentos_espectro_versão 3\CORDAS\VIOLINO\Phillarmonia\violin\violino mezzo-piano_arco-normal\violino_mezzo-piano_arco-normal05\violin_C#4_05_mezzo-piano_arco-normal.mp3,.mp3,ordinario
philharmonia,ordinario,mp,C#5,F:\DOUTORAMENTO_22\INSTRUMENTOS\Instrumentos_espectro_versão 3\CORDAS\VIOLINO\Phillarmonia\violin\violino mezzo-piano_arco-normal\violino_mezzo-piano_arco-normal05\violin_C#5_05_mezzo-piano_arco-normal.mp3,.mp3,ordinario
philharmonia,ordinario,mp,C#6,F:\DOUTORAMENTO_22\INSTRUMENTOS\Instrumentos_espectro_versão 3\CORDAS\VIOLINO\Phillarmonia\violin\violino mezzo-piano_arco-normal\violino_mezzo-piano_arco-normal05\violin_C#6_025_mezzo-piano_arco-normal.mp3,.mp3,ordinario
philharmonia,ordinario,mp,C4,F:\DOUTORAMENTO_22\INSTRUMENTOS\Instrumentos_espectro_versão 3\CORDAS\VIOLINO\Phillarmonia\violin\violino mezzo-piano_arco-normal\violino_mezzo-piano_arco-normal05\violin_C4_1_mezzo-piano_arco-normal.mp3,.mp3,ordinario
philharmonia,ordinario,mp,C5,F:\DOUTORAMENTO_22\INSTRUMENTOS\Instrumentos_espectro_versão 3\CORDAS\VIOLINO\Phillarmonia\violin\violino mezzo-piano_arco-normal\violino_mezzo-piano_arco-normal05\violin_C5_05_mezzo-piano_arco-normal.mp3,.mp3,ordinario
philharmonia,ordinario,mp,C6,F:\DOUTORAMENTO_22\INSTRUMENTOS\Instrumentos_espectro_versão 3\CORDAS\VIOLINO\Phillarmonia\violin\violino mezzo-piano_arco-normal\violino_mezzo-piano_arco-normal05\violin_C6_05_mezzo-piano_arco-normal.mp3,.mp3,ordinario
philharmonia,ordinario,mp,C7,F:\DOUTORAMENTO_22\INSTRUMENTOS\Instrumentos_espectro_versão 3\CORDAS\VIOLINO\Phillarmonia\violin\violino mezzo-piano_arco-normal\violino_mezzo-piano_arco-normal05\violin_C7_025_mezzo-piano_arco-normal.mp3,.mp3,ordinario
philharmonia,ordinario,mp,D#4,F:\DOUTORAMENTO_22\INSTRUMENTOS\Instrumentos_espectro_versão 3\CORDAS\VIOLINO\Phillarmonia\violin\violino mezzo-piano_arco-normal\violino_mezzo-piano_arco-normal05\violin_D#4_05_mezzo-piano_arco-normal.mp3,.mp3,ordinario
philharmonia,ordinario,mp,D#5,F:\DOUTORAMENTO_22\INSTRUMENTOS\Instrumentos_espectro_versão 3\CORDAS\VIOLINO\Phillarmonia\violin\violino mezzo-piano_arco-normal\violino_mezzo-piano_arco-normal05\violin_D#5_025_mezzo-piano_arco-normal.mp3,.mp3,ordinario
philharmonia,ordinario,mp,D#6,F:\DOUTORAMENTO_22\INSTRUMENTOS\Instrumentos_espectro_versão 3\CORDAS\VIOLINO\Phillarmonia\violin\violino mezzo-piano_arco-normal\violino_mezzo-piano_arco-normal05\violin_D#6_05_mezzo-piano_arco-normal.mp3,.mp3,ordinario
philharmonia,ordinario,mp,D#7,F:\DOUTORAMENTO_22\INSTRUMENTOS\Instrumentos_espectro_versão 3\CORDAS\VIOLINO\Phillarmonia\violin\violino mezzo-piano_arco-normal\violino_mezzo-piano_arco-normal05\violin_D#7_05_mezzo-piano_arco-normal.mp3,.mp3,ordinario
philharmonia,ordinario,mp,D5,F:\DOUTORAMENTO_22\INSTRUMENTOS\Instrumentos_espectro_versão 3\CORDAS\VIOLINO\Phillarmonia\violin\violino mezzo-piano_arco-normal\violino_mezzo-piano_arco-normal05\violin_D5_1_mezzo-piano_arco-normal.mp3,.mp3,ordinario
philharmonia,ordinario,mp,D7,F:\DOUTORAMENTO_22\INSTRUMENTOS\Instrumentos_espectro_versão 3\CORDAS\VIOLINO\Phillarmonia\violin\violino mezzo-piano_arco-normal\violino_mezzo-piano_arco-normal05\violin_D7_05_mezzo-piano_arco-normal.mp3,.mp3,ordinario
philharmonia,ordinario,mp,E5,F:\DOUTORAMENTO_22\INSTRUMENTOS\Instrumentos_espectro_versão 3\CORDAS\VIOLINO\Phillarmonia\violin\violino mezzo-piano_arco-normal\violino_mezzo-piano_arco-normal05\violin_E5_15_mezzo-piano_arco-normal.mp3,.mp3,ordinario
philharmonia,ordinario,mp,E6,F:\DOUTORAMENTO_22\INSTRUMENTOS\Instrumentos_espectro_versão 3\CORDAS\VIOLINO\Phillarmonia\violin\violino mezzo-piano_arco-normal\violino_mezzo-piano_arco-normal05\violin_E6_025_mezzo-piano_arco-normal.mp3,.mp3,ordinario
philharmonia,ordinario,mp,F#4,F:\DOUTORAMENTO_22\INSTRUMENTOS\Instrumentos_espectro_versão 3\CORDAS\VIOLINO\Phillarmonia\violin\violino mezzo-piano_arco-normal\violino_mezzo-piano_arco-normal05\violin_F#4_1_mezzo-piano_arco-normal.mp3,.mp3,ordinario
philharmonia,ordinario,mp,F#5,F:\DOUTORAMENTO_22\INSTRUMENTOS\Instrumentos_espectro_versão 3\CORDAS\VIOLINO\Phillarmonia\violin\violino mezzo-piano_arco-normal\violino_mezzo-piano_arco-normal05\violin_F#5_05_mezzo-piano_arco-normal.mp3,.mp3,ordinario
philharmonia,ordinario,mp,F#6,F:\DOUTORAMENTO_22\INSTRUMENTOS\Instrumentos_espectro_versão 3\CORDAS\VIOLINO\Phillarmonia\violin\violino mezzo-piano_arco-normal\violino_mezzo-piano_arco-normal05\violin_F#6_05_mezzo-piano_arco-normal.mp3,.mp3,ordinario
philharmonia,ordinario,mp,F4,F:\DOUTORAMENTO_22\INSTRUMENTOS\Instrumentos_espectro_versão 3\CORDAS\VIOLINO\Phillarmonia\violin\violino mezzo-piano_arco-normal\violino_mezzo-piano_arco-normal05\violin_F4_05_mezzo-piano_arco-normal.mp3,.mp3,ordinario
philharmonia,ordinario,mp,F6,F:\DOUTORAMENTO_22\INSTRUMENTOS\Instrumentos_espectro_versão 3\CORDAS\VIOLINO\Phillarmonia\violin\violino mezzo-piano_arco-normal\violino_mezzo-piano_arco-normal05\violin_F6_05_mezzo-piano_arco-normal.mp3,.mp3,ordinario
philharmonia,ordinario,mp,F7,F:\DOUTORAMENTO_22\INSTRUMENTOS\Instrumentos_espectro_versão 3\CORDAS\VIOLINO\Phillarmonia\violin\violino mezzo-piano_arco-normal\violino_mezzo-piano_arco-normal05\violin_F7_025_mezzo-piano_arco-normal.mp3,.mp3,ordinario
philharmonia,ordinario,mp,G#3,F:\DOUTORAMENTO_22\INSTRUMENTOS\Instrumentos_espectro_versão 3\CORDAS\VIOLINO\Phillarmonia\violin\violino mezzo-piano_arco-normal\violino_mezzo-piano_arco-normal05\violin_G#3_05_mezzo-piano_arco-normal.mp3,.mp3,ordinario
philharmonia,ordinario,mp,G#4,F:\DOUTORAMENTO_22\INSTRUMENTOS\Instrumentos_espectro_versão 3\CORDAS\VIOLINO\Phillarmonia\violin\violino mezzo-piano_arco-normal\violino_mezzo-piano_arco-normal05\violin_G#4_05_mezzo-piano_arco-normal.mp3,.mp3,ordinario
philharmonia,ordinario,mp,G#5,F:\DOUTORAMENTO_22\INSTRUMENTOS\Instrumentos_espectro_versão 3\CORDAS\VIOLINO\Phillarmonia\violin\violino mezzo-piano_arco-normal\violino_mezzo-piano_arco-normal05\violin_G#5_025_mezzo-piano_arco-normal.mp3,.mp3,ordinario
philharmonia,ordinario,mp,G#6,F:\DOUTORAMENTO_22\INSTRUMENTOS\Instrumentos_espectro_versão 3\CORDAS\VIOLINO\Phillarmonia\violin\violino mezzo-piano_arco-normal\violino_mezzo-piano_arco-normal05\violin_G#6_05_mezzo-piano_arco-normal.mp3,.mp3,ordinario
philharmonia,ordinario,mp,G3,F:\DOUTORAMENTO_22\INSTRUMENTOS\Instrumentos_espectro_versão 3\CORDAS\VIOLINO\Phillarmonia\violin\violino mezzo-piano_arco-normal\violino_mezzo-piano_arco-normal05\violin_G3_05_mezzo-piano_arco-normal.mp3,.mp3,ordinario
philharmonia,ordinario,mp,G4,F:\DOUTORAMENTO_22\INSTRUMENTOS\Instrumentos_espectro_versão 3\CORDAS\VIOLINO\Phillarmonia\violin\violino mezzo-piano_arco-normal\violino_mezzo-piano_arco-normal05\violin_G4_025_mezzo-piano_arco-normal.mp3,.mp3,ordinario
philharmonia,ordinario,mp,G5,F:\DOUTORAMENTO_22\INSTRUMENTOS\Instrumentos_espectro_versão 3\CORDAS\VIOLINO\Phillarmonia\violin\violino mezzo-piano_arco-normal\violino_mezzo-piano_arco-normal05\violin_G5_1_mezzo-piano_arco-normal.mp3,.mp3,ordinario
philharmonia,ordinario,mp,G6,F:\DOUTORAMENTO_22\INSTRUMENTOS\Instrumentos_espectro_versão 3\CORDAS\VIOLINO\Phillarmonia\violin\violino mezzo-piano_arco-normal\violino_mezzo-piano_arco-normal05\violin_G6_025_mezzo-piano_arco-normal.mp3,.mp3,ordinario
philharmonia,ordinario,mp,G7,F:\DOUTORAMENTO_22\INSTRUMENTOS\Instrumentos_espectro_versão 3\CORDAS\VIOLINO\Phillarmonia\violin\violino mezzo-piano_arco-normal\violino_mezzo-piano_arco-normal05\violin_G7_05_mezzo-piano_arco-normal.mp3,.mp3,ordinario
philharmonia,ordinario,pp,A#3,F:\DOUTORAMENTO_22\INSTRUMENTOS\Instrumentos_espectro_versão 3\CORDAS\VIOLINO\Phillarmonia\violin\violino pianissimo_arco-normal\violino_pianissimo_arco-normal15\violin_A#3_1_pianissimo_arco-normal.mp3,.mp3,ordinario
philharmonia,ordinario,pp,A#4,F:\DOUTORAMENTO_22\INSTRUMENTOS\Instrumentos_espectro_versão 3\CORDAS\VIOLINO\Phillarmonia\violin\violino pianissimo_arco-normal\violino_pianissimo_arco-normal15\violin_A#4_1_pianissimo_arco-normal.mp3,.mp3,ordinario
philharmonia,ordinario,pp,A#5,F:\DOUTORAMENTO_22\INSTRUMENTOS\Instrumentos_espectro_versão 3\CORDAS\VIOLINO\Phillarmonia\violin\violino pianissimo_arco-normal\violino_pianissimo_arco-normal15\violin_A#5_05_pianissimo_arco-normal.mp3,.mp3,ordinario
philharmonia,ordinario,pp,A#6,F:\DOUTORAMENTO_22\INSTRUMENTOS\Instrumentos_espectro_versão 3\CORDAS\VIOLINO\Phillarmonia\violin\violino pianissimo_arco-normal\violino_pianissimo_arco-normal15\violin_A#6_025_pianissimo_arco-normal.mp3,.mp3,ordinario
philharmonia,ordinario,pp,A#6,F:\DOUTORAMENTO_22\INSTRUMENTOS\Instrumentos_espectro_versão 3\CORDAS\VIOLINO\Phillarmonia\violin\violino pianissimo_arco-normal\violino_pianissimo_arco-normal15\violin_A#6_1_pianissimo_arco-normal.mp3,.mp3,ordinario
philharmonia,ordinario,pp,A3,F:\DOUTORAMENTO_22\INSTRUMENTOS\Instrumentos_espectro_versão 3\CORDAS\VIOLINO\Phillarmonia\violin\violino pianissimo_arco-normal\violino_pianissimo_arco-normal15\violin_A3_1_pianissimo_arco-normal.mp3,.mp3,ordinario
philharmonia,ordinario,pp,A4,F:\DOUTORAMENTO_22\INSTRUMENTOS\Instrumentos_espectro_versão 3\CORDAS\VIOLINO\Phillarmonia\violin\violino pianissimo_arco-normal\violino_pianissimo_arco-normal15\violin_A4_05_pianissimo_arco-normal.mp3,.mp3,ordinario
philharmonia,ordinario,pp,A5,F:\DOUTORAMENTO_22\INSTRUMENTOS\Instrumentos_espectro_versão 3\CORDAS\VIOLINO\Phillarmonia\violin\violino pianissimo_arco-normal\violino_pianissimo_arco-normal15\violin_A5_15_pianissimo_arco-normal.mp3,.mp3,ordinario
philharmonia,ordinario,pp,A6,F:\DOUTORAMENTO_22\INSTRUMENTOS\Instrumentos_espectro_versão 3\CORDAS\VIOLINO\Phillarmonia\violin\violino pianissimo_arco-normal\violino_pianissimo_arco-normal15\violin_A6_15_pianissimo_arco-normal.mp3,.mp3,ordinario
philharmonia,ordinario,pp,B3,F:\DOUTORAMENTO_22\INSTRUMENTOS\Instrumentos_espectro_versão 3\CORDAS\VIOLINO\Phillarmonia\violin\violino pianissimo_arco-normal\violino_pianissimo_arco-normal15\violin_B3_025_pianissimo_arco-normal.mp3,.mp3,ordinario
philharmonia,ordinario,pp,B4,F:\DOUTORAMENTO_22\INSTRUMENTOS\Instrumentos_espectro_versão 3\CORDAS\VIOLINO\Phillarmonia\violin\violino pianissimo_arco-normal\violino_pianissimo_arco-normal15\violin_B4_15_pianissimo_arco-normal.mp3,.mp3,ordinario
philharmonia,ordinario,pp,B5,F:\DOUTORAMENTO_22\INSTRUMENTOS\Instrumentos_espectro_versão 3\CORDAS\VIOLINO\Phillarmonia\violin\violino pianissimo_arco-normal\violino_pianissimo_arco-normal15\violin_B5_1_pianissimo_arco-normal.mp3,.mp3,ordinario
philharmonia,ordinario,pp,B6,F:\DOUTORAMENTO_22\INSTRUMENTOS\Instrumentos_espectro_versão 3\CORDAS\VIOLINO\Phillarmonia\violin\violino pianissimo_arco-normal\violino_pianissimo_arco-normal15\violin_B6_15_pianissimo_arco-normal.mp3,.mp3,ordinario
philharmonia,ordinario,pp,C#4,F:\DOUTORAMENTO_22\INSTRUMENTOS\Instrumentos_espectro_versão 3\CORDAS\VIOLINO\Phillarmonia\violin\violino pianissimo_arco-normal\violino_pianissimo_arco-normal15\violin_C#4_025_pianissimo_arco-normal.mp3,.mp3,ordinario
philharmonia,ordinario,pp,C#5,F:\DOUTORAMENTO_22\INSTRUMENTOS\Instrumentos_espectro_versão 3\CORDAS\VIOLINO\Phillarmonia\violin\violino pianissimo_arco-normal\violino_pianissimo_arco-normal15\violin_C#5_1_pianissimo_arco-normal.mp3,.mp3,ordinario
philharmonia,ordinario,pp,C#6,F:\DOUTORAMENTO_22\INSTRUMENTOS\Instrumentos_espectro_versão 3\CORDAS\VIOLINO\Phillarmonia\violin\violino pianissimo_arco-normal\violino_pianissimo_arco-normal15\violin_C#6_05_pianissimo_arco-normal.mp3,.mp3,ordinario
philharmonia,ordinario,pp,C4,F:\DOUTORAMENTO_22\INSTRUMENTOS\Instrumentos_espectro_versão 3\CORDAS\VIOLINO\Phillarmonia\violin\violino pianissimo_arco-normal\violino_pianissimo_arco-normal15\violin_C4_05_pianissimo_arco-normal.mp3,.mp3,ordinario
philharmonia,ordinario,pp,C5,F:\DOUTORAMENTO_22\INSTRUMENTOS\Instrumentos_espectro_versão 3\CORDAS\VIOLINO\Phillarmonia\violin\violino pianissimo_arco-normal\violino_pianissimo_arco-normal15\violin_C5_1_pianissimo_arco-normal.mp3,.mp3,ordinario
philharmonia,ordinario,pp,C6,F:\DOUTORAMENTO_22\INSTRUMENTOS\Instrumentos_espectro_versão 3\CORDAS\VIOLINO\Phillarmonia\violin\violino pianissimo_arco-normal\violino_pianissimo_arco-normal15\violin_C6_025_pianissimo_arco-normal.mp3,.mp3,ordinario
philharmonia,ordinario,pp,C7,F:\DOUTORAMENTO_22\INSTRUMENTOS\Instrumentos_espectro_versão 3\CORDAS\VIOLINO\Phillarmonia\violin\violino pianissimo_arco-normal\violino_pianissimo_arco-normal15\violin_C7_1_pianissimo_arco-normal.mp3,.mp3,ordinario
philharmonia,ordinario,pp,D#5,F:\DOUTORAMENTO_22\INSTRUMENTOS\Instrumentos_espectro_versão 3\CORDAS\VIOLINO\Phillarmonia\violin\violino pianissimo_arco-normal\violino_pianissimo_arco-normal15\violin_D#5_05_pianissimo_arco-normal.mp3,.mp3,ordinario
philharmonia,ordinario,pp,D#6,F:\DOUTORAMENTO_22\INSTRUMENTOS\Instrumentos_espectro_versão 3\CORDAS\VIOLINO\Phillarmonia\violin\violino pianissimo_arco-normal\violino_pianissimo_arco-normal15\violin_D#6_15_pianissimo_arco-normal.mp3,.mp3,ordinario
philharmonia,ordinario,pp,D#7,F:\DOUTORAMENTO_22\INSTRUMENTOS\Instrumentos_espectro_versão 3\CORDAS\VIOLINO\Phillarmonia\violin\violino pianissimo_arco-normal\violino_pianissimo_arco-normal15\violin_D#7_025_pianissimo_arco-normal.mp3,.mp3,ordinario
philharmonia,ordinario,pp,D5,F:\DOUTORAMENTO_22\INSTRUMENTOS\Instrumentos_espectro_versão 3\CORDAS\VIOLINO\Phillarmonia\violin\violino pianissimo_arco-normal\violino_pianissimo_arco-normal15\violin_D5_15_pianissimo_arco-normal.mp3,.mp3,ordinario
philharmonia,ordinario,pp,D6,F:\DOUTORAMENTO_22\INSTRUMENTOS\Instrumentos_espectro_versão 3\CORDAS\VIOLINO\Phillarmonia\violin\violino pianissimo_arco-normal\violino_pianissimo_arco-normal15\violin_D6_1_pianissimo_arco-normal.mp3,.mp3,ordinario
philharmonia,ordinario,pp,D7,F:\DOUTORAMENTO_22\INSTRUMENTOS\Instrumentos_espectro_versão 3\CORDAS\VIOLINO\Phillarmonia\violin\violino pianissimo_arco-normal\violino_pianissimo_arco-normal15\violin_D7_1_pianissimo_arco-normal.mp3,.mp3,ordinario
philharmonia,ordinario,pp,E4,F:\DOUTORAMENTO_22\INSTRUMENTOS\Instrumentos_espectro_versão 3\CORDAS\VIOLINO\Phillarmonia\violin\violino pianissimo_arco-normal\violino_pianissimo_arco-normal15\violin_E4_025_pianissimo_arco-normal.mp3,.mp3,ordinario
philharmonia,ordinario,pp,E5,F:\DOUTORAMENTO_22\INSTRUMENTOS\Instrumentos_espectro_versão 3\CORDAS\VIOLINO\Phillarmonia\violin\violino pianissimo_arco-normal\violino_pianissimo_arco-normal15\violin_E5_15_pianissimo_arco-normal.mp3,.mp3,ordinario
philharmonia,ordinario,pp,E6,F:\DOUTORAMENTO_22\INSTRUMENTOS\Instrumentos_espectro_versão 3\CORDAS\VIOLINO\Phillarmonia\violin\violino pianissimo_arco-normal\violino_pianissimo_arco-normal15\violin_E6_1_pianissimo_arco-normal.mp3,.mp3,ordinario
philharmonia,ordinario,pp,E7,F:\DOUTORAMENTO_22\INSTRUMENTOS\Instrumentos_espectro_versão 3\CORDAS\VIOLINO\Phillarmonia\violin\violino pianissimo_arco-normal\violino_pianissimo_arco-normal15\violin_E7_15_pianissimo_arco-normal.mp3,.mp3,ordinario
philharmonia,ordinario,pp,F#4,F:\DOUTORAMENTO_22\INSTRUMENTOS\Instrumentos_espectro_versão 3\CORDAS\VIOLINO\Phillarmonia\violin\violino pianissimo_arco-normal\violino_pianissimo_arco-normal15\violin_F#4_1_pianissimo_arco-normal.mp3,.mp3,ordinario
philharmonia,ordinario,pp,F#5,F:\DOUTORAMENTO_22\INSTRUMENTOS\Instrumentos_espectro_versão 3\CORDAS\VIOLINO\Phillarmonia\violin\violino pianissimo_arco-normal\violino_pianissimo_arco-normal15\violin_F#5_05_pianissimo_arco-normal.mp3,.mp3,ordinario
philharmonia,ordinario,pp,F#6,F:\DOUTORAMENTO_22\INSTRUMENTOS\Instrumentos_espectro_versão 3\CORDAS\VIOLINO\Phillarmonia\violin\violino pianissimo_arco-normal\violino_pianissimo_arco-normal15\violin_F#6_1_pianissimo_arco-normal.mp3,.mp3,ordinario
philharmonia,ordinario,pp,F#7,F:\DOUTORAMENTO_22\INSTRUMENTOS\Instrumentos_espectro_versão 3\CORDAS\VIOLINO\Phillarmonia\violin\violino pianissimo_arco-normal\violino_pianissimo_arco-normal15\violin_F#7_15_pianissimo_arco-normal.mp3,.mp3,ordinario
philharmonia,ordinario,pp,F4,F:\DOUTORAMENTO_22\INSTRUMENTOS\Instrumentos_espectro_versão 3\CORDAS\VIOLINO\Phillarmonia\violin\violino pianissimo_arco-normal\violino_pianissimo_arco-normal15\violin_F4_1_pianissimo_arco-normal.mp3,.mp3,ordinario
philharmonia,ordinario,pp,F5,F:\DOUTORAMENTO_22\INSTRUMENTOS\Instrumentos_espectro_versão 3\CORDAS\VIOLINO\Phillarmonia\violin\violino pianissimo_arco-normal\violino_pianissimo_arco-normal15\violin_F5_15_pianissimo_arco-normal.mp3,.mp3,ordinario
philharmonia,ordinario,pp,F6,F:\DOUTORAMENTO_22\INSTRUMENTOS\Instrumentos_espectro_versão 3\CORDAS\VIOLINO\Phillarmonia\violin\violino pianissimo_arco-normal\violino_pianissimo_arco-normal15\violin_F6_1_pianissimo_arco-normal.mp3,.mp3,ordinario
philharmonia,ordinario,pp,F7,F:\DOUTORAMENTO_22\INSTRUMENTOS\Instrumentos_espectro_versão 3\CORDAS\VIOLINO\Phillarmonia\violin\violino pianissimo_arco-normal\violino_pianissimo_arco-normal15\violin_F7_15_pianissimo_arco-normal.mp3,.mp3,ordinario
philharmonia,ordinario,pp,G#3,F:\DOUTORAMENTO_22\INSTRUMENTOS\Instrumentos_espectro_versão 3\CORDAS\VIOLINO\Phillarmonia\violin\violino pianissimo_arco-normal\violino_pianissimo_arco-normal15\violin_G#3_1_pianissimo_arco-normal.mp3,.mp3,ordinario
philharmonia,ordinario,pp,G#4,F:\DOUTORAMENTO_22\INSTRUMENTOS\Instrumentos_espectro_versão 3\CORDAS\VIOLINO\Phillarmonia\violin\violino pianissimo_arco-normal\violino_pianissimo_arco-normal15\violin_G#4_15_pianissimo_arco-normal.mp3,.mp3,ordinario
philharmonia,ordinario,pp,G#5,F:\DOUTORAMENTO_22\INSTRUMENTOS\Instrumentos_espectro_versão 3\CORDAS\VIOLINO\Phillarmonia\violin\violino pianissimo_arco-normal\violino_pianissimo_arco-normal15\violin_G#5_05_pianissimo_arco-normal.mp3,.mp3,ordinario
philharmonia,ordinario,pp,G#6,F:\DOUTORAMENTO_22\INSTRUMENTOS\Instrumentos_espectro_versão 3\CORDAS\VIOLINO\Phillarmonia\violin\violino pianissimo_arco-normal\violino_pianissimo_arco-normal15\violin_G#6_05_pianissimo_arco-normal.mp3,.mp3,ordinario
philharmonia,ordinario,pp,G3,F:\DOUTORAMENTO_22\INSTRUMENTOS\Instrumentos_espectro_versão 3\CORDAS\VIOLINO\Phillarmonia\violin\violino pianissimo_arco-normal\violino_pianissimo_arco-normal15\violin_G3_025_pianissimo_arco-normal.mp3,.mp3,ordinario
philharmonia,ordinario,pp,G3,F:\DOUTORAMENTO_22\INSTRUMENTOS\Instrumentos_espectro_versão 3\CORDAS\VIOLINO\Phillarmonia\violin\violino pianissimo_arco-normal\violino_pianissimo_arco-normal15\violin_G3_1_pianissimo_arco-normal.mp3,.mp3,ordinario
philharmonia,ordinario,pp,G4,F:\DOUTORAMENTO_22\INSTRUMENTOS\Instrumentos_espectro_versão 3\CORDAS\VIOLINO\Phillarmonia\violin\violino pianissimo_arco-normal\violino_pianissimo_arco-normal15\violin_G4_1_pianissimo_arco-normal.mp3,.mp3,ordinario
philharmonia,ordinario,pp,G5,F:\DOUTORAMENTO_22\INSTRUMENTOS\Instrumentos_espectro_versão 3\CORDAS\VIOLINO\Phillarmonia\violin\violino pianissimo_arco-normal\violino_pianissimo_arco-normal15\violin_G5_15_pianissimo_arco-normal.mp3,.mp3,ordinario
philharmonia,ordinario,pp,G6,F:\DOUTORAMENTO_22\INSTRUMENTOS\Instrumentos_espectro_versão 3\CORDAS\VIOLINO\Phillarmonia\violin\violino pianissimo_arco-normal\violino_pianissimo_arco-normal15\violin_G6_15_pianissimo_arco-normal.mp3,.mp3,ordinario
philharmonia,ordinario,pp,G7,F:\DOUTORAMENTO_22\INSTRUMENTOS\Instrumentos_espectro_versão 3\CORDAS\VIOLINO\Phillarmonia\violin\violino pianissimo_arco-normal\violino_pianissimo_arco-normal15\violin_G7_025_pianissimo_arco-normal.mp3,.mp3,ordinario
philharmonia,ordinario,pp,G7,F:\DOUTORAMENTO_22\INSTRUMENTOS\Instrumentos_espectro_versão 3\CORDAS\VIOLINO\Phillarmonia\violin\violino pianissimo_arco-normal\violino_pianissimo_arco-normal15\violin_G7_15_pianissimo_arco-normal.mp3,.mp3,ordinario
philharmonia,ordinario,p,A#3,F:\DOUTORAMENTO_22\INSTRUMENTOS\Instrumentos_espectro_versão 3\CORDAS\VIOLINO\Phillarmonia\violin\violino piano_arco-normal\violino_piano_arco-normal1\violin_A#3_1_piano_arco-normal.mp3,.mp3,ordinario
philharmonia,ordinario,p,A#4,F:\DOUTORAMENTO_22\INSTRUMENTOS\Instrumentos_espectro_versão 3\CORDAS\VIOLINO\Phillarmonia\violin\violino piano_arco-normal\violino_piano_arco-normal1\violin_A#4_05_piano_arco-normal.mp3,.mp3,ordinario
philharmonia,ordinario,p,A#5,F:\DOUTORAMENTO_22\INSTRUMENTOS\Instrumentos_espectro_versão 3\CORDAS\VIOLINO\Phillarmonia\violin\violino piano_arco-normal\violino_piano_arco-normal1\violin_A#5_05_piano_arco-normal.mp3,.mp3,ordinario
philharmonia,ordinario,p,A#6,F:\DOUTORAMENTO_22\INSTRUMENTOS\Instrumentos_espectro_versão 3\CORDAS\VIOLINO\Phillarmonia\violin\violino piano_arco-normal\violino_piano_arco-normal1\violin_A#6_1_piano_arco-normal.mp3,.mp3,ordinario
philharmonia,ordinario,p,A3,F:\DOUTORAMENTO_22\INSTRUMENTOS\Instrumentos_espectro_versão 3\CORDAS\VIOLINO\Phillarmonia\violin\violino piano_arco-normal\violino_piano_arco-normal1\violin_A3_1_piano_arco-normal.mp3,.mp3,ordinario
philharmonia,ordinario,p,A4,F:\DOUTORAMENTO_22\INSTRUMENTOS\Instrumentos_espectro_versão 3\CORDAS\VIOLINO\Phillarmonia\violin\violino piano_arco-normal\violino_piano_arco-normal1\violin_A4_05_piano_arco-normal.mp3,.mp3,ordinario
philharmonia,ordinario,p,A6,F:\DOUTORAMENTO_22\INSTRUMENTOS\Instrumentos_espectro_versão 3\CORDAS\VIOLINO\Phillarmonia\violin\violino piano_arco-normal\violino_piano_arco-normal1\violin_A6_1_piano_arco-normal.mp3,.mp3,ordinario
philharmonia,ordinario,p,B3,F:\DOUTORAMENTO_22\INSTRUMENTOS\Instrumentos_espectro_versão 3\CORDAS\VIOLINO\Phillarmonia\violin\violino piano_arco-normal\violino_piano_arco-normal1\violin_B3_05_piano_arco-normal.mp3,.mp3,ordinario
philharmonia,ordinario,p,B4,F:\DOUTORAMENTO_22\INSTRUMENTOS\Instrumentos_espectro_versão 3\CORDAS\VIOLINO\Phillarmonia\violin\violino piano_arco-normal\violino_piano_arco-normal1\violin_B4_05_piano_arco-normal.mp3,.mp3,ordinario
philharmonia,ordinario,p,B5,F:\DOUTORAMENTO_22\INSTRUMENTOS\Instrumentos_espectro_versão 3\CORDAS\VIOLINO\Phillarmonia\violin\violino piano_arco-normal\violino_piano_arco-normal1\violin_B5_05_piano_arco-normal.mp3,.mp3,ordinario
philharmonia,ordinario,p,B6,F:\DOUTORAMENTO_22\INSTRUMENTOS\Instrumentos_espectro_versão 3\CORDAS\VIOLINO\Phillarmonia\violin\violino piano_arco-normal\violino_piano_arco-normal1\violin_B6_1_piano_arco-normal.mp3,.mp3,ordinario
philharmonia,ordinario,p,C#4,F:\DOUTORAMENTO_22\INSTRUMENTOS\Instrumentos_espectro_versão 3\CORDAS\VIOLINO\Phillarmonia\violin\violino piano_arco-normal\violino_piano_arco-normal1\violin_C#4_1_piano_arco-normal.mp3,.mp3,ordinario
philharmonia,ordinario,p,C#5,F:\DOUTORAMENTO_22\INSTRUMENTOS\Instrumentos_espectro_versão 3\CORDAS\VIOLINO\Phillarmonia\violin\violino piano_arco-normal\violino_piano_arco-normal1\violin_C#5_05_piano_arco-normal.mp3,.mp3,ordinario
philharmonia,ordinario,p,C#6,F:\DOUTORAMENTO_22\INSTRUMENTOS\Instrumentos_espectro_versão 3\CORDAS\VIOLINO\Phillarmonia\violin\violino piano_arco-normal\violino_piano_arco-normal1\violin_C#6_1_piano_arco-normal.mp3,.mp3,ordinario
philharmonia,ordinario,p,C#7,F:\DOUTORAMENTO_22\INSTRUMENTOS\Instrumentos_espectro_versão 3\CORDAS\VIOLINO\Phillarmonia\violin\violino piano_arco-normal\violino_piano_arco-normal1\violin_C#7_15_piano_arco-normal.mp3,.mp3,ordinario
philharmonia,ordinario,p,C4,F:\DOUTORAMENTO_22\INSTRUMENTOS\Instrumentos_espectro_versão 3\CORDAS\VIOLINO\Phillarmonia\violin\violino piano_arco-normal\violino_piano_arco-normal1\violin_C4_025_piano_arco-normal.mp3,.mp3,ordinario
philharmonia,ordinario,p,C5,F:\DOUTORAMENTO_22\INSTRUMENTOS\Instrumentos_espectro_versão 3\CORDAS\VIOLINO\Phillarmonia\violin\violino piano_arco-normal\violino_piano_arco-normal1\violin_C5_05_piano_arco-normal.mp3,.mp3,ordinario
philharmonia,ordinario,p,C6,F:\DOUTORAMENTO_22\INSTRUMENTOS\Instrumentos_espectro_versão 3\CORDAS\VIOLINO\Phillarmonia\violin\violino piano_arco-normal\violino_piano_arco-normal1\violin_C6_1_piano_arco-normal.mp3,.mp3,ordinario
philharmonia,ordinario,p,C7,F:\DOUTORAMENTO_22\INSTRUMENTOS\Instrumentos_espectro_versão 3\CORDAS\VIOLINO\Phillarmonia\violin\violino piano_arco-normal\violino_piano_arco-normal1\violin_C7_05_piano_arco-normal.mp3,.mp3,ordinario
philharmonia,ordinario,p,D#4,F:\DOUTORAMENTO_22\INSTRUMENTOS\Instrumentos_espectro_versão 3\CORDAS\VIOLINO\Phillarmonia\violin\violino piano_arco-normal\violino_piano_arco-normal1\violin_D#4_05_piano_arco-normal.mp3,.mp3,ordinario
philharmonia,ordinario,p,D#5,F:\DOUTORAMENTO_22\INSTRUMENTOS\Instrumentos_espectro_versão 3\CORDAS\VIOLINO\Phillarmonia\violin\violino piano_arco-normal\violino_piano_arco-normal1\violin_D#5_05_piano_arco-normal.mp3,.mp3,ordinario
philharmonia,ordinario,p,D#6,F:\DOUTORAMENTO_22\INSTRUMENTOS\Instrumentos_espectro_versão 3\CORDAS\VIOLINO\Phillarmonia\violin\violino piano_arco-normal\violino_piano_arco-normal1\violin_D#6_05_piano_arco-normal.mp3,.mp3,ordinario
philharmonia,ordinario,p,D#7,F:\DOUTORAMENTO_22\INSTRUMENTOS\Instrumentos_espectro_versão 3\CORDAS\VIOLINO\Phillarmonia\violin\violino piano_arco-normal\violino_piano_arco-normal1\violin_D#7_1_piano_arco-normal.mp3,.mp3,ordinario
philharmonia,ordinario,p,D4,F:\DOUTORAMENTO_22\INSTRUMENTOS\Instrumentos_espectro_versão 3\CORDAS\VIOLINO\Phillarmonia\violin\violino piano_arco-normal\violino_piano_arco-normal1\violin_D4_15_piano_arco-normal.mp3,.mp3,ordinario
philharmonia,ordinario,p,D5,F:\DOUTORAMENTO_22\INSTRUMENTOS\Instrumentos_espectro_versão 3\CORDAS\VIOLINO\Phillarmonia\violin\violino piano_arco-normal\violino_piano_arco-normal1\violin_D5_025_piano_arco-normal.mp3,.mp3,ordinario
philharmonia,ordinario,p,D6,F:\DOUTORAMENTO_22\INSTRUMENTOS\Instrumentos_espectro_versão 3\CORDAS\VIOLINO\Phillarmonia\violin\violino piano_arco-normal\violino_piano_arco-normal1\violin_D6_15_piano_arco-normal.mp3,.mp3,ordinario
philharmonia,ordinario,p,D7,F:\DOUTORAMENTO_22\INSTRUMENTOS\Instrumentos_espectro_versão 3\CORDAS\VIOLINO\Phillarmonia\violin\violino piano_arco-normal\violino_piano_arco-normal1\violin_D7_05_piano_arco-normal.mp3,.mp3,ordinario
philharmonia,ordinario,p,E4,F:\DOUTORAMENTO_22\INSTRUMENTOS\Instrumentos_espectro_versão 3\CORDAS\VIOLINO\Phillarmonia\violin\violino piano_arco-normal\violino_piano_arco-normal1\violin_E4_025_piano_arco-normal.mp3,.mp3,ordinario
philharmonia,ordinario,p,E4,F:\DOUTORAMENTO_22\INSTRUMENTOS\Instrumentos_espectro_versão 3\CORDAS\VIOLINO\Phillarmonia\violin\violino piano_arco-normal\violino_piano_arco-normal1\violin_E4_15_piano_arco-normal.mp3,.mp3,ordinario
philharmonia,ordinario,p,E5,F:\DOUTORAMENTO_22\INSTRUMENTOS\Instrumentos_espectro_versão 3\CORDAS\VIOLINO\Phillarmonia\violin\violino piano_arco-normal\violino_piano_arco-normal1\violin_E5_025_piano_arco-normal.mp3,.mp3,ordinario
philharmonia,ordinario,p,E6,F:\DOUTORAMENTO_22\INSTRUMENTOS\Instrumentos_espectro_versão 3\CORDAS\VIOLINO\Phillarmonia\violin\violino piano_arco-normal\violino_piano_arco-normal1\violin_E6_1_piano_arco-normal.mp3,.mp3,ordinario
philharmonia,ordinario,p,E7,F:\DOUTORAMENTO_22\INSTRUMENTOS\Instrumentos_espectro_versão 3\CORDAS\VIOLINO\Phillarmonia\violin\violino piano_arco-normal\violino_piano_arco-normal1\violin_E7_15_piano_arco-normal.mp3,.mp3,ordinario
philharmonia,ordinario,p,F#4,F:\DOUTORAMENTO_22\INSTRUMENTOS\Instrumentos_espectro_versão 3\CORDAS\VIOLINO\Phillarmonia\violin\violino piano_arco-normal\violino_piano_arco-normal1\violin_F#4_025_piano_arco-normal.mp3,.mp3,ordinario
philharmonia,ordinario,p,F#5,F:\DOUTORAMENTO_22\INSTRUMENTOS\Instrumentos_espectro_versão 3\CORDAS\VIOLINO\Phillarmonia\violin\violino piano_arco-normal\violino_piano_arco-normal1\violin_F#5_05_piano_arco-normal.mp3,.mp3,ordinario
philharmonia,ordinario,p,F#6,F:\DOUTORAMENTO_22\INSTRUMENTOS\Instrumentos_espectro_versão 3\CORDAS\VIOLINO\Phillarmonia\violin\violino piano_arco-normal\violino_piano_arco-normal1\violin_F#6_05_piano_arco-normal.mp3,.mp3,ordinario
philharmonia,ordinario,p,F#7,F:\DOUTORAMENTO_22\INSTRUMENTOS\Instrumentos_espectro_versão 3\CORDAS\VIOLINO\Phillarmonia\violin\violino piano_arco-normal\violino_piano_arco-normal1\violin_F#7_15_piano_arco-normal.mp3,.mp3,ordinario
philharmonia,ordinario,p,F4,F:\DOUTORAMENTO_22\INSTRUMENTOS\Instrumentos_espectro_versão 3\CORDAS\VIOLINO\Phillarmonia\violin\violino piano_arco-normal\violino_piano_arco-normal1\violin_F4_05_piano_arco-normal.mp3,.mp3,ordinario
philharmonia,ordinario,p,F5,F:\DOUTORAMENTO_22\INSTRUMENTOS\Instrumentos_espectro_versão 3\CORDAS\VIOLINO\Phillarmonia\violin\violino piano_arco-normal\violino_piano_arco-normal1\violin_F5_15_piano_arco-normal.mp3,.mp3,ordinario
philharmonia,ordinario,p,F6,F:\DOUTORAMENTO_22\INSTRUMENTOS\Instrumentos_espectro_versão 3\CORDAS\VIOLINO\Phillarmonia\violin\violino piano_arco-normal\violino_piano_arco-normal1\violin_F6_025_piano_arco-normal.mp3,.mp3,ordinario
philharmonia,ordinario,p,F7,F:\DOUTORAMENTO_22\INSTRUMENTOS\Instrumentos_espectro_versão 3\CORDAS\VIOLINO\Phillarmonia\violin\violino piano_arco-normal\violino_piano_arco-normal1\violin_F7_1_piano_arco-normal.mp3,.mp3,ordinario
philharmonia,ordinario,p,G#3,F:\DOUTORAMENTO_22\INSTRUMENTOS\Instrumentos_espectro_versão 3\CORDAS\VIOLINO\Phillarmonia\violin\violino piano_arco-normal\violino_piano_arco-normal1\violin_G#3_1_piano_arco-normal.mp3,.mp3,ordinario
philharmonia,ordinario,p,G#4,F:\DOUTORAMENTO_22\INSTRUMENTOS\Instrumentos_espectro_versão 3\CORDAS\VIOLINO\Phillarmonia\violin\violino piano_arco-normal\violino_piano_arco-normal1\violin_G#4_05_piano_arco-normal.mp3,.mp3,ordinario
philharmonia,ordinario,p,G#5,F:\DOUTORAMENTO_22\INSTRUMENTOS\Instrumentos_espectro_versão 3\CORDAS\VIOLINO\Phillarmonia\violin\violino piano_arco-normal\violino_piano_arco-normal1\violin_G#5_1_piano_arco-normal.mp3,.mp3,ordinario
philharmonia,ordinario,p,G#6,F:\DOUTORAMENTO_22\INSTRUMENTOS\Instrumentos_espectro_versão 3\CORDAS\VIOLINO\Phillarmonia\violin\violino piano_arco-normal\violino_piano_arco-normal1\violin_G#6_05_piano_arco-normal.mp3,.mp3,ordinario
philharmonia,ordinario,p,G3,F:\DOUTORAMENTO_22\INSTRUMENTOS\Instrumentos_espectro_versão 3\CORDAS\VIOLINO\Phillarmonia\violin\violino piano_arco-normal\violino_piano_arco-normal1\violin_G3_1_piano_arco-normal.mp3,.mp3,ordinario
philharmonia,ordinario,p,G4,F:\DOUTORAMENTO_22\INSTRUMENTOS\Instrumentos_espectro_versão 3\CORDAS\VIOLINO\Phillarmonia\violin\violino piano_arco-normal\violino_piano_arco-normal1\violin_G4_05_piano_arco-normal.mp3,.mp3,ordinario
philharmonia,ordinario,p,G5,F:\DOUTORAMENTO_22\INSTRUMENTOS\Instrumentos_espectro_versão 3\CORDAS\VIOLINO\Phillarmonia\violin\violino piano_arco-normal\violino_piano_arco-normal1\violin_G5_025_piano_arco-normal.mp3,.mp3,ordinario
philharmonia,ordinario,p,G6,F:\DOUTORAMENTO_22\INSTRUMENTOS\Instrumentos_espectro_versão 3\CORDAS\VIOLINO\Phillarmonia\violin\violino piano_arco-normal\violino_piano_arco-normal1\violin_G6_05_piano_arco-normal.mp3,.mp3,ordinario
philharmonia,ordinario,p,G7,F:\DOUTORAMENTO_22\INSTRUMENTOS\Instrumentos_espectro_versão 3\CORDAS\VIOLINO\Phillarmonia\violin\violino piano_arco-normal\violino_piano_arco-normal1\violin_G7_05_piano_arco-normal.mp3,.mp3,ordinario
mcgill,natural_harmonic,mf,A5,F:\DOUTORAMENTO_22\INSTRUMENTOS\Instrumentos_espectro_versão 3\CORDAS\VIOLINO\Vln_McGill\VIOLIN HARMONICS_NATURAL\VlnA5_2.45sec.wav,.wav,harmonic
mcgill,natural_harmonic,mf,A5,F:\DOUTORAMENTO_22\INSTRUMENTOS\Instrumentos_espectro_versão 3\CORDAS\VIOLINO\Vln_McGill\VIOLIN HARMONICS_NATURAL\VlnA5_2.90sec.wav,.wav,harmonic
mcgill,natural_harmonic,mf,B5,F:\DOUTORAMENTO_22\INSTRUMENTOS\Instrumentos_espectro_versão 3\CORDAS\VIOLINO\Vln_McGill\VIOLIN HARMONICS_NATURAL\VlnB5_2.35sec.wav,.wav,harmonic
mcgill,natural_harmonic,mf,B6,F:\DOUTORAMENTO_22\INSTRUMENTOS\Instrumentos_espectro_versão 3\CORDAS\VIOLINO\Vln_McGill\VIOLIN HARMONICS_NATURAL\VlnB6_3.18sec.wav,.wav,harmonic
mcgill,natural_harmonic,mf,C#7,F:\DOUTORAMENTO_22\INSTRUMENTOS\Instrumentos_espectro_versão 3\CORDAS\VIOLINO\Vln_McGill\VIOLIN HARMONICS_NATURAL\VlnC#7_2.86sec.wav,.wav,harmonic
mcgill,natural_harmonic,mf,D5,F:\DOUTORAMENTO_22\INSTRUMENTOS\Instrumentos_espectro_versão 3\CORDAS\VIOLINO\Vln_McGill\VIOLIN HARMONICS_NATURAL\VlnD5_2.96sec.wav,.wav,harmonic
mcgill,natural_harmonic,mf,D5,F:\DOUTORAMENTO_22\INSTRUMENTOS\Instrumentos_espectro_versão 3\CORDAS\VIOLINO\Vln_McGill\VIOLIN HARMONICS_NATURAL\VlnD5_2.99sec.wav,.wav,harmonic
mcgill,natural_harmonic,mf,E6,F:\DOUTORAMENTO_22\INSTRUMENTOS\Instrumentos_espectro_versão 3\CORDAS\VIOLINO\Vln_McGill\VIOLIN HARMONICS_NATURAL\VlnE6_2.52sec.wav,.wav,harmonic
mcgill,natural_harmonic,mf,E6,F:\DOUTORAMENTO_22\INSTRUMENTOS\Instrumentos_espectro_versão 3\CORDAS\VIOLINO\Vln_McGill\VIOLIN HARMONICS_NATURAL\VlnE6_2.54sec.wav,.wav,harmonic
mcgill,natural_harmonic,mf,F#6,F:\DOUTORAMENTO_22\INSTRUMENTOS\Instrumentos_espectro_versão 3\CORDAS\VIOLINO\Vln_McGill\VIOLIN HARMONICS_NATURAL\VlnF#6_2.61sec.wav,.wav,harmonic
mcgill,natural_harmonic,mf,G#7,F:\DOUTORAMENTO_22\INSTRUMENTOS\Instrumentos_espectro_versão 3\CORDAS\VIOLINO\Vln_McGill\VIOLIN HARMONICS_NATURAL\VlnG#7_2.34sec.wav,.wav,harmonic
mcgill,natural_harmonic,mf,G4,F:\DOUTORAMENTO_22\INSTRUMENTOS\Instrumentos_espectro_versão 3\CORDAS\VIOLINO\Vln_McGill\VIOLIN HARMONICS_NATURAL\VlnG4_3.10sec.wav,.wav,harmonic
mcgill,artificial_harmonic,mf,A#6,F:\DOUTORAMENTO_22\INSTRUMENTOS\Instrumentos_espectro_versão 3\CORDAS\VIOLINO\Vln_McGill\VIOLIN HARMONICS_ARTIFICIAL\VlnA#6_3.00sec.wav,.wav,harmonic
mcgill,artificial_harmonic,mf,A6,F:\DOUTORAMENTO_22\INSTRUMENTOS\Instrumentos_espectro_versão 3\CORDAS\VIOLINO\Vln_McGill\VIOLIN HARMONICS_ARTIFICIAL\VlnA6_2.76sec.wav,.wav,harmonic
mcgill,artificial_harmonic,mf,B6,F:\DOUTORAMENTO_22\INSTRUMENTOS\Instrumentos_espectro_versão 3\CORDAS\VIOLINO\Vln_McGill\VIOLIN HARMONICS_ARTIFICIAL\VlnB6_2.86sec.wav,.wav,harmonic
mcgill,artificial_harmonic,mf,C#7,F:\DOUTORAMENTO_22\INSTRUMENTOS\Instrumentos_espectro_versão 3\CORDAS\VIOLINO\Vln_McGill\VIOLIN HARMONICS_ARTIFICIAL\VlnC#7_3.07sec.wav,.wav,harmonic
mcgill,artificial_harmonic,mf,C7,F:\DOUTORAMENTO_22\INSTRUMENTOS\Instrumentos_espectro_versão 3\CORDAS\VIOLINO\Vln_McGill\VIOLIN HARMONICS_ARTIFICIAL\VlnC7_3.20sec.wav,.wav,harmonic
mcgill,artificial_harmonic,mf,D#7,F:\DOUTORAMENTO_22\INSTRUMENTOS\Instrumentos_espectro_versão 3\CORDAS\VIOLINO\Vln_McGill\VIOLIN HARMONICS_ARTIFICIAL\VlnD#7_3.26sec.wav,.wav,harmonic
mcgill,artificial_harmonic,mf,D7,F:\DOUTORAMENTO_22\INSTRUMENTOS\Instrumentos_espectro_versão 3\CORDAS\VIOLINO\Vln_McGill\VIOLIN HARMONICS_ARTIFICIAL\VlnD7_3.44sec.wav,.wav,harmonic
mcgill,artificial_harmonic,mf,E7,F:\DOUTORAMENTO_22\INSTRUMENTOS\Instrumentos_espectro_versão 3\CORDAS\VIOLINO\Vln_McGill\VIOLIN HARMONICS_ARTIFICIAL\VlnE7_3.04sec.wav,.wav,harmonic
mcgill,artificial_harmonic,mf,F#7,F:\DOUTORAMENTO_22\INSTRUMENTOS\Instrumentos_espectro_versão 3\CORDAS\VIOLINO\Vln_McGill\VIOLIN HARMONICS_ARTIFICIAL\VlnF#7_3.16sec.wav,.wav,harmonic
mcgill,artificial_harmonic,mf,F7,F:\DOUTORAMENTO_22\INSTRUMENTOS\Instrumentos_espectro_versão 3\CORDAS\VIOLINO\Vln_McGill\VIOLIN HARMONICS_ARTIFICIAL\VlnF7_2.97sec.wav,.wav,harmonic
mcgill,artificial_harmonic,mf,G#6,F:\DOUTORAMENTO_22\INSTRUMENTOS\Instrumentos_espectro_versão 3\CORDAS\VIOLINO\Vln_McGill\VIOLIN HARMONICS_ARTIFICIAL\VlnG#6_3.18sec.wav,.wav,harmonic
mcgill,artificial_harmonic,mf,G#7,F:\DOUTORAMENTO_22\INSTRUMENTOS\Instrumentos_espectro_versão 3\CORDAS\VIOLINO\Vln_McGill\VIOLIN HARMONICS_ARTIFICIAL\VlnG#7_3.60sec.wav,.wav,harmonic
mcgill,artificial_harmonic,mf,G7,F:\DOUTORAMENTO_22\INSTRUMENTOS\Instrumentos_espectro_versão 3\CORDAS\VIOLINO\Vln_McGill\VIOLIN HARMONICS_ARTIFICIAL\VlnG7_3.63sec.wav,.wav,harmonic
mcgill,ordinario,unknown,A#3,F:\DOUTORAMENTO_22\INSTRUMENTOS\Instrumentos_espectro_versão 3\CORDAS\VIOLINO\Vln_McGill\VIOLIN 1 NON VIBRATO\VlnA#3_8.58sec.wav,.wav,ordinario
mcgill,ordinario,unknown,A#4,F:\DOUTORAMENTO_22\INSTRUMENTOS\Instrumentos_espectro_versão 3\CORDAS\VIOLINO\Vln_McGill\VIOLIN 1 NON VIBRATO\VlnA#4_5.25sec.wav,.wav,ordinario
mcgill,ordinario,unknown,A#5,F:\DOUTORAMENTO_22\INSTRUMENTOS\Instrumentos_espectro_versão 3\CORDAS\VIOLINO\Vln_McGill\VIOLIN 1 NON VIBRATO\VlnA#5_4.74sec.wav,.wav,ordinario
mcgill,ordinario,unknown,A3,F:\DOUTORAMENTO_22\INSTRUMENTOS\Instrumentos_espectro_versão 3\CORDAS\VIOLINO\Vln_McGill\VIOLIN 1 NON VIBRATO\VlnA3_8.98sec.wav,.wav,ordinario
mcgill,ordinario,unknown,A4,F:\DOUTORAMENTO_22\INSTRUMENTOS\Instrumentos_espectro_versão 3\CORDAS\VIOLINO\Vln_McGill\VIOLIN 1 NON VIBRATO\VlnA4opn_5.23sec.wav,.wav,ordinario
mcgill,ordinario,unknown,A4,F:\DOUTORAMENTO_22\INSTRUMENTOS\Instrumentos_espectro_versão 3\CORDAS\VIOLINO\Vln_McGill\VIOLIN 1 NON VIBRATO\VlnA4stp_4.47sec.wav,.wav,ordinario
mcgill,ordinario,unknown,A5,F:\DOUTORAMENTO_22\INSTRUMENTOS\Instrumentos_espectro_versão 3\CORDAS\VIOLINO\Vln_McGill\VIOLIN 1 NON VIBRATO\VlnA5_5.88sec.wav,.wav,ordinario
mcgill,ordinario,unknown,A6,F:\DOUTORAMENTO_22\INSTRUMENTOS\Instrumentos_espectro_versão 3\CORDAS\VIOLINO\Vln_McGill\VIOLIN 1 NON VIBRATO\VlnA6_4.69sec.wav,.wav,ordinario
mcgill,ordinario,unknown,B3,F:\DOUTORAMENTO_22\INSTRUMENTOS\Instrumentos_espectro_versão 3\CORDAS\VIOLINO\Vln_McGill\VIOLIN 1 NON VIBRATO\VlnB3_9.67sec.wav,.wav,ordinario
mcgill,ordinario,unknown,B4,F:\DOUTORAMENTO_22\INSTRUMENTOS\Instrumentos_espectro_versão 3\CORDAS\VIOLINO\Vln_McGill\VIOLIN 1 NON VIBRATO\VlnB4_4.15sec.wav,.wav,ordinario
mcgill,ordinario,unknown,B5,F:\DOUTORAMENTO_22\INSTRUMENTOS\Instrumentos_espectro_versão 3\CORDAS\VIOLINO\Vln_McGill\VIOLIN 1 NON VIBRATO\VlnB5_5.37sec.wav,.wav,ordinario
mcgill,ordinario,unknown,B6,F:\DOUTORAMENTO_22\INSTRUMENTOS\Instrumentos_espectro_versão 3\CORDAS\VIOLINO\Vln_McGill\VIOLIN 1 NON VIBRATO\VlnB6_4.57sec.wav,.wav,ordinario
mcgill,ordinario,unknown,C#4,F:\DOUTORAMENTO_22\INSTRUMENTOS\Instrumentos_espectro_versão 3\CORDAS\VIOLINO\Vln_McGill\VIOLIN 1 NON VIBRATO\VlnC#4_7.12sec.wav,.wav,ordinario
mcgill,ordinario,unknown,C#5,F:\DOUTORAMENTO_22\INSTRUMENTOS\Instrumentos_espectro_versão 3\CORDAS\VIOLINO\Vln_McGill\VIOLIN 1 NON VIBRATO\VlnC#5_4.99sec.wav,.wav,ordinario
mcgill,ordinario,unknown,C#6,F:\DOUTORAMENTO_22\INSTRUMENTOS\Instrumentos_espectro_versão 3\CORDAS\VIOLINO\Vln_McGill\VIOLIN 1 NON VIBRATO\VlnC#6_5.41sec.wav,.wav,ordinario
mcgill,ordinario,unknown,C4,F:\DOUTORAMENTO_22\INSTRUMENTOS\Instrumentos_espectro_versão 3\CORDAS\VIOLINO\Vln_McGill\VIOLIN 1 NON VIBRATO\VlnC4_7.69sec.wav,.wav,ordinario
mcgill,ordinario,unknown,C5,F:\DOUTORAMENTO_22\INSTRUMENTOS\Instrumentos_espectro_versão 3\CORDAS\VIOLINO\Vln_McGill\VIOLIN 1 NON VIBRATO\VlnC5_5.04sec.wav,.wav,ordinario
mcgill,ordinario,unknown,C6,F:\DOUTORAMENTO_22\INSTRUMENTOS\Instrumentos_espectro_versão 3\CORDAS\VIOLINO\Vln_McGill\VIOLIN 1 NON VIBRATO\VlnC6_4.96sec.wav,.wav,ordinario
mcgill,ordinario,unknown,D#4,F:\DOUTORAMENTO_22\INSTRUMENTOS\Instrumentos_espectro_versão 3\CORDAS\VIOLINO\Vln_McGill\VIOLIN 1 NON VIBRATO\VlnD#4_6.28sec.wav,.wav,ordinario
mcgill,ordinario,unknown,D#5,F:\DOUTORAMENTO_22\INSTRUMENTOS\Instrumentos_espectro_versão 3\CORDAS\VIOLINO\Vln_McGill\VIOLIN 1 NON VIBRATO\VlnD#5_4.83sec.wav,.wav,ordinario
mcgill,ordinario,unknown,D#6,F:\DOUTORAMENTO_22\INSTRUMENTOS\Instrumentos_espectro_versão 3\CORDAS\VIOLINO\Vln_McGill\VIOLIN 1 NON VIBRATO\VlnD#6_4.94sec.wav,.wav,ordinario
mcgill,ordinario,unknown,D4,F:\DOUTORAMENTO_22\INSTRUMENTOS\Instrumentos_espectro_versão 3\CORDAS\VIOLINO\Vln_McGill\VIOLIN 1 NON VIBRATO\VlnD4opn_7.74sec.wav,.wav,ordinario
mcgill,ordinario,unknown,D4,F:\DOUTORAMENTO_22\INSTRUMENTOS\Instrumentos_espectro_versão 3\CORDAS\VIOLINO\Vln_McGill\VIOLIN 1 NON VIBRATO\VlnD4stp_7.59sec.wav,.wav,ordinario
mcgill,ordinario,unknown,D5,F:\DOUTORAMENTO_22\INSTRUMENTOS\Instrumentos_espectro_versão 3\CORDAS\VIOLINO\Vln_McGill\VIOLIN 1 NON VIBRATO\VlnD5_4.63sec.wav,.wav,ordinario
mcgill,ordinario,unknown,D6,F:\DOUTORAMENTO_22\INSTRUMENTOS\Instrumentos_espectro_versão 3\CORDAS\VIOLINO\Vln_McGill\VIOLIN 1 NON VIBRATO\VlnD6_4.39sec.wav,.wav,ordinario
mcgill,ordinario,unknown,E4,F:\DOUTORAMENTO_22\INSTRUMENTOS\Instrumentos_espectro_versão 3\CORDAS\VIOLINO\Vln_McGill\VIOLIN 1 NON VIBRATO\VlnE4_5.59sec.wav,.wav,ordinario
mcgill,ordinario,unknown,E5,F:\DOUTORAMENTO_22\INSTRUMENTOS\Instrumentos_espectro_versão 3\CORDAS\VIOLINO\Vln_McGill\VIOLIN 1 NON VIBRATO\VlnE5opn_5.67sec.wav,.wav,ordinario
mcgill,ordinario,unknown,E5,F:\DOUTORAMENTO_22\INSTRUMENTOS\Instrumentos_espectro_versão 3\CORDAS\VIOLINO\Vln_McGill\VIOLIN 1 NON VIBRATO\VlnE5stp_5.08sec.wav,.wav,ordinario
mcgill,ordinario,unknown,E6,F:\DOUTORAMENTO_22\INSTRUMENTOS\Instrumentos_espectro_versão 3\CORDAS\VIOLINO\Vln_McGill\VIOLIN 1 NON VIBRATO\VlnE6_5.12sec.wav,.wav,ordinario
mcgill,ordinario,unknown,F#4,F:\DOUTORAMENTO_22\INSTRUMENTOS\Instrumentos_espectro_versão 3\CORDAS\VIOLINO\Vln_McGill\VIOLIN 1 NON VIBRATO\VlnF#4_4.50sec.wav,.wav,ordinario
mcgill,ordinario,unknown,F#5,F:\DOUTORAMENTO_22\INSTRUMENTOS\Instrumentos_espectro_versão 3\CORDAS\VIOLINO\Vln_McGill\VIOLIN 1 NON VIBRATO\VlnF#5_4.52sec.wav,.wav,ordinario
mcgill,ordinario,unknown,F#6,F:\DOUTORAMENTO_22\INSTRUMENTOS\Instrumentos_espectro_versão 3\CORDAS\VIOLINO\Vln_McGill\VIOLIN 1 NON VIBRATO\VlnF#6_4.59sec.wav,.wav,ordinario
mcgill,ordinario,unknown,F4,F:\DOUTORAMENTO_22\INSTRUMENTOS\Instrumentos_espectro_versão 3\CORDAS\VIOLINO\Vln_McGill\VIOLIN 1 NON VIBRATO\VlnF4_4.81sec.wav,.wav,ordinario
mcgill,ordinario,unknown,F5,F:\DOUTORAMENTO_22\INSTRUMENTOS\Instrumentos_espectro_versão 3\CORDAS\VIOLINO\Vln_McGill\VIOLIN 1 NON VIBRATO\VlnF5_5.12sec.wav,.wav,ordinario
mcgill,ordinario,unknown,F6,F:\DOUTORAMENTO_22\INSTRUMENTOS\Instrumentos_espectro_versão 3\CORDAS\VIOLINO\Vln_McGill\VIOLIN 1 NON VIBRATO\VlnF6_4.40sec.wav,.wav,ordinario
mcgill,ordinario,unknown,G#3,F:\DOUTORAMENTO_22\INSTRUMENTOS\Instrumentos_espectro_versão 3\CORDAS\VIOLINO\Vln_McGill\VIOLIN 1 NON VIBRATO\VlnG#3_9.34sec.wav,.wav,ordinario
mcgill,ordinario,unknown,G#4,F:\DOUTORAMENTO_22\INSTRUMENTOS\Instrumentos_espectro_versão 3\CORDAS\VIOLINO\Vln_McGill\VIOLIN 1 NON VIBRATO\VlnG#4_5.20sec.wav,.wav,ordinario
mcgill,ordinario,unknown,G#5,F:\DOUTORAMENTO_22\INSTRUMENTOS\Instrumentos_espectro_versão 3\CORDAS\VIOLINO\Vln_McGill\VIOLIN 1 NON VIBRATO\VlnG#5_5.11sec.wav,.wav,ordinario
mcgill,ordinario,unknown,G#6,F:\DOUTORAMENTO_22\INSTRUMENTOS\Instrumentos_espectro_versão 3\CORDAS\VIOLINO\Vln_McGill\VIOLIN 1 NON VIBRATO\VlnG#6_4.50sec.wav,.wav,ordinario
mcgill,ordinario,unknown,G3,F:\DOUTORAMENTO_22\INSTRUMENTOS\Instrumentos_espectro_versão 3\CORDAS\VIOLINO\Vln_McGill\VIOLIN 1 NON VIBRATO\VlnG3_8.79sec.wav,.wav,ordinario
mcgill,ordinario,unknown,G4,F:\DOUTORAMENTO_22\INSTRUMENTOS\Instrumentos_espectro_versão 3\CORDAS\VIOLINO\Vln_McGill\VIOLIN 1 NON VIBRATO\VlnG4_4.65sec.wav,.wav,ordinario
mcgill,ordinario,unknown,G5,F:\DOUTORAMENTO_22\INSTRUMENTOS\Instrumentos_espectro_versão 3\CORDAS\VIOLINO\Vln_McGill\VIOLIN 1 NON VIBRATO\VlnG5_4.52sec.wav,.wav,ordinario
mcgill,ordinario,unknown,G6,F:\DOUTORAMENTO_22\INSTRUMENTOS\Instrumentos_espectro_versão 3\CORDAS\VIOLINO\Vln_McGill\VIOLIN 1 NON VIBRATO\VlnG6_5.05sec.wav,.wav,ordinario
orchidea,artificial_harmonic,mf,A#5,F:\DOUTORAMENTO_22\INSTRUMENTOS\Instrumentos_espectro_versão 3\CORDAS\VIOLINO\Vln_Orchidea\artificial_harmonic\Vn-art_harm-A#5-mf-4c-N.wav,.wav,harmonic
orchidea,artificial_harmonic,mf,A#6,F:\DOUTORAMENTO_22\INSTRUMENTOS\Instrumentos_espectro_versão 3\CORDAS\VIOLINO\Vln_Orchidea\artificial_harmonic\Vn-art_harm-A#6-mf-2c-N.wav,.wav,harmonic
orchidea,artificial_harmonic,mf,A#6,F:\DOUTORAMENTO_22\INSTRUMENTOS\Instrumentos_espectro_versão 3\CORDAS\VIOLINO\Vln_Orchidea\artificial_harmonic\Vn-art_harm-A#6-mf-3c-N.wav,.wav,harmonic
orchidea,artificial_harmonic,mf,A#7,F:\DOUTORAMENTO_22\INSTRUMENTOS\Instrumentos_espectro_versão 3\CORDAS\VIOLINO\Vln_Orchidea\artificial_harmonic\Vn-art_harm-A#7-mf-1c-N.wav,.wav,harmonic
orchidea,artificial_harmonic,mf,A5,F:\DOUTORAMENTO_22\INSTRUMENTOS\Instrumentos_espectro_versão 3\CORDAS\VIOLINO\Vln_Orchidea\artificial_harmonic\Vn-art_harm-A5-mf-4c-N.wav,.wav,harmonic
orchidea,artificial_harmonic,mf,A6,F:\DOUTORAMENTO_22\INSTRUMENTOS\Instrumentos_espectro_versão 3\CORDAS\VIOLINO\Vln_Orchidea\artificial_harmonic\Vn-art_harm-A6-mf-2c-N.wav,.wav,harmonic
orchidea,artificial_harmonic,mf,A6,F:\DOUTORAMENTO_22\INSTRUMENTOS\Instrumentos_espectro_versão 3\CORDAS\VIOLINO\Vln_Orchidea\artificial_harmonic\Vn-art_harm-A6-mf-3c-N.wav,.wav,harmonic
orchidea,artificial_harmonic,mf,A7,F:\DOUTORAMENTO_22\INSTRUMENTOS\Instrumentos_espectro_versão 3\CORDAS\VIOLINO\Vln_Orchidea\artificial_harmonic\Vn-art_harm-A7-mf-1c-N.wav,.wav,harmonic
orchidea,artificial_harmonic,mf,A7,F:\DOUTORAMENTO_22\INSTRUMENTOS\Instrumentos_espectro_versão 3\CORDAS\VIOLINO\Vln_Orchidea\artificial_harmonic\Vn-art_harm-A7-mf-2c-N.wav,.wav,harmonic
orchidea,artificial_harmonic,mf,B5,F:\DOUTORAMENTO_22\INSTRUMENTOS\Instrumentos_espectro_versão 3\CORDAS\VIOLINO\Vln_Orchidea\artificial_harmonic\Vn-art_harm-B5-mf-4c-N.wav,.wav,harmonic
orchidea,artificial_harmonic,mf,B6,F:\DOUTORAMENTO_22\INSTRUMENTOS\Instrumentos_espectro_versão 3\CORDAS\VIOLINO\Vln_Orchidea\artificial_harmonic\Vn-art_harm-B6-mf-2c-N.wav,.wav,harmonic
orchidea,artificial_harmonic,mf,B6,F:\DOUTORAMENTO_22\INSTRUMENTOS\Instrumentos_espectro_versão 3\CORDAS\VIOLINO\Vln_Orchidea\artificial_harmonic\Vn-art_harm-B6-mf-3c-N.wav,.wav,harmonic
orchidea,artificial_harmonic,mf,B7,F:\DOUTORAMENTO_22\INSTRUMENTOS\Instrumentos_espectro_versão 3\CORDAS\VIOLINO\Vln_Orchidea\artificial_harmonic\Vn-art_harm-B7-mf-1c-N.wav,.wav,harmonic
orchidea,artificial_harmonic,mf,C#6,F:\DOUTORAMENTO_22\INSTRUMENTOS\Instrumentos_espectro_versão 3\CORDAS\VIOLINO\Vln_Orchidea\artificial_harmonic\Vn-art_harm-C#6-mf-4c-N.wav,.wav,harmonic
orchidea,artificial_harmonic,mf,C#7,F:\DOUTORAMENTO_22\INSTRUMENTOS\Instrumentos_espectro_versão 3\CORDAS\VIOLINO\Vln_Orchidea\artificial_harmonic\Vn-art_harm-C#7-mf-2c-N.wav,.wav,harmonic
orchidea,artificial_harmonic,mf,C#7,F:\DOUTORAMENTO_22\INSTRUMENTOS\Instrumentos_espectro_versão 3\CORDAS\VIOLINO\Vln_Orchidea\artificial_harmonic\Vn-art_harm-C#7-mf-3c-N.wav,.wav,harmonic
orchidea,artificial_harmonic,mf,C6,F:\DOUTORAMENTO_22\INSTRUMENTOS\Instrumentos_espectro_versão 3\CORDAS\VIOLINO\Vln_Orchidea\artificial_harmonic\Vn-art_harm-C6-mf-4c-N.wav,.wav,harmonic
orchidea,artificial_harmonic,mf,C7,F:\DOUTORAMENTO_22\INSTRUMENTOS\Instrumentos_espectro_versão 3\CORDAS\VIOLINO\Vln_Orchidea\artificial_harmonic\Vn-art_harm-C7-mf-2c-N.wav,.wav,harmonic
orchidea,artificial_harmonic,mf,C7,F:\DOUTORAMENTO_22\INSTRUMENTOS\Instrumentos_espectro_versão 3\CORDAS\VIOLINO\Vln_Orchidea\artificial_harmonic\Vn-art_harm-C7-mf-3c-N.wav,.wav,harmonic
orchidea,artificial_harmonic,mf,D#6,F:\DOUTORAMENTO_22\INSTRUMENTOS\Instrumentos_espectro_versão 3\CORDAS\VIOLINO\Vln_Orchidea\artificial_harmonic\Vn-art_harm-D#6-mf-3c-N.wav,.wav,harmonic
orchidea,artificial_harmonic,mf,D#6,F:\DOUTORAMENTO_22\INSTRUMENTOS\Instrumentos_espectro_versão 3\CORDAS\VIOLINO\Vln_Orchidea\artificial_harmonic\Vn-art_harm-D#6-mf-4c-N.wav,.wav,harmonic
orchidea,artificial_harmonic,mf,D#7,F:\DOUTORAMENTO_22\INSTRUMENTOS\Instrumentos_espectro_versão 3\CORDAS\VIOLINO\Vln_Orchidea\artificial_harmonic\Vn-art_harm-D#7-mf-2c-N.wav,.wav,harmonic
orchidea,artificial_harmonic,mf,D#7,F:\DOUTORAMENTO_22\INSTRUMENTOS\Instrumentos_espectro_versão 3\CORDAS\VIOLINO\Vln_Orchidea\artificial_harmonic\Vn-art_harm-D#7-mf-3c-N.wav,.wav,harmonic
orchidea,artificial_harmonic,mf,D6,F:\DOUTORAMENTO_22\INSTRUMENTOS\Instrumentos_espectro_versão 3\CORDAS\VIOLINO\Vln_Orchidea\artificial_harmonic\Vn-art_harm-D6-mf-3c-N.wav,.wav,harmonic
orchidea,artificial_harmonic,mf,D6,F:\DOUTORAMENTO_22\INSTRUMENTOS\Instrumentos_espectro_versão 3\CORDAS\VIOLINO\Vln_Orchidea\artificial_harmonic\Vn-art_harm-D6-mf-4c-N.wav,.wav,harmonic
orchidea,artificial_harmonic,mf,D7,F:\DOUTORAMENTO_22\INSTRUMENTOS\Instrumentos_espectro_versão 3\CORDAS\VIOLINO\Vln_Orchidea\artificial_harmonic\Vn-art_harm-D7-mf-2c-N.wav,.wav,harmonic
orchidea,artificial_harmonic,mf,D7,F:\DOUTORAMENTO_22\INSTRUMENTOS\Instrumentos_espectro_versão 3\CORDAS\VIOLINO\Vln_Orchidea\artificial_harmonic\Vn-art_harm-D7-mf-3c-N.wav,.wav,harmonic
orchidea,artificial_harmonic,mf,E6,F:\DOUTORAMENTO_22\INSTRUMENTOS\Instrumentos_espectro_versão 3\CORDAS\VIOLINO\Vln_Orchidea\artificial_harmonic\Vn-art_harm-E6-mf-3c-N.wav,.wav,harmonic
orchidea,artificial_harmonic,mf,E6,F:\DOUTORAMENTO_22\INSTRUMENTOS\Instrumentos_espectro_versão 3\CORDAS\VIOLINO\Vln_Orchidea\artificial_harmonic\Vn-art_harm-E6-mf-4c-N.wav,.wav,harmonic
orchidea,artificial_harmonic,mf,E7,F:\DOUTORAMENTO_22\INSTRUMENTOS\Instrumentos_espectro_versão 3\CORDAS\VIOLINO\Vln_Orchidea\artificial_harmonic\Vn-art_harm-E7-mf-1c-N.wav,.wav,harmonic
orchidea,artificial_harmonic,mf,E7,F:\DOUTORAMENTO_22\INSTRUMENTOS\Instrumentos_espectro_versão 3\CORDAS\VIOLINO\Vln_Orchidea\artificial_harmonic\Vn-art_harm-E7-mf-2c-N.wav,.wav,harmonic
orchidea,artificial_harmonic,mf,F#6,F:\DOUTORAMENTO_22\INSTRUMENTOS\Instrumentos_espectro_versão 3\CORDAS\VIOLINO\Vln_Orchidea\artificial_harmonic\Vn-art_harm-F#6-mf-3c-N.wav,.wav,harmonic
orchidea,artificial_harmonic,mf,F#6,F:\DOUTORAMENTO_22\INSTRUMENTOS\Instrumentos_espectro_versão 3\CORDAS\VIOLINO\Vln_Orchidea\artificial_harmonic\Vn-art_harm-F#6-mf-4c-N.wav,.wav,harmonic
orchidea,artificial_harmonic,mf,F#7,F:\DOUTORAMENTO_22\INSTRUMENTOS\Instrumentos_espectro_versão 3\CORDAS\VIOLINO\Vln_Orchidea\artificial_harmonic\Vn-art_harm-F#7-mf-1c-N.wav,.wav,harmonic
orchidea,artificial_harmonic,mf,F#7,F:\DOUTORAMENTO_22\INSTRUMENTOS\Instrumentos_espectro_versão 3\CORDAS\VIOLINO\Vln_Orchidea\artificial_harmonic\Vn-art_harm-F#7-mf-2c-N.wav,.wav,harmonic
orchidea,artificial_harmonic,mf,F6,F:\DOUTORAMENTO_22\INSTRUMENTOS\Instrumentos_espectro_versão 3\CORDAS\VIOLINO\Vln_Orchidea\artificial_harmonic\Vn-art_harm-F6-mf-3c-N.wav,.wav,harmonic
orchidea,artificial_harmonic,mf,F6,F:\DOUTORAMENTO_22\INSTRUMENTOS\Instrumentos_espectro_versão 3\CORDAS\VIOLINO\Vln_Orchidea\artificial_harmonic\Vn-art_harm-F6-mf-4c-N.wav,.wav,harmonic
orchidea,artificial_harmonic,mf,F7,F:\DOUTORAMENTO_22\INSTRUMENTOS\Instrumentos_espectro_versão 3\CORDAS\VIOLINO\Vln_Orchidea\artificial_harmonic\Vn-art_harm-F7-mf-1c-N.wav,.wav,harmonic
orchidea,artificial_harmonic,mf,F7,F:\DOUTORAMENTO_22\INSTRUMENTOS\Instrumentos_espectro_versão 3\CORDAS\VIOLINO\Vln_Orchidea\artificial_harmonic\Vn-art_harm-F7-mf-2c-N.wav,.wav,harmonic
orchidea,artificial_harmonic,mf,G#5,F:\DOUTORAMENTO_22\INSTRUMENTOS\Instrumentos_espectro_versão 3\CORDAS\VIOLINO\Vln_Orchidea\artificial_harmonic\Vn-art_harm-G#5-mf-4c-N.wav,.wav,harmonic
orchidea,artificial_harmonic,mf,G#6,F:\DOUTORAMENTO_22\INSTRUMENTOS\Instrumentos_espectro_versão 3\CORDAS\VIOLINO\Vln_Orchidea\artificial_harmonic\Vn-art_harm-G#6-mf-3c-N.wav,.wav,harmonic
orchidea,artificial_harmonic,mf,G#6,F:\DOUTORAMENTO_22\INSTRUMENTOS\Instrumentos_espectro_versão 3\CORDAS\VIOLINO\Vln_Orchidea\artificial_harmonic\Vn-art_harm-G#6-mf-4c-N.wav,.wav,harmonic
orchidea,artificial_harmonic,mf,G#7,F:\DOUTORAMENTO_22\INSTRUMENTOS\Instrumentos_espectro_versão 3\CORDAS\VIOLINO\Vln_Orchidea\artificial_harmonic\Vn-art_harm-G#7-mf-1c-N.wav,.wav,harmonic
orchidea,artificial_harmonic,mf,G#7,F:\DOUTORAMENTO_22\INSTRUMENTOS\Instrumentos_espectro_versão 3\CORDAS\VIOLINO\Vln_Orchidea\artificial_harmonic\Vn-art_harm-G#7-mf-2c-N.wav,.wav,harmonic
orchidea,artificial_harmonic,mf,G5,F:\DOUTORAMENTO_22\INSTRUMENTOS\Instrumentos_espectro_versão 3\CORDAS\VIOLINO\Vln_Orchidea\artificial_harmonic\Vn-art_harm-G5-mf-4c-N.wav,.wav,harmonic
orchidea,artificial_harmonic,mf,G6,F:\DOUTORAMENTO_22\INSTRUMENTOS\Instrumentos_espectro_versão 3\CORDAS\VIOLINO\Vln_Orchidea\artificial_harmonic\Vn-art_harm-G6-mf-3c-N.wav,.wav,harmonic
orchidea,artificial_harmonic,mf,G6,F:\DOUTORAMENTO_22\INSTRUMENTOS\Instrumentos_espectro_versão 3\CORDAS\VIOLINO\Vln_Orchidea\artificial_harmonic\Vn-art_harm-G6-mf-4c-N.wav,.wav,harmonic
orchidea,artificial_harmonic,mf,G7,F:\DOUTORAMENTO_22\INSTRUMENTOS\Instrumentos_espectro_versão 3\CORDAS\VIOLINO\Vln_Orchidea\artificial_harmonic\Vn-art_harm-G7-mf-1c-N.wav,.wav,harmonic
orchidea,artificial_harmonic,mf,G7,F:\DOUTORAMENTO_22\INSTRUMENTOS\Instrumentos_espectro_versão 3\CORDAS\VIOLINO\Vln_Orchidea\artificial_harmonic\Vn-art_harm-G7-mf-2c-N.wav,.wav,harmonic
orchidea,ordinario,ff,A#3,F:\DOUTORAMENTO_22\INSTRUMENTOS\Instrumentos_espectro_versão 3\CORDAS\VIOLINO\Vln_Orchidea\ordinario\Vln_Orchidea_ff\Vn-ord-A#3-ff-4c-T15u.wav,.wav,ordinario
orchidea,ordinario,ff,A#4,F:\DOUTORAMENTO_22\INSTRUMENTOS\Instrumentos_espectro_versão 3\CORDAS\VIOLINO\Vln_Orchidea\ordinario\Vln_Orchidea_ff\Vn-ord-A#4-ff-2c-N.wav,.wav,ordinario
orchidea,ordinario,ff,A#4,F:\DOUTORAMENTO_22\INSTRUMENTOS\Instrumentos_espectro_versão 3\CORDAS\VIOLINO\Vln_Orchidea\ordinario\Vln_Orchidea_ff\Vn-ord-A#4-ff-3c-N.wav,.wav,ordinario
orchidea,ordinario,ff,A#4,F:\DOUTORAMENTO_22\INSTRUMENTOS\Instrumentos_espectro_versão 3\CORDAS\VIOLINO\Vln_Orchidea\ordinario\Vln_Orchidea_ff\Vn-ord-A#4-ff-4c-N.wav,.wav,ordinario
orchidea,ordinario,ff,A#5,F:\DOUTORAMENTO_22\INSTRUMENTOS\Instrumentos_espectro_versão 3\CORDAS\VIOLINO\Vln_Orchidea\ordinario\Vln_Orchidea_ff\Vn-ord-A#5-ff-1c-T13u.wav,.wav,ordinario
orchidea,ordinario,ff,A#5,F:\DOUTORAMENTO_22\INSTRUMENTOS\Instrumentos_espectro_versão 3\CORDAS\VIOLINO\Vln_Orchidea\ordinario\Vln_Orchidea_ff\Vn-ord-A#5-ff-2c-T10u.wav,.wav,ordinario
orchidea,ordinario,ff,A#5,F:\DOUTORAMENTO_22\INSTRUMENTOS\Instrumentos_espectro_versão 3\CORDAS\VIOLINO\Vln_Orchidea\ordinario\Vln_Orchidea_ff\Vn-ord-A#5-ff-3c-R100u.wav,.wav,ordinario
orchidea,ordinario,ff,A#6,F:\DOUTORAMENTO_22\INSTRUMENTOS\Instrumentos_espectro_versão 3\CORDAS\VIOLINO\Vln_Orchidea\ordinario\Vln_Orchidea_ff\Vn-ord-A#6-ff-1c-N.wav,.wav,ordinario
orchidea,ordinario,ff,A3,F:\DOUTORAMENTO_22\INSTRUMENTOS\Instrumentos_espectro_versão 3\CORDAS\VIOLINO\Vln_Orchidea\ordinario\Vln_Orchidea_ff\Vn-ord-A3-ff-4c-N.wav,.wav,ordinario
orchidea,ordinario,ff,A4,F:\DOUTORAMENTO_22\INSTRUMENTOS\Instrumentos_espectro_versão 3\CORDAS\VIOLINO\Vln_Orchidea\ordinario\Vln_Orchidea_ff\Vn-ord-A4-ff-2c-N.wav,.wav,ordinario
orchidea,ordinario,ff,A4,F:\DOUTORAMENTO_22\INSTRUMENTOS\Instrumentos_espectro_versão 3\CORDAS\VIOLINO\Vln_Orchidea\ordinario\Vln_Orchidea_ff\Vn-ord-A4-ff-3c-N.wav,.wav,ordinario
orchidea,ordinario,ff,A4,F:\DOUTORAMENTO_22\INSTRUMENTOS\Instrumentos_espectro_versão 3\CORDAS\VIOLINO\Vln_Orchidea\ordinario\Vln_Orchidea_ff\Vn-ord-A4-ff-4c-N.wav,.wav,ordinario
orchidea,ordinario,ff,A5,F:\DOUTORAMENTO_22\INSTRUMENTOS\Instrumentos_espectro_versão 3\CORDAS\VIOLINO\Vln_Orchidea\ordinario\Vln_Orchidea_ff\Vn-ord-A5-ff-1c-N.wav,.wav,ordinario
orchidea,ordinario,ff,A5,F:\DOUTORAMENTO_22\INSTRUMENTOS\Instrumentos_espectro_versão 3\CORDAS\VIOLINO\Vln_Orchidea\ordinario\Vln_Orchidea_ff\Vn-ord-A5-ff-2c-N.wav,.wav,ordinario
orchidea,ordinario,ff,A5,F:\DOUTORAMENTO_22\INSTRUMENTOS\Instrumentos_espectro_versão 3\CORDAS\VIOLINO\Vln_Orchidea\ordinario\Vln_Orchidea_ff\Vn-ord-A5-ff-3c-N.wav,.wav,ordinario
orchidea,ordinario,ff,A6,F:\DOUTORAMENTO_22\INSTRUMENTOS\Instrumentos_espectro_versão 3\CORDAS\VIOLINO\Vln_Orchidea\ordinario\Vln_Orchidea_ff\Vn-ord-A6-ff-1c-T11d.wav,.wav,ordinario
orchidea,ordinario,ff,B3,F:\DOUTORAMENTO_22\INSTRUMENTOS\Instrumentos_espectro_versão 3\CORDAS\VIOLINO\Vln_Orchidea\ordinario\Vln_Orchidea_ff\Vn-ord-B3-ff-4c-T17u.wav,.wav,ordinario
orchidea,ordinario,ff,B4,F:\DOUTORAMENTO_22\INSTRUMENTOS\Instrumentos_espectro_versão 3\CORDAS\VIOLINO\Vln_Orchidea\ordinario\Vln_Orchidea_ff\Vn-ord-B4-ff-2c-T10u.wav,.wav,ordinario
orchidea,ordinario,ff,B4,F:\DOUTORAMENTO_22\INSTRUMENTOS\Instrumentos_espectro_versão 3\CORDAS\VIOLINO\Vln_Orchidea\ordinario\Vln_Orchidea_ff\Vn-ord-B4-ff-3c-N.wav,.wav,ordinario
orchidea,ordinario,ff,B4,F:\DOUTORAMENTO_22\INSTRUMENTOS\Instrumentos_espectro_versão 3\CORDAS\VIOLINO\Vln_Orchidea\ordinario\Vln_Orchidea_ff\Vn-ord-B4-ff-4c-T12u.wav,.wav,ordinario
orchidea,ordinario,ff,B5,F:\DOUTORAMENTO_22\INSTRUMENTOS\Instrumentos_espectro_versão 3\CORDAS\VIOLINO\Vln_Orchidea\ordinario\Vln_Orchidea_ff\Vn-ord-B5-ff-1c-N.wav,.wav,ordinario
orchidea,ordinario,ff,B5,F:\DOUTORAMENTO_22\INSTRUMENTOS\Instrumentos_espectro_versão 3\CORDAS\VIOLINO\Vln_Orchidea\ordinario\Vln_Orchidea_ff\Vn-ord-B5-ff-2c-N.wav,.wav,ordinario
orchidea,ordinario,ff,B5,F:\DOUTORAMENTO_22\INSTRUMENTOS\Instrumentos_espectro_versão 3\CORDAS\VIOLINO\Vln_Orchidea\ordinario\Vln_Orchidea_ff\Vn-ord-B5-ff-3c-N.wav,.wav,ordinario
orchidea,ordinario,ff,B6,F:\DOUTORAMENTO_22\INSTRUMENTOS\Instrumentos_espectro_versão 3\CORDAS\VIOLINO\Vln_Orchidea\ordinario\Vln_Orchidea_ff\Vn-ord-B6-ff-1c-T20d.wav,.wav,ordinario
orchidea,ordinario,ff,C#4,F:\DOUTORAMENTO_22\INSTRUMENTOS\Instrumentos_espectro_versão 3\CORDAS\VIOLINO\Vln_Orchidea\ordinario\Vln_Orchidea_ff\Vn-ord-C#4-ff-4c-N.wav,.wav,ordinario
orchidea,ordinario,ff,C#5,F:\DOUTORAMENTO_22\INSTRUMENTOS\Instrumentos_espectro_versão 3\CORDAS\VIOLINO\Vln_Orchidea\ordinario\Vln_Orchidea_ff\Vn-ord-C#5-ff-2c-N.wav,.wav,ordinario
orchidea,ordinario,ff,C#5,F:\DOUTORAMENTO_22\INSTRUMENTOS\Instrumentos_espectro_versão 3\CORDAS\VIOLINO\Vln_Orchidea\ordinario\Vln_Orchidea_ff\Vn-ord-C#5-ff-3c-T13u.wav,.wav,ordinario
orchidea,ordinario,ff,C#5,F:\DOUTORAMENTO_22\INSTRUMENTOS\Instrumentos_espectro_versão 3\CORDAS\VIOLINO\Vln_Orchidea\ordinario\Vln_Orchidea_ff\Vn-ord-C#5-ff-4c-T10u.wav,.wav,ordinario
orchidea,ordinario,ff,C#6,F:\DOUTORAMENTO_22\INSTRUMENTOS\Instrumentos_espectro_versão 3\CORDAS\VIOLINO\Vln_Orchidea\ordinario\Vln_Orchidea_ff\Vn-ord-C#6-ff-1c-N.wav,.wav,ordinario
orchidea,ordinario,ff,C#6,F:\DOUTORAMENTO_22\INSTRUMENTOS\Instrumentos_espectro_versão 3\CORDAS\VIOLINO\Vln_Orchidea\ordinario\Vln_Orchidea_ff\Vn-ord-C#6-ff-2c-N.wav,.wav,ordinario
orchidea,ordinario,ff,C#7,F:\DOUTORAMENTO_22\INSTRUMENTOS\Instrumentos_espectro_versão 3\CORDAS\VIOLINO\Vln_Orchidea\ordinario\Vln_Orchidea_ff\Vn-ord-C#7-ff-1c-T26d.wav,.wav,ordinario
orchidea,ordinario,ff,C4,F:\DOUTORAMENTO_22\INSTRUMENTOS\Instrumentos_espectro_versão 3\CORDAS\VIOLINO\Vln_Orchidea\ordinario\Vln_Orchidea_ff\Vn-ord-C4-ff-4c-N.wav,.wav,ordinario
orchidea,ordinario,ff,C5,F:\DOUTORAMENTO_22\INSTRUMENTOS\Instrumentos_espectro_versão 3\CORDAS\VIOLINO\Vln_Orchidea\ordinario\Vln_Orchidea_ff\Vn-ord-C5-ff-2c-N.wav,.wav,ordinario
orchidea,ordinario,ff,C5,F:\DOUTORAMENTO_22\INSTRUMENTOS\Instrumentos_espectro_versão 3\CORDAS\VIOLINO\Vln_Orchidea\ordinario\Vln_Orchidea_ff\Vn-ord-C5-ff-3c-N.wav,.wav,ordinario
orchidea,ordinario,ff,C5,F:\DOUTORAMENTO_22\INSTRUMENTOS\Instrumentos_espectro_versão 3\CORDAS\VIOLINO\Vln_Orchidea\ordinario\Vln_Orchidea_ff\Vn-ord-C5-ff-4c-N.wav,.wav,ordinario
orchidea,ordinario,ff,C6,F:\DOUTORAMENTO_22\INSTRUMENTOS\Instrumentos_espectro_versão 3\CORDAS\VIOLINO\Vln_Orchidea\ordinario\Vln_Orchidea_ff\Vn-ord-C6-ff-1c-T11d.wav,.wav,ordinario
orchidea,ordinario,ff,C6,F:\DOUTORAMENTO_22\INSTRUMENTOS\Instrumentos_espectro_versão 3\CORDAS\VIOLINO\Vln_Orchidea\ordinario\Vln_Orchidea_ff\Vn-ord-C6-ff-2c-T11d.wav,.wav,ordinario
orchidea,ordinario,ff,C6,F:\DOUTORAMENTO_22\INSTRUMENTOS\Instrumentos_espectro_versão 3\CORDAS\VIOLINO\Vln_Orchidea\ordinario\Vln_Orchidea_ff\Vn-ord-C6-ff-3c-T18d.wav,.wav,ordinario
orchidea,ordinario,ff,C7,F:\DOUTORAMENTO_22\INSTRUMENTOS\Instrumentos_espectro_versão 3\CORDAS\VIOLINO\Vln_Orchidea\ordinario\Vln_Orchidea_ff\Vn-ord-C7-ff-1c-T30d.wav,.wav,ordinario
orchidea,ordinario,ff,D#4,F:\DOUTORAMENTO_22\INSTRUMENTOS\Instrumentos_espectro_versão 3\CORDAS\VIOLINO\Vln_Orchidea\ordinario\Vln_Orchidea_ff\Vn-ord-D#4-ff-3c-N.wav,.wav,ordinario
orchidea,ordinario,ff,D#4,F:\DOUTORAMENTO_22\INSTRUMENTOS\Instrumentos_espectro_versão 3\CORDAS\VIOLINO\Vln_Orchidea\ordinario\Vln_Orchidea_ff\Vn-ord-D#4-ff-4c-T10u.wav,.wav,ordinario
orchidea,ordinario,ff,D#5,F:\DOUTORAMENTO_22\INSTRUMENTOS\Instrumentos_espectro_versão 3\CORDAS\VIOLINO\Vln_Orchidea\ordinario\Vln_Orchidea_ff\Vn-ord-D#5-ff-2c-N.wav,.wav,ordinario
orchidea,ordinario,ff,D#5,F:\DOUTORAMENTO_22\INSTRUMENTOS\Instrumentos_espectro_versão 3\CORDAS\VIOLINO\Vln_Orchidea\ordinario\Vln_Orchidea_ff\Vn-ord-D#5-ff-3c-N.wav,.wav,ordinario
orchidea,ordinario,ff,D#5,F:\DOUTORAMENTO_22\INSTRUMENTOS\Instrumentos_espectro_versão 3\CORDAS\VIOLINO\Vln_Orchidea\ordinario\Vln_Orchidea_ff\Vn-ord-D#5-ff-4c-N.wav,.wav,ordinario
orchidea,ordinario,ff,D#6,F:\DOUTORAMENTO_22\INSTRUMENTOS\Instrumentos_espectro_versão 3\CORDAS\VIOLINO\Vln_Orchidea\ordinario\Vln_Orchidea_ff\Vn-ord-D#6-ff-1c-N.wav,.wav,ordinario
orchidea,ordinario,ff,D#6,F:\DOUTORAMENTO_22\INSTRUMENTOS\Instrumentos_espectro_versão 3\CORDAS\VIOLINO\Vln_Orchidea\ordinario\Vln_Orchidea_ff\Vn-ord-D#6-ff-2c-N.wav,.wav,ordinario
orchidea,ordinario,ff,D#7,F:\DOUTORAMENTO_22\INSTRUMENTOS\Instrumentos_espectro_versão 3\CORDAS\VIOLINO\Vln_Orchidea\ordinario\Vln_Orchidea_ff\Vn-ord-D#7-ff-1c-T23d_R100u.wav,.wav,ordinario
orchidea,ordinario,ff,D4,F:\DOUTORAMENTO_22\INSTRUMENTOS\Instrumentos_espectro_versão 3\CORDAS\VIOLINO\Vln_Orchidea\ordinario\Vln_Orchidea_ff\Vn-ord-D4-ff-3c-N.wav,.wav,ordinario
orchidea,ordinario,ff,D4,F:\DOUTORAMENTO_22\INSTRUMENTOS\Instrumentos_espectro_versão 3\CORDAS\VIOLINO\Vln_Orchidea\ordinario\Vln_Orchidea_ff\Vn-ord-D4-ff-4c-N.wav,.wav,ordinario
orchidea,ordinario,ff,D5,F:\DOUTORAMENTO_22\INSTRUMENTOS\Instrumentos_espectro_versão 3\CORDAS\VIOLINO\Vln_Orchidea\ordinario\Vln_Orchidea_ff\Vn-ord-D5-ff-2c-N.wav,.wav,ordinario
orchidea,ordinario,ff,D5,F:\DOUTORAMENTO_22\INSTRUMENTOS\Instrumentos_espectro_versão 3\CORDAS\VIOLINO\Vln_Orchidea\ordinario\Vln_Orchidea_ff\Vn-ord-D5-ff-3c-N.wav,.wav,ordinario
orchidea,ordinario,ff,D5,F:\DOUTORAMENTO_22\INSTRUMENTOS\Instrumentos_espectro_versão 3\CORDAS\VIOLINO\Vln_Orchidea\ordinario\Vln_Orchidea_ff\Vn-ord-D5-ff-4c-N.wav,.wav,ordinario
orchidea,ordinario,ff,D6,F:\DOUTORAMENTO_22\INSTRUMENTOS\Instrumentos_espectro_versão 3\CORDAS\VIOLINO\Vln_Orchidea\ordinario\Vln_Orchidea_ff\Vn-ord-D6-ff-1c-T11d.wav,.wav,ordinario
orchidea,ordinario,ff,D6,F:\DOUTORAMENTO_22\INSTRUMENTOS\Instrumentos_espectro_versão 3\CORDAS\VIOLINO\Vln_Orchidea\ordinario\Vln_Orchidea_ff\Vn-ord-D6-ff-2c-N.wav,.wav,ordinario
orchidea,ordinario,ff,D7,F:\DOUTORAMENTO_22\INSTRUMENTOS\Instrumentos_espectro_versão 3\CORDAS\VIOLINO\Vln_Orchidea\ordinario\Vln_Orchidea_ff\Vn-ord-D7-ff-1c-T23d.wav,.wav,ordinario
orchidea,ordinario,ff,E4,F:\DOUTORAMENTO_22\INSTRUMENTOS\Instrumentos_espectro_versão 3\CORDAS\VIOLINO\Vln_Orchidea\ordinario\Vln_Orchidea_ff\Vn-ord-E4-ff-3c-N.wav,.wav,ordinario
orchidea,ordinario,ff,E4,F:\DOUTORAMENTO_22\INSTRUMENTOS\Instrumentos_espectro_versão 3\CORDAS\VIOLINO\Vln_Orchidea\ordinario\Vln_Orchidea_ff\Vn-ord-E4-ff-4c-N.wav,.wav,ordinario
orchidea,ordinario,ff,E5,F:\DOUTORAMENTO_22\INSTRUMENTOS\Instrumentos_espectro_versão 3\CORDAS\VIOLINO\Vln_Orchidea\ordinario\Vln_Orchidea_ff\Vn-ord-E5-ff-1c-N.wav,.wav,ordinario
orchidea,ordinario,ff,E5,F:\DOUTORAMENTO_22\INSTRUMENTOS\Instrumentos_espectro_versão 3\CORDAS\VIOLINO\Vln_Orchidea\ordinario\Vln_Orchidea_ff\Vn-ord-E5-ff-2c-N.wav,.wav,ordinario
orchidea,ordinario,ff,E5,F:\DOUTORAMENTO_22\INSTRUMENTOS\Instrumentos_espectro_versão 3\CORDAS\VIOLINO\Vln_Orchidea\ordinario\Vln_Orchidea_ff\Vn-ord-E5-ff-3c-N.wav,.wav,ordinario
orchidea,ordinario,ff,E5,F:\DOUTORAMENTO_22\INSTRUMENTOS\Instrumentos_espectro_versão 3\CORDAS\VIOLINO\Vln_Orchidea\ordinario\Vln_Orchidea_ff\Vn-ord-E5-ff-4c-N.wav,.wav,ordinario
orchidea,ordinario,ff,E6,F:\DOUTORAMENTO_22\INSTRUMENTOS\Instrumentos_espectro_versão 3\CORDAS\VIOLINO\Vln_Orchidea\ordinario\Vln_Orchidea_ff\Vn-ord-E6-ff-1c-N.wav,.wav,ordinario
orchidea,ordinario,ff,E6,F:\DOUTORAMENTO_22\INSTRUMENTOS\Instrumentos_espectro_versão 3\CORDAS\VIOLINO\Vln_Orchidea\ordinario\Vln_Orchidea_ff\Vn-ord-E6-ff-2c-N.wav,.wav,ordinario
orchidea,ordinario,ff,E7,F:\DOUTORAMENTO_22\INSTRUMENTOS\Instrumentos_espectro_versão 3\CORDAS\VIOLINO\Vln_Orchidea\ordinario\Vln_Orchidea_ff\Vn-ord-E7-ff-1c-N.wav,.wav,ordinario
orchidea,ordinario,ff,F#4,F:\DOUTORAMENTO_22\INSTRUMENTOS\Instrumentos_espectro_versão 3\CORDAS\VIOLINO\Vln_Orchidea\ordinario\Vln_Orchidea_ff\Vn-ord-F#4-ff-3c-T10u.wav,.wav,ordinario
orchidea,ordinario,ff,F#4,F:\DOUTORAMENTO_22\INSTRUMENTOS\Instrumentos_espectro_versão 3\CORDAS\VIOLINO\Vln_Orchidea\ordinario\Vln_Orchidea_ff\Vn-ord-F#4-ff-4c-N.wav,.wav,ordinario
orchidea,ordinario,ff,F#5,F:\DOUTORAMENTO_22\INSTRUMENTOS\Instrumentos_espectro_versão 3\CORDAS\VIOLINO\Vln_Orchidea\ordinario\Vln_Orchidea_ff\Vn-ord-F#5-ff-1c-N.wav,.wav,ordinario
orchidea,ordinario,ff,F#5,F:\DOUTORAMENTO_22\INSTRUMENTOS\Instrumentos_espectro_versão 3\CORDAS\VIOLINO\Vln_Orchidea\ordinario\Vln_Orchidea_ff\Vn-ord-F#5-ff-2c-N.wav,.wav,ordinario
orchidea,ordinario,ff,F#5,F:\DOUTORAMENTO_22\INSTRUMENTOS\Instrumentos_espectro_versão 3\CORDAS\VIOLINO\Vln_Orchidea\ordinario\Vln_Orchidea_ff\Vn-ord-F#5-ff-3c-N.wav,.wav,ordinario
orchidea,ordinario,ff,F#6,F:\DOUTORAMENTO_22\INSTRUMENTOS\Instrumentos_espectro_versão 3\CORDAS\VIOLINO\Vln_Orchidea\ordinario\Vln_Orchidea_ff\Vn-ord-F#6-ff-1c-T12d.wav,.wav,ordinario
orchidea,ordinario,ff,F#6,F:\DOUTORAMENTO_22\INSTRUMENTOS\Instrumentos_espectro_versão 3\CORDAS\VIOLINO\Vln_Orchidea\ordinario\Vln_Orchidea_ff\Vn-ord-F#6-ff-2c-T16d.wav,.wav,ordinario
orchidea,ordinario,ff,F4,F:\DOUTORAMENTO_22\INSTRUMENTOS\Instrumentos_espectro_versão 3\CORDAS\VIOLINO\Vln_Orchidea\ordinario\Vln_Orchidea_ff\Vn-ord-F4-ff-3c-N.wav,.wav,ordinario
orchidea,ordinario,ff,F4,F:\DOUTORAMENTO_22\INSTRUMENTOS\Instrumentos_espectro_versão 3\CORDAS\VIOLINO\Vln_Orchidea\ordinario\Vln_Orchidea_ff\Vn-ord-F4-ff-4c-T11u.wav,.wav,ordinario
orchidea,ordinario,ff,F5,F:\DOUTORAMENTO_22\INSTRUMENTOS\Instrumentos_espectro_versão 3\CORDAS\VIOLINO\Vln_Orchidea\ordinario\Vln_Orchidea_ff\Vn-ord-F5-ff-1c-N.wav,.wav,ordinario
orchidea,ordinario,ff,F5,F:\DOUTORAMENTO_22\INSTRUMENTOS\Instrumentos_espectro_versão 3\CORDAS\VIOLINO\Vln_Orchidea\ordinario\Vln_Orchidea_ff\Vn-ord-F5-ff-2c-N.wav,.wav,ordinario
orchidea,ordinario,ff,F5,F:\DOUTORAMENTO_22\INSTRUMENTOS\Instrumentos_espectro_versão 3\CORDAS\VIOLINO\Vln_Orchidea\ordinario\Vln_Orchidea_ff\Vn-ord-F5-ff-3c-T15u.wav,.wav,ordinario
orchidea,ordinario,ff,F6,F:\DOUTORAMENTO_22\INSTRUMENTOS\Instrumentos_espectro_versão 3\CORDAS\VIOLINO\Vln_Orchidea\ordinario\Vln_Orchidea_ff\Vn-ord-F6-ff-1c-N.wav,.wav,ordinario
orchidea,ordinario,ff,F6,F:\DOUTORAMENTO_22\INSTRUMENTOS\Instrumentos_espectro_versão 3\CORDAS\VIOLINO\Vln_Orchidea\ordinario\Vln_Orchidea_ff\Vn-ord-F6-ff-2c-T20d.wav,.wav,ordinario
orchidea,ordinario,ff,G#3,F:\DOUTORAMENTO_22\INSTRUMENTOS\Instrumentos_espectro_versão 3\CORDAS\VIOLINO\Vln_Orchidea\ordinario\Vln_Orchidea_ff\Vn-ord-G#3-ff-4c-T16u.wav,.wav,ordinario
orchidea,ordinario,ff,G#4,F:\DOUTORAMENTO_22\INSTRUMENTOS\Instrumentos_espectro_versão 3\CORDAS\VIOLINO\Vln_Orchidea\ordinario\Vln_Orchidea_ff\Vn-ord-G#4-ff-3c-N.wav,.wav,ordinario
orchidea,ordinario,ff,G#4,F:\DOUTORAMENTO_22\INSTRUMENTOS\Instrumentos_espectro_versão 3\CORDAS\VIOLINO\Vln_Orchidea\ordinario\Vln_Orchidea_ff\Vn-ord-G#4-ff-4c-N.wav,.wav,ordinario
orchidea,ordinario,ff,G#5,F:\DOUTORAMENTO_22\INSTRUMENTOS\Instrumentos_espectro_versão 3\CORDAS\VIOLINO\Vln_Orchidea\ordinario\Vln_Orchidea_ff\Vn-ord-G#5-ff-1c-N.wav,.wav,ordinario
orchidea,ordinario,ff,G#5,F:\DOUTORAMENTO_22\INSTRUMENTOS\Instrumentos_espectro_versão 3\CORDAS\VIOLINO\Vln_Orchidea\ordinario\Vln_Orchidea_ff\Vn-ord-G#5-ff-2c-N.wav,.wav,ordinario
orchidea,ordinario,ff,G#5,F:\DOUTORAMENTO_22\INSTRUMENTOS\Instrumentos_espectro_versão 3\CORDAS\VIOLINO\Vln_Orchidea\ordinario\Vln_Orchidea_ff\Vn-ord-G#5-ff-3c-N.wav,.wav,ordinario
orchidea,ordinario,ff,G#6,F:\DOUTORAMENTO_22\INSTRUMENTOS\Instrumentos_espectro_versão 3\CORDAS\VIOLINO\Vln_Orchidea\ordinario\Vln_Orchidea_ff\Vn-ord-G#6-ff-1c-T24d.wav,.wav,ordinario
orchidea,ordinario,ff,G#6,F:\DOUTORAMENTO_22\INSTRUMENTOS\Instrumentos_espectro_versão 3\CORDAS\VIOLINO\Vln_Orchidea\ordinario\Vln_Orchidea_ff\Vn-ord-G#6-ff-2c-T14d.wav,.wav,ordinario
orchidea,ordinario,ff,G3,F:\DOUTORAMENTO_22\INSTRUMENTOS\Instrumentos_espectro_versão 3\CORDAS\VIOLINO\Vln_Orchidea\ordinario\Vln_Orchidea_ff\Vn-ord-G3-ff-4c-N.wav,.wav,ordinario
orchidea,ordinario,ff,G4,F:\DOUTORAMENTO_22\INSTRUMENTOS\Instrumentos_espectro_versão 3\CORDAS\VIOLINO\Vln_Orchidea\ordinario\Vln_Orchidea_ff\Vn-ord-G4-ff-3c-N.wav,.wav,ordinario
orchidea,ordinario,ff,G4,F:\DOUTORAMENTO_22\INSTRUMENTOS\Instrumentos_espectro_versão 3\CORDAS\VIOLINO\Vln_Orchidea\ordinario\Vln_Orchidea_ff\Vn-ord-G4-ff-4c-N.wav,.wav,ordinario
orchidea,ordinario,ff,G5,F:\DOUTORAMENTO_22\INSTRUMENTOS\Instrumentos_espectro_versão 3\CORDAS\VIOLINO\Vln_Orchidea\ordinario\Vln_Orchidea_ff\Vn-ord-G5-ff-1c-T11d.wav,.wav,ordinario
orchidea,ordinario,ff,G5,F:\DOUTORAMENTO_22\INSTRUMENTOS\Instrumentos_espectro_versão 3\CORDAS\VIOLINO\Vln_Orchidea\ordinario\Vln_Orchidea_ff\Vn-ord-G5-ff-2c-N.wav,.wav,ordinario
orchidea,ordinario,ff,G5,F:\DOUTORAMENTO_22\INSTRUMENTOS\Instrumentos_espectro_versão 3\CORDAS\VIOLINO\Vln_Orchidea\ordinario\Vln_Orchidea_ff\Vn-ord-G5-ff-3c-N.wav,.wav,ordinario
orchidea,ordinario,ff,G6,F:\DOUTORAMENTO_22\INSTRUMENTOS\Instrumentos_espectro_versão 3\CORDAS\VIOLINO\Vln_Orchidea\ordinario\Vln_Orchidea_ff\Vn-ord-G6-ff-1c-T12d_R100u.wav,.wav,ordinario
orchidea,ordinario,ff,G6,F:\DOUTORAMENTO_22\INSTRUMENTOS\Instrumentos_espectro_versão 3\CORDAS\VIOLINO\Vln_Orchidea\ordinario\Vln_Orchidea_ff\Vn-ord-G6-ff-2c-T12d.wav,.wav,ordinario
orchidea,ordinario,ff,A#3,F:\DOUTORAMENTO_22\INSTRUMENTOS\Instrumentos_espectro_versão 3\CORDAS\VIOLINO\Vln_Orchidea\ordinario\Vln_Orchidea_ff\_Attacks\Vn-ord-A#3-ff-4c-T15u_Attacks.wav,.wav,ordinario
orchidea,ordinario,ff,A#4,F:\DOUTORAMENTO_22\INSTRUMENTOS\Instrumentos_espectro_versão 3\CORDAS\VIOLINO\Vln_Orchidea\ordinario\Vln_Orchidea_ff\_Attacks\Vn-ord-A#4-ff-2c-N_Attacks.wav,.wav,ordinario
orchidea,ordinario,ff,A#4,F:\DOUTORAMENTO_22\INSTRUMENTOS\Instrumentos_espectro_versão 3\CORDAS\VIOLINO\Vln_Orchidea\ordinario\Vln_Orchidea_ff\_Attacks\Vn-ord-A#4-ff-3c-N_Attacks.wav,.wav,ordinario
orchidea,ordinario,ff,A#4,F:\DOUTORAMENTO_22\INSTRUMENTOS\Instrumentos_espectro_versão 3\CORDAS\VIOLINO\Vln_Orchidea\ordinario\Vln_Orchidea_ff\_Attacks\Vn-ord-A#4-ff-4c-N_Attacks.wav,.wav,ordinario
orchidea,ordinario,ff,A#5,F:\DOUTORAMENTO_22\INSTRUMENTOS\Instrumentos_espectro_versão 3\CORDAS\VIOLINO\Vln_Orchidea\ordinario\Vln_Orchidea_ff\_Attacks\Vn-ord-A#5-ff-1c-T13u_Attacks.wav,.wav,ordinario
orchidea,ordinario,ff,A#5,F:\DOUTORAMENTO_22\INSTRUMENTOS\Instrumentos_espectro_versão 3\CORDAS\VIOLINO\Vln_Orchidea\ordinario\Vln_Orchidea_ff\_Attacks\Vn-ord-A#5-ff-2c-T10u_Attacks.wav,.wav,ordinario
orchidea,ordinario,ff,A#5,F:\DOUTORAMENTO_22\INSTRUMENTOS\Instrumentos_espectro_versão 3\CORDAS\VIOLINO\Vln_Orchidea\ordinario\Vln_Orchidea_ff\_Attacks\Vn-ord-A#5-ff-3c-R100u_Attacks.wav,.wav,ordinario
orchidea,ordinario,ff,A#6,F:\DOUTORAMENTO_22\INSTRUMENTOS\Instrumentos_espectro_versão 3\CORDAS\VIOLINO\Vln_Orchidea\ordinario\Vln_Orchidea_ff\_Attacks\Vn-ord-A#6-ff-1c-N_Attacks.wav,.wav,ordinario
orchidea,ordinario,ff,A3,F:\DOUTORAMENTO_22\INSTRUMENTOS\Instrumentos_espectro_versão 3\CORDAS\VIOLINO\Vln_Orchidea\ordinario\Vln_Orchidea_ff\_Attacks\Vn-ord-A3-ff-4c-N_Attacks.wav,.wav,ordinario
orchidea,ordinario,ff,A4,F:\DOUTORAMENTO_22\INSTRUMENTOS\Instrumentos_espectro_versão 3\CORDAS\VIOLINO\Vln_Orchidea\ordinario\Vln_Orchidea_ff\_Attacks\Vn-ord-A4-ff-2c-N_Attacks.wav,.wav,ordinario
orchidea,ordinario,ff,A4,F:\DOUTORAMENTO_22\INSTRUMENTOS\Instrumentos_espectro_versão 3\CORDAS\VIOLINO\Vln_Orchidea\ordinario\Vln_Orchidea_ff\_Attacks\Vn-ord-A4-ff-3c-N_Attacks.wav,.wav,ordinario
orchidea,ordinario,ff,A4,F:\DOUTORAMENTO_22\INSTRUMENTOS\Instrumentos_espectro_versão 3\CORDAS\VIOLINO\Vln_Orchidea\ordinario\Vln_Orchidea_ff\_Attacks\Vn-ord-A4-ff-4c-N_Attacks.wav,.wav,ordinario
orchidea,ordinario,ff,A5,F:\DOUTORAMENTO_22\INSTRUMENTOS\Instrumentos_espectro_versão 3\CORDAS\VIOLINO\Vln_Orchidea\ordinario\Vln_Orchidea_ff\_Attacks\Vn-ord-A5-ff-1c-N_Attacks.wav,.wav,ordinario
orchidea,ordinario,ff,A5,F:\DOUTORAMENTO_22\INSTRUMENTOS\Instrumentos_espectro_versão 3\CORDAS\VIOLINO\Vln_Orchidea\ordinario\Vln_Orchidea_ff\_Attacks\Vn-ord-A5-ff-2c-N_Attacks.wav,.wav,ordinario
orchidea,ordinario,ff,A5,F:\DOUTORAMENTO_22\INSTRUMENTOS\Instrumentos_espectro_versão 3\CORDAS\VIOLINO\Vln_Orchidea\ordinario\Vln_Orchidea_ff\_Attacks\Vn-ord-A5-ff-3c-N_Attacks.wav,.wav,ordinario
orchidea,ordinario,ff,A6,F:\DOUTORAMENTO_22\INSTRUMENTOS\Instrumentos_espectro_versão 3\CORDAS\VIOLINO\Vln_Orchidea\ordinario\Vln_Orchidea_ff\_Attacks\Vn-ord-A6-ff-1c-T11d_Attacks.wav,.wav,ordinario
orchidea,ordinario,ff,B3,F:\DOUTORAMENTO_22\INSTRUMENTOS\Instrumentos_espectro_versão 3\CORDAS\VIOLINO\Vln_Orchidea\ordinario\Vln_Orchidea_ff\_Attacks\Vn-ord-B3-ff-4c-T17u_Attacks.wav,.wav,ordinario
orchidea,ordinario,ff,B4,F:\DOUTORAMENTO_22\INSTRUMENTOS\Instrumentos_espectro_versão 3\CORDAS\VIOLINO\Vln_Orchidea\ordinario\Vln_Orchidea_ff\_Attacks\Vn-ord-B4-ff-2c-T10u_Attacks.wav,.wav,ordinario
orchidea,ordinario,ff,B4,F:\DOUTORAMENTO_22\INSTRUMENTOS\Instrumentos_espectro_versão 3\CORDAS\VIOLINO\Vln_Orchidea\ordinario\Vln_Orchidea_ff\_Attacks\Vn-ord-B4-ff-3c-N_Attacks.wav,.wav,ordinario
orchidea,ordinario,ff,B4,F:\DOUTORAMENTO_22\INSTRUMENTOS\Instrumentos_espectro_versão 3\CORDAS\VIOLINO\Vln_Orchidea\ordinario\Vln_Orchidea_ff\_Attacks\Vn-ord-B4-ff-4c-T12u_Attacks.wav,.wav,ordinario
orchidea,ordinario,ff,B5,F:\DOUTORAMENTO_22\INSTRUMENTOS\Instrumentos_espectro_versão 3\CORDAS\VIOLINO\Vln_Orchidea\ordinario\Vln_Orchidea_ff\_Attacks\Vn-ord-B5-ff-1c-N_Attacks.wav,.wav,ordinario
orchidea,ordinario,ff,B5,F:\DOUTORAMENTO_22\INSTRUMENTOS\Instrumentos_espectro_versão 3\CORDAS\VIOLINO\Vln_Orchidea\ordinario\Vln_Orchidea_ff\_Attacks\Vn-ord-B5-ff-2c-N_Attacks.wav,.wav,ordinario
orchidea,ordinario,ff,B5,F:\DOUTORAMENTO_22\INSTRUMENTOS\Instrumentos_espectro_versão 3\CORDAS\VIOLINO\Vln_Orchidea\ordinario\Vln_Orchidea_ff\_Attacks\Vn-ord-B5-ff-3c-N_Attacks.wav,.wav,ordinario
orchidea,ordinario,ff,B6,F:\DOUTORAMENTO_22\INSTRUMENTOS\Instrumentos_espectro_versão 3\CORDAS\VIOLINO\Vln_Orchidea\ordinario\Vln_Orchidea_ff\_Attacks\Vn-ord-B6-ff-1c-T20d_Attacks.wav,.wav,ordinario
orchidea,ordinario,ff,C#4,F:\DOUTORAMENTO_22\INSTRUMENTOS\Instrumentos_espectro_versão 3\CORDAS\VIOLINO\Vln_Orchidea\ordinario\Vln_Orchidea_ff\_Attacks\Vn-ord-C#4-ff-4c-N_Attacks.wav,.wav,ordinario
orchidea,ordinario,ff,C#5,F:\DOUTORAMENTO_22\INSTRUMENTOS\Instrumentos_espectro_versão 3\CORDAS\VIOLINO\Vln_Orchidea\ordinario\Vln_Orchidea_ff\_Attacks\Vn-ord-C#5-ff-2c-N_Attacks.wav,.wav,ordinario
orchidea,ordinario,ff,C#5,F:\DOUTORAMENTO_22\INSTRUMENTOS\Instrumentos_espectro_versão 3\CORDAS\VIOLINO\Vln_Orchidea\ordinario\Vln_Orchidea_ff\_Attacks\Vn-ord-C#5-ff-3c-T13u_Attacks.wav,.wav,ordinario
orchidea,ordinario,ff,C#5,F:\DOUTORAMENTO_22\INSTRUMENTOS\Instrumentos_espectro_versão 3\CORDAS\VIOLINO\Vln_Orchidea\ordinario\Vln_Orchidea_ff\_Attacks\Vn-ord-C#5-ff-4c-T10u_Attacks.wav,.wav,ordinario
orchidea,ordinario,ff,C#6,F:\DOUTORAMENTO_22\INSTRUMENTOS\Instrumentos_espectro_versão 3\CORDAS\VIOLINO\Vln_Orchidea\ordinario\Vln_Orchidea_ff\_Attacks\Vn-ord-C#6-ff-1c-N_Attacks.wav,.wav,ordinario
orchidea,ordinario,ff,C#6,F:\DOUTORAMENTO_22\INSTRUMENTOS\Instrumentos_espectro_versão 3\CORDAS\VIOLINO\Vln_Orchidea\ordinario\Vln_Orchidea_ff\_Attacks\Vn-ord-C#6-ff-2c-N_Attacks.wav,.wav,ordinario
orchidea,ordinario,ff,C#7,F:\DOUTORAMENTO_22\INSTRUMENTOS\Instrumentos_espectro_versão 3\CORDAS\VIOLINO\Vln_Orchidea\ordinario\Vln_Orchidea_ff\_Attacks\Vn-ord-C#7-ff-1c-T26d_Attacks.wav,.wav,ordinario
orchidea,ordinario,ff,C4,F:\DOUTORAMENTO_22\INSTRUMENTOS\Instrumentos_espectro_versão 3\CORDAS\VIOLINO\Vln_Orchidea\ordinario\Vln_Orchidea_ff\_Attacks\Vn-ord-C4-ff-4c-N_Attacks.wav,.wav,ordinario
orchidea,ordinario,ff,C5,F:\DOUTORAMENTO_22\INSTRUMENTOS\Instrumentos_espectro_versão 3\CORDAS\VIOLINO\Vln_Orchidea\ordinario\Vln_Orchidea_ff\_Attacks\Vn-ord-C5-ff-2c-N_Attacks.wav,.wav,ordinario
orchidea,ordinario,ff,C5,F:\DOUTORAMENTO_22\INSTRUMENTOS\Instrumentos_espectro_versão 3\CORDAS\VIOLINO\Vln_Orchidea\ordinario\Vln_Orchidea_ff\_Attacks\Vn-ord-C5-ff-3c-N_Attacks.wav,.wav,ordinario
orchidea,ordinario,ff,C5,F:\DOUTORAMENTO_22\INSTRUMENTOS\Instrumentos_espectro_versão 3\CORDAS\VIOLINO\Vln_Orchidea\ordinario\Vln_Orchidea_ff\_Attacks\Vn-ord-C5-ff-4c-N_Attacks.wav,.wav,ordinario
orchidea,ordinario,ff,C6,F:\DOUTORAMENTO_22\INSTRUMENTOS\Instrumentos_espectro_versão 3\CORDAS\VIOLINO\Vln_Orchidea\ordinario\Vln_Orchidea_ff\_Attacks\Vn-ord-C6-ff-1c-T11d_Attacks.wav,.wav,ordinario
orchidea,ordinario,ff,C6,F:\DOUTORAMENTO_22\INSTRUMENTOS\Instrumentos_espectro_versão 3\CORDAS\VIOLINO\Vln_Orchidea\ordinario\Vln_Orchidea_ff\_Attacks\Vn-ord-C6-ff-2c-T11d_Attacks.wav,.wav,ordinario
orchidea,ordinario,ff,C6,F:\DOUTORAMENTO_22\INSTRUMENTOS\Instrumentos_espectro_versão 3\CORDAS\VIOLINO\Vln_Orchidea\ordinario\Vln_Orchidea_ff\_Attacks\Vn-ord-C6-ff-3c-T18d_Attacks.wav,.wav,ordinario
orchidea,ordinario,ff,C7,F:\DOUTORAMENTO_22\INSTRUMENTOS\Instrumentos_espectro_versão 3\CORDAS\VIOLINO\Vln_Orchidea\ordinario\Vln_Orchidea_ff\_Attacks\Vn-ord-C7-ff-1c-T30d_Attacks.wav,.wav,ordinario
orchidea,ordinario,ff,D#4,F:\DOUTORAMENTO_22\INSTRUMENTOS\Instrumentos_espectro_versão 3\CORDAS\VIOLINO\Vln_Orchidea\ordinario\Vln_Orchidea_ff\_Attacks\Vn-ord-D#4-ff-3c-N_Attacks.wav,.wav,ordinario
orchidea,ordinario,ff,D#4,F:\DOUTORAMENTO_22\INSTRUMENTOS\Instrumentos_espectro_versão 3\CORDAS\VIOLINO\Vln_Orchidea\ordinario\Vln_Orchidea_ff\_Attacks\Vn-ord-D#4-ff-4c-T10u_Attacks.wav,.wav,ordinario
orchidea,ordinario,ff,D#5,F:\DOUTORAMENTO_22\INSTRUMENTOS\Instrumentos_espectro_versão 3\CORDAS\VIOLINO\Vln_Orchidea\ordinario\Vln_Orchidea_ff\_Attacks\Vn-ord-D#5-ff-2c-N_Attacks.wav,.wav,ordinario
orchidea,ordinario,ff,D#5,F:\DOUTORAMENTO_22\INSTRUMENTOS\Instrumentos_espectro_versão 3\CORDAS\VIOLINO\Vln_Orchidea\ordinario\Vln_Orchidea_ff\_Attacks\Vn-ord-D#5-ff-3c-N_Attacks.wav,.wav,ordinario
orchidea,ordinario,ff,D#5,F:\DOUTORAMENTO_22\INSTRUMENTOS\Instrumentos_espectro_versão 3\CORDAS\VIOLINO\Vln_Orchidea\ordinario\Vln_Orchidea_ff\_Attacks\Vn-ord-D#5-ff-4c-N_Attacks.wav,.wav,ordinario
orchidea,ordinario,ff,D#6,F:\DOUTORAMENTO_22\INSTRUMENTOS\Instrumentos_espectro_versão 3\CORDAS\VIOLINO\Vln_Orchidea\ordinario\Vln_Orchidea_ff\_Attacks\Vn-ord-D#6-ff-1c-N_Attacks.wav,.wav,ordinario
orchidea,ordinario,ff,D#6,F:\DOUTORAMENTO_22\INSTRUMENTOS\Instrumentos_espectro_versão 3\CORDAS\VIOLINO\Vln_Orchidea\ordinario\Vln_Orchidea_ff\_Attacks\Vn-ord-D#6-ff-2c-N_Attacks.wav,.wav,ordinario
orchidea,ordinario,ff,D#7,F:\DOUTORAMENTO_22\INSTRUMENTOS\Instrumentos_espectro_versão 3\CORDAS\VIOLINO\Vln_Orchidea\ordinario\Vln_Orchidea_ff\_Attacks\Vn-ord-D#7-ff-1c-T23d_R100u_Attacks.wav,.wav,ordinario
orchidea,ordinario,ff,D4,F:\DOUTORAMENTO_22\INSTRUMENTOS\Instrumentos_espectro_versão 3\CORDAS\VIOLINO\Vln_Orchidea\ordinario\Vln_Orchidea_ff\_Attacks\Vn-ord-D4-ff-3c-N_Attacks.wav,.wav,ordinario
orchidea,ordinario,ff,D4,F:\DOUTORAMENTO_22\INSTRUMENTOS\Instrumentos_espectro_versão 3\CORDAS\VIOLINO\Vln_Orchidea\ordinario\Vln_Orchidea_ff\_Attacks\Vn-ord-D4-ff-4c-N_Attacks.wav,.wav,ordinario
orchidea,ordinario,ff,D5,F:\DOUTORAMENTO_22\INSTRUMENTOS\Instrumentos_espectro_versão 3\CORDAS\VIOLINO\Vln_Orchidea\ordinario\Vln_Orchidea_ff\_Attacks\Vn-ord-D5-ff-2c-N_Attacks.wav,.wav,ordinario
orchidea,ordinario,ff,D5,F:\DOUTORAMENTO_22\INSTRUMENTOS\Instrumentos_espectro_versão 3\CORDAS\VIOLINO\Vln_Orchidea\ordinario\Vln_Orchidea_ff\_Attacks\Vn-ord-D5-ff-3c-N_Attacks.wav,.wav,ordinario
orchidea,ordinario,ff,D5,F:\DOUTORAMENTO_22\INSTRUMENTOS\Instrumentos_espectro_versão 3\CORDAS\VIOLINO\Vln_Orchidea\ordinario\Vln_Orchidea_ff\_Attacks\Vn-ord-D5-ff-4c-N_Attacks.wav,.wav,ordinario
orchidea,ordinario,ff,D6,F:\DOUTORAMENTO_22\INSTRUMENTOS\Instrumentos_espectro_versão 3\CORDAS\VIOLINO\Vln_Orchidea\ordinario\Vln_Orchidea_ff\_Attacks\Vn-ord-D6-ff-1c-T11d_Attacks.wav,.wav,ordinario
orchidea,ordinario,ff,D6,F:\DOUTORAMENTO_22\INSTRUMENTOS\Instrumentos_espectro_versão 3\CORDAS\VIOLINO\Vln_Orchidea\ordinario\Vln_Orchidea_ff\_Attacks\Vn-ord-D6-ff-2c-N_Attacks.wav,.wav,ordinario
orchidea,ordinario,ff,D7,F:\DOUTORAMENTO_22\INSTRUMENTOS\Instrumentos_espectro_versão 3\CORDAS\VIOLINO\Vln_Orchidea\ordinario\Vln_Orchidea_ff\_Attacks\Vn-ord-D7-ff-1c-T23d_Attacks.wav,.wav,ordinario
orchidea,ordinario,ff,E4,F:\DOUTORAMENTO_22\INSTRUMENTOS\Instrumentos_espectro_versão 3\CORDAS\VIOLINO\Vln_Orchidea\ordinario\Vln_Orchidea_ff\_Attacks\Vn-ord-E4-ff-3c-N_Attacks.wav,.wav,ordinario
orchidea,ordinario,ff,E4,F:\DOUTORAMENTO_22\INSTRUMENTOS\Instrumentos_espectro_versão 3\CORDAS\VIOLINO\Vln_Orchidea\ordinario\Vln_Orchidea_ff\_Attacks\Vn-ord-E4-ff-4c-N_Attacks.wav,.wav,ordinario
orchidea,ordinario,ff,E5,F:\DOUTORAMENTO_22\INSTRUMENTOS\Instrumentos_espectro_versão 3\CORDAS\VIOLINO\Vln_Orchidea\ordinario\Vln_Orchidea_ff\_Attacks\Vn-ord-E5-ff-1c-N_Attacks.wav,.wav,ordinario
orchidea,ordinario,ff,E5,F:\DOUTORAMENTO_22\INSTRUMENTOS\Instrumentos_espectro_versão 3\CORDAS\VIOLINO\Vln_Orchidea\ordinario\Vln_Orchidea_ff\_Attacks\Vn-ord-E5-ff-2c-N_Attacks.wav,.wav,ordinario
orchidea,ordinario,ff,E5,F:\DOUTORAMENTO_22\INSTRUMENTOS\Instrumentos_espectro_versão 3\CORDAS\VIOLINO\Vln_Orchidea\ordinario\Vln_Orchidea_ff\_Attacks\Vn-ord-E5-ff-3c-N_Attacks.wav,.wav,ordinario
orchidea,ordinario,ff,E5,F:\DOUTORAMENTO_22\INSTRUMENTOS\Instrumentos_espectro_versão 3\CORDAS\VIOLINO\Vln_Orchidea\ordinario\Vln_Orchidea_ff\_Attacks\Vn-ord-E5-ff-4c-N_Attacks.wav,.wav,ordinario
orchidea,ordinario,ff,E6,F:\DOUTORAMENTO_22\INSTRUMENTOS\Instrumentos_espectro_versão 3\CORDAS\VIOLINO\Vln_Orchidea\ordinario\Vln_Orchidea_ff\_Attacks\Vn-ord-E6-ff-1c-N_Attacks.wav,.wav,ordinario
orchidea,ordinario,ff,E6,F:\DOUTORAMENTO_22\INSTRUMENTOS\Instrumentos_espectro_versão 3\CORDAS\VIOLINO\Vln_Orchidea\ordinario\Vln_Orchidea_ff\_Attacks\Vn-ord-E6-ff-2c-N_Attacks.wav,.wav,ordinario
orchidea,ordinario,ff,E7,F:\DOUTORAMENTO_22\INSTRUMENTOS\Instrumentos_espectro_versão 3\CORDAS\VIOLINO\Vln_Orchidea\ordinario\Vln_Orchidea_ff\_Attacks\Vn-ord-E7-ff-1c-N_Attacks.wav,.wav,ordinario
orchidea,ordinario,ff,F#4,F:\DOUTORAMENTO_22\INSTRUMENTOS\Instrumentos_espectro_versão 3\CORDAS\VIOLINO\Vln_Orchidea\ordinario\Vln_Orchidea_ff\_Attacks\Vn-ord-F#4-ff-3c-T10u_Attacks.wav,.wav,ordinario
orchidea,ordinario,ff,F#4,F:\DOUTORAMENTO_22\INSTRUMENTOS\Instrumentos_espectro_versão 3\CORDAS\VIOLINO\Vln_Orchidea\ordinario\Vln_Orchidea_ff\_Attacks\Vn-ord-F#4-ff-4c-N_Attacks.wav,.wav,ordinario
orchidea,ordinario,ff,F#5,F:\DOUTORAMENTO_22\INSTRUMENTOS\Instrumentos_espectro_versão 3\CORDAS\VIOLINO\Vln_Orchidea\ordinario\Vln_Orchidea_ff\_Attacks\Vn-ord-F#5-ff-1c-N_Attacks.wav,.wav,ordinario
orchidea,ordinario,ff,F#5,F:\DOUTORAMENTO_22\INSTRUMENTOS\Instrumentos_espectro_versão 3\CORDAS\VIOLINO\Vln_Orchidea\ordinario\Vln_Orchidea_ff\_Attacks\Vn-ord-F#5-ff-2c-N_Attacks.wav,.wav,ordinario
orchidea,ordinario,ff,F#5,F:\DOUTORAMENTO_22\INSTRUMENTOS\Instrumentos_espectro_versão 3\CORDAS\VIOLINO\Vln_Orchidea\ordinario\Vln_Orchidea_ff\_Attacks\Vn-ord-F#5-ff-3c-N_Attacks.wav,.wav,ordinario
orchidea,ordinario,ff,F#6,F:\DOUTORAMENTO_22\INSTRUMENTOS\Instrumentos_espectro_versão 3\CORDAS\VIOLINO\Vln_Orchidea\ordinario\Vln_Orchidea_ff\_Attacks\Vn-ord-F#6-ff-1c-T12d_Attacks.wav,.wav,ordinario
orchidea,ordinario,ff,F#6,F:\DOUTORAMENTO_22\INSTRUMENTOS\Instrumentos_espectro_versão 3\CORDAS\VIOLINO\Vln_Orchidea\ordinario\Vln_Orchidea_ff\_Attacks\Vn-ord-F#6-ff-2c-T16d_Attacks.wav,.wav,ordinario
orchidea,ordinario,ff,F4,F:\DOUTORAMENTO_22\INSTRUMENTOS\Instrumentos_espectro_versão 3\CORDAS\VIOLINO\Vln_Orchidea\ordinario\Vln_Orchidea_ff\_Attacks\Vn-ord-F4-ff-3c-N_Attacks.wav,.wav,ordinario
orchidea,ordinario,ff,F4,F:\DOUTORAMENTO_22\INSTRUMENTOS\Instrumentos_espectro_versão 3\CORDAS\VIOLINO\Vln_Orchidea\ordinario\Vln_Orchidea_ff\_Attacks\Vn-ord-F4-ff-4c-T11u_Attacks.wav,.wav,ordinario
orchidea,ordinario,ff,F5,F:\DOUTORAMENTO_22\INSTRUMENTOS\Instrumentos_espectro_versão 3\CORDAS\VIOLINO\Vln_Orchidea\ordinario\Vln_Orchidea_ff\_Attacks\Vn-ord-F5-ff-1c-N_Attacks.wav,.wav,ordinario
orchidea,ordinario,ff,F5,F:\DOUTORAMENTO_22\INSTRUMENTOS\Instrumentos_espectro_versão 3\CORDAS\VIOLINO\Vln_Orchidea\ordinario\Vln_Orchidea_ff\_Attacks\Vn-ord-F5-ff-2c-N_Attacks.wav,.wav,ordinario
orchidea,ordinario,ff,F5,F:\DOUTORAMENTO_22\INSTRUMENTOS\Instrumentos_espectro_versão 3\CORDAS\VIOLINO\Vln_Orchidea\ordinario\Vln_Orchidea_ff\_Attacks\Vn-ord-F5-ff-3c-T15u_Attacks.wav,.wav,ordinario
orchidea,ordinario,ff,F6,F:\DOUTORAMENTO_22\INSTRUMENTOS\Instrumentos_espectro_versão 3\CORDAS\VIOLINO\Vln_Orchidea\ordinario\Vln_Orchidea_ff\_Attacks\Vn-ord-F6-ff-1c-N_Attacks.wav,.wav,ordinario
orchidea,ordinario,ff,F6,F:\DOUTORAMENTO_22\INSTRUMENTOS\Instrumentos_espectro_versão 3\CORDAS\VIOLINO\Vln_Orchidea\ordinario\Vln_Orchidea_ff\_Attacks\Vn-ord-F6-ff-2c-T20d_Attacks.wav,.wav,ordinario
orchidea,ordinario,ff,G#3,F:\DOUTORAMENTO_22\INSTRUMENTOS\Instrumentos_espectro_versão 3\CORDAS\VIOLINO\Vln_Orchidea\ordinario\Vln_Orchidea_ff\_Attacks\Vn-ord-G#3-ff-4c-T16u_Attacks.wav,.wav,ordinario
orchidea,ordinario,ff,G#4,F:\DOUTORAMENTO_22\INSTRUMENTOS\Instrumentos_espectro_versão 3\CORDAS\VIOLINO\Vln_Orchidea\ordinario\Vln_Orchidea_ff\_Attacks\Vn-ord-G#4-ff-3c-N_Attacks.wav,.wav,ordinario
orchidea,ordinario,ff,G#4,F:\DOUTORAMENTO_22\INSTRUMENTOS\Instrumentos_espectro_versão 3\CORDAS\VIOLINO\Vln_Orchidea\ordinario\Vln_Orchidea_ff\_Attacks\Vn-ord-G#4-ff-4c-N_Attacks.wav,.wav,ordinario
orchidea,ordinario,ff,G#5,F:\DOUTORAMENTO_22\INSTRUMENTOS\Instrumentos_espectro_versão 3\CORDAS\VIOLINO\Vln_Orchidea\ordinario\Vln_Orchidea_ff\_Attacks\Vn-ord-G#5-ff-1c-N_Attacks.wav,.wav,ordinario
orchidea,ordinario,ff,G#5,F:\DOUTORAMENTO_22\INSTRUMENTOS\Instrumentos_espectro_versão 3\CORDAS\VIOLINO\Vln_Orchidea\ordinario\Vln_Orchidea_ff\_Attacks\Vn-ord-G#5-ff-2c-N_Attacks.wav,.wav,ordinario
orchidea,ordinario,ff,G#5,F:\DOUTORAMENTO_22\INSTRUMENTOS\Instrumentos_espectro_versão 3\CORDAS\VIOLINO\Vln_Orchidea\ordinario\Vln_Orchidea_ff\_Attacks\Vn-ord-G#5-ff-3c-N_Attacks.wav,.wav,ordinario
orchidea,ordinario,ff,G#6,F:\DOUTORAMENTO_22\INSTRUMENTOS\Instrumentos_espectro_versão 3\CORDAS\VIOLINO\Vln_Orchidea\ordinario\Vln_Orchidea_ff\_Attacks\Vn-ord-G#6-ff-1c-T24d_Attacks.wav,.wav,ordinario
orchidea,ordinario,ff,G#6,F:\DOUTORAMENTO_22\INSTRUMENTOS\Instrumentos_espectro_versão 3\CORDAS\VIOLINO\Vln_Orchidea\ordinario\Vln_Orchidea_ff\_Attacks\Vn-ord-G#6-ff-2c-T14d_Attacks.wav,.wav,ordinario
orchidea,ordinario,ff,G3,F:\DOUTORAMENTO_22\INSTRUMENTOS\Instrumentos_espectro_versão 3\CORDAS\VIOLINO\Vln_Orchidea\ordinario\Vln_Orchidea_ff\_Attacks\Vn-ord-G3-ff-4c-N_Attacks.wav,.wav,ordinario
orchidea,ordinario,ff,G4,F:\DOUTORAMENTO_22\INSTRUMENTOS\Instrumentos_espectro_versão 3\CORDAS\VIOLINO\Vln_Orchidea\ordinario\Vln_Orchidea_ff\_Attacks\Vn-ord-G4-ff-3c-N_Attacks.wav,.wav,ordinario
orchidea,ordinario,ff,G4,F:\DOUTORAMENTO_22\INSTRUMENTOS\Instrumentos_espectro_versão 3\CORDAS\VIOLINO\Vln_Orchidea\ordinario\Vln_Orchidea_ff\_Attacks\Vn-ord-G4-ff-4c-N_Attacks.wav,.wav,ordinario
orchidea,ordinario,ff,G5,F:\DOUTORAMENTO_22\INSTRUMENTOS\Instrumentos_espectro_versão 3\CORDAS\VIOLINO\Vln_Orchidea\ordinario\Vln_Orchidea_ff\_Attacks\Vn-ord-G5-ff-1c-T11d_Attacks.wav,.wav,ordinario
orchidea,ordinario,ff,G5,F:\DOUTORAMENTO_22\INSTRUMENTOS\Instrumentos_espectro_versão 3\CORDAS\VIOLINO\Vln_Orchidea\ordinario\Vln_Orchidea_ff\_Attacks\Vn-ord-G5-ff-2c-N_Attacks.wav,.wav,ordinario
orchidea,ordinario,ff,G5,F:\DOUTORAMENTO_22\INSTRUMENTOS\Instrumentos_espectro_versão 3\CORDAS\VIOLINO\Vln_Orchidea\ordinario\Vln_Orchidea_ff\_Attacks\Vn-ord-G5-ff-3c-N_Attacks.wav,.wav,ordinario
orchidea,ordinario,ff,G6,F:\DOUTORAMENTO_22\INSTRUMENTOS\Instrumentos_espectro_versão 3\CORDAS\VIOLINO\Vln_Orchidea\ordinario\Vln_Orchidea_ff\_Attacks\Vn-ord-G6-ff-1c-T12d_R100u_Attacks.wav,.wav,ordinario
orchidea,ordinario,ff,G6,F:\DOUTORAMENTO_22\INSTRUMENTOS\Instrumentos_espectro_versão 3\CORDAS\VIOLINO\Vln_Orchidea\ordinario\Vln_Orchidea_ff\_Attacks\Vn-ord-G6-ff-2c-T12d_Attacks.wav,.wav,ordinario
orchidea,ordinario,ff,A#3,F:\DOUTORAMENTO_22\INSTRUMENTOS\Instrumentos_espectro_versão 3\CORDAS\VIOLINO\Vln_Orchidea\ordinario\Vln_Orchidea_ff\_Decays\Vn-ord-A#3-ff-4c-T15u_Decays.wav,.wav,ordinario
orchidea,ordinario,ff,A#4,F:\DOUTORAMENTO_22\INSTRUMENTOS\Instrumentos_espectro_versão 3\CORDAS\VIOLINO\Vln_Orchidea\ordinario\Vln_Orchidea_ff\_Decays\Vn-ord-A#4-ff-2c-N_Decays.wav,.wav,ordinario
orchidea,ordinario,ff,A#4,F:\DOUTORAMENTO_22\INSTRUMENTOS\Instrumentos_espectro_versão 3\CORDAS\VIOLINO\Vln_Orchidea\ordinario\Vln_Orchidea_ff\_Decays\Vn-ord-A#4-ff-3c-N_Decays.wav,.wav,ordinario
orchidea,ordinario,ff,A#4,F:\DOUTORAMENTO_22\INSTRUMENTOS\Instrumentos_espectro_versão 3\CORDAS\VIOLINO\Vln_Orchidea\ordinario\Vln_Orchidea_ff\_Decays\Vn-ord-A#4-ff-4c-N_Decays.wav,.wav,ordinario
orchidea,ordinario,ff,A#5,F:\DOUTORAMENTO_22\INSTRUMENTOS\Instrumentos_espectro_versão 3\CORDAS\VIOLINO\Vln_Orchidea\ordinario\Vln_Orchidea_ff\_Decays\Vn-ord-A#5-ff-1c-T13u_Decays.wav,.wav,ordinario
orchidea,ordinario,ff,A#5,F:\DOUTORAMENTO_22\INSTRUMENTOS\Instrumentos_espectro_versão 3\CORDAS\VIOLINO\Vln_Orchidea\ordinario\Vln_Orchidea_ff\_Decays\Vn-ord-A#5-ff-2c-T10u_Decays.wav,.wav,ordinario
orchidea,ordinario,ff,A#5,F:\DOUTORAMENTO_22\INSTRUMENTOS\Instrumentos_espectro_versão 3\CORDAS\VIOLINO\Vln_Orchidea\ordinario\Vln_Orchidea_ff\_Decays\Vn-ord-A#5-ff-3c-R100u_Decays.wav,.wav,ordinario
orchidea,ordinario,ff,A#6,F:\DOUTORAMENTO_22\INSTRUMENTOS\Instrumentos_espectro_versão 3\CORDAS\VIOLINO\Vln_Orchidea\ordinario\Vln_Orchidea_ff\_Decays\Vn-ord-A#6-ff-1c-N_Decays.wav,.wav,ordinario
orchidea,ordinario,ff,A3,F:\DOUTORAMENTO_22\INSTRUMENTOS\Instrumentos_espectro_versão 3\CORDAS\VIOLINO\Vln_Orchidea\ordinario\Vln_Orchidea_ff\_Decays\Vn-ord-A3-ff-4c-N_Decays.wav,.wav,ordinario
orchidea,ordinario,ff,A4,F:\DOUTORAMENTO_22\INSTRUMENTOS\Instrumentos_espectro_versão 3\CORDAS\VIOLINO\Vln_Orchidea\ordinario\Vln_Orchidea_ff\_Decays\Vn-ord-A4-ff-2c-N_Decays.wav,.wav,ordinario
orchidea,ordinario,ff,A4,F:\DOUTORAMENTO_22\INSTRUMENTOS\Instrumentos_espectro_versão 3\CORDAS\VIOLINO\Vln_Orchidea\ordinario\Vln_Orchidea_ff\_Decays\Vn-ord-A4-ff-3c-N_Decays.wav,.wav,ordinario
orchidea,ordinario,ff,A4,F:\DOUTORAMENTO_22\INSTRUMENTOS\Instrumentos_espectro_versão 3\CORDAS\VIOLINO\Vln_Orchidea\ordinario\Vln_Orchidea_ff\_Decays\Vn-ord-A4-ff-4c-N_Decays.wav,.wav,ordinario
orchidea,ordinario,ff,A5,F:\DOUTORAMENTO_22\INSTRUMENTOS\Instrumentos_espectro_versão 3\CORDAS\VIOLINO\Vln_Orchidea\ordinario\Vln_Orchidea_ff\_Decays\Vn-ord-A5-ff-1c-N_Decays.wav,.wav,ordinario
orchidea,ordinario,ff,A5,F:\DOUTORAMENTO_22\INSTRUMENTOS\Instrumentos_espectro_versão 3\CORDAS\VIOLINO\Vln_Orchidea\ordinario\Vln_Orchidea_ff\_Decays\Vn-ord-A5-ff-2c-N_Decays.wav,.wav,ordinario
orchidea,ordinario,ff,A5,F:\DOUTORAMENTO_22\INSTRUMENTOS\Instrumentos_espectro_versão 3\CORDAS\VIOLINO\Vln_Orchidea\ordinario\Vln_Orchidea_ff\_Decays\Vn-ord-A5-ff-3c-N_Decays.wav,.wav,ordinario
orchidea,ordinario,ff,A6,F:\DOUTORAMENTO_22\INSTRUMENTOS\Instrumentos_espectro_versão 3\CORDAS\VIOLINO\Vln_Orchidea\ordinario\Vln_Orchidea_ff\_Decays\Vn-ord-A6-ff-1c-T11d_Decays.wav,.wav,ordinario
orchidea,ordinario,ff,B3,F:\DOUTORAMENTO_22\INSTRUMENTOS\Instrumentos_espectro_versão 3\CORDAS\VIOLINO\Vln_Orchidea\ordinario\Vln_Orchidea_ff\_Decays\Vn-ord-B3-ff-4c-T17u_Decays.wav,.wav,ordinario
orchidea,ordinario,ff,B4,F:\DOUTORAMENTO_22\INSTRUMENTOS\Instrumentos_espectro_versão 3\CORDAS\VIOLINO\Vln_Orchidea\ordinario\Vln_Orchidea_ff\_Decays\Vn-ord-B4-ff-2c-T10u_Decays.wav,.wav,ordinario
orchidea,ordinario,ff,B4,F:\DOUTORAMENTO_22\INSTRUMENTOS\Instrumentos_espectro_versão 3\CORDAS\VIOLINO\Vln_Orchidea\ordinario\Vln_Orchidea_ff\_Decays\Vn-ord-B4-ff-3c-N_Decays.wav,.wav,ordinario
orchidea,ordinario,ff,B4,F:\DOUTORAMENTO_22\INSTRUMENTOS\Instrumentos_espectro_versão 3\CORDAS\VIOLINO\Vln_Orchidea\ordinario\Vln_Orchidea_ff\_Decays\Vn-ord-B4-ff-4c-T12u_Decays.wav,.wav,ordinario
orchidea,ordinario,ff,B5,F:\DOUTORAMENTO_22\INSTRUMENTOS\Instrumentos_espectro_versão 3\CORDAS\VIOLINO\Vln_Orchidea\ordinario\Vln_Orchidea_ff\_Decays\Vn-ord-B5-ff-1c-N_Decays.wav,.wav,ordinario
orchidea,ordinario,ff,B5,F:\DOUTORAMENTO_22\INSTRUMENTOS\Instrumentos_espectro_versão 3\CORDAS\VIOLINO\Vln_Orchidea\ordinario\Vln_Orchidea_ff\_Decays\Vn-ord-B5-ff-2c-N_Decays.wav,.wav,ordinario
orchidea,ordinario,ff,B5,F:\DOUTORAMENTO_22\INSTRUMENTOS\Instrumentos_espectro_versão 3\CORDAS\VIOLINO\Vln_Orchidea\ordinario\Vln_Orchidea_ff\_Decays\Vn-ord-B5-ff-3c-N_Decays.wav,.wav,ordinario
orchidea,ordinario,ff,B6,F:\DOUTORAMENTO_22\INSTRUMENTOS\Instrumentos_espectro_versão 3\CORDAS\VIOLINO\Vln_Orchidea\ordinario\Vln_Orchidea_ff\_Decays\Vn-ord-B6-ff-1c-T20d_Decays.wav,.wav,ordinario
orchidea,ordinario,ff,C#4,F:\DOUTORAMENTO_22\INSTRUMENTOS\Instrumentos_espectro_versão 3\CORDAS\VIOLINO\Vln_Orchidea\ordinario\Vln_Orchidea_ff\_Decays\Vn-ord-C#4-ff-4c-N_Decays.wav,.wav,ordinario
orchidea,ordinario,ff,C#5,F:\DOUTORAMENTO_22\INSTRUMENTOS\Instrumentos_espectro_versão 3\CORDAS\VIOLINO\Vln_Orchidea\ordinario\Vln_Orchidea_ff\_Decays\Vn-ord-C#5-ff-2c-N_Decays.wav,.wav,ordinario
orchidea,ordinario,ff,C#5,F:\DOUTORAMENTO_22\INSTRUMENTOS\Instrumentos_espectro_versão 3\CORDAS\VIOLINO\Vln_Orchidea\ordinario\Vln_Orchidea_ff\_Decays\Vn-ord-C#5-ff-3c-T13u_Decays.wav,.wav,ordinario
orchidea,ordinario,ff,C#5,F:\DOUTORAMENTO_22\INSTRUMENTOS\Instrumentos_espectro_versão 3\CORDAS\VIOLINO\Vln_Orchidea\ordinario\Vln_Orchidea_ff\_Decays\Vn-ord-C#5-ff-4c-T10u_Decays.wav,.wav,ordinario
orchidea,ordinario,ff,C#6,F:\DOUTORAMENTO_22\INSTRUMENTOS\Instrumentos_espectro_versão 3\CORDAS\VIOLINO\Vln_Orchidea\ordinario\Vln_Orchidea_ff\_Decays\Vn-ord-C#6-ff-1c-N_Decays.wav,.wav,ordinario
orchidea,ordinario,ff,C#6,F:\DOUTORAMENTO_22\INSTRUMENTOS\Instrumentos_espectro_versão 3\CORDAS\VIOLINO\Vln_Orchidea\ordinario\Vln_Orchidea_ff\_Decays\Vn-ord-C#6-ff-2c-N_Decays.wav,.wav,ordinario
orchidea,ordinario,ff,C#7,F:\DOUTORAMENTO_22\INSTRUMENTOS\Instrumentos_espectro_versão 3\CORDAS\VIOLINO\Vln_Orchidea\ordinario\Vln_Orchidea_ff\_Decays\Vn-ord-C#7-ff-1c-T26d_Decays.wav,.wav,ordinario
orchidea,ordinario,ff,C4,F:\DOUTORAMENTO_22\INSTRUMENTOS\Instrumentos_espectro_versão 3\CORDAS\VIOLINO\Vln_Orchidea\ordinario\Vln_Orchidea_ff\_Decays\Vn-ord-C4-ff-4c-N_Decays.wav,.wav,ordinario
orchidea,ordinario,ff,C5,F:\DOUTORAMENTO_22\INSTRUMENTOS\Instrumentos_espectro_versão 3\CORDAS\VIOLINO\Vln_Orchidea\ordinario\Vln_Orchidea_ff\_Decays\Vn-ord-C5-ff-2c-N_Decays.wav,.wav,ordinario
orchidea,ordinario,ff,C5,F:\DOUTORAMENTO_22\INSTRUMENTOS\Instrumentos_espectro_versão 3\CORDAS\VIOLINO\Vln_Orchidea\ordinario\Vln_Orchidea_ff\_Decays\Vn-ord-C5-ff-3c-N_Decays.wav,.wav,ordinario
orchidea,ordinario,ff,C5,F:\DOUTORAMENTO_22\INSTRUMENTOS\Instrumentos_espectro_versão 3\CORDAS\VIOLINO\Vln_Orchidea\ordinario\Vln_Orchidea_ff\_Decays\Vn-ord-C5-ff-4c-N_Decays.wav,.wav,ordinario
orchidea,ordinario,ff,C6,F:\DOUTORAMENTO_22\INSTRUMENTOS\Instrumentos_espectro_versão 3\CORDAS\VIOLINO\Vln_Orchidea\ordinario\Vln_Orchidea_ff\_Decays\Vn-ord-C6-ff-1c-T11d_Decays.wav,.wav,ordinario
orchidea,ordinario,ff,C6,F:\DOUTORAMENTO_22\INSTRUMENTOS\Instrumentos_espectro_versão 3\CORDAS\VIOLINO\Vln_Orchidea\ordinario\Vln_Orchidea_ff\_Decays\Vn-ord-C6-ff-2c-T11d_Decays.wav,.wav,ordinario
orchidea,ordinario,ff,C6,F:\DOUTORAMENTO_22\INSTRUMENTOS\Instrumentos_espectro_versão 3\CORDAS\VIOLINO\Vln_Orchidea\ordinario\Vln_Orchidea_ff\_Decays\Vn-ord-C6-ff-3c-T18d_Decays.wav,.wav,ordinario
orchidea,ordinario,ff,C7,F:\DOUTORAMENTO_22\INSTRUMENTOS\Instrumentos_espectro_versão 3\CORDAS\VIOLINO\Vln_Orchidea\ordinario\Vln_Orchidea_ff\_Decays\Vn-ord-C7-ff-1c-T30d_Decays.wav,.wav,ordinario
orchidea,ordinario,ff,D#4,F:\DOUTORAMENTO_22\INSTRUMENTOS\Instrumentos_espectro_versão 3\CORDAS\VIOLINO\Vln_Orchidea\ordinario\Vln_Orchidea_ff\_Decays\Vn-ord-D#4-ff-3c-N_Decays.wav,.wav,ordinario
orchidea,ordinario,ff,D#4,F:\DOUTORAMENTO_22\INSTRUMENTOS\Instrumentos_espectro_versão 3\CORDAS\VIOLINO\Vln_Orchidea\ordinario\Vln_Orchidea_ff\_Decays\Vn-ord-D#4-ff-4c-T10u_Decays.wav,.wav,ordinario
orchidea,ordinario,ff,D#5,F:\DOUTORAMENTO_22\INSTRUMENTOS\Instrumentos_espectro_versão 3\CORDAS\VIOLINO\Vln_Orchidea\ordinario\Vln_Orchidea_ff\_Decays\Vn-ord-D#5-ff-2c-N_Decays.wav,.wav,ordinario
orchidea,ordinario,ff,D#5,F:\DOUTORAMENTO_22\INSTRUMENTOS\Instrumentos_espectro_versão 3\CORDAS\VIOLINO\Vln_Orchidea\ordinario\Vln_Orchidea_ff\_Decays\Vn-ord-D#5-ff-3c-N_Decays.wav,.wav,ordinario
orchidea,ordinario,ff,D#5,F:\DOUTORAMENTO_22\INSTRUMENTOS\Instrumentos_espectro_versão 3\CORDAS\VIOLINO\Vln_Orchidea\ordinario\Vln_Orchidea_ff\_Decays\Vn-ord-D#5-ff-4c-N_Decays.wav,.wav,ordinario
orchidea,ordinario,ff,D#6,F:\DOUTORAMENTO_22\INSTRUMENTOS\Instrumentos_espectro_versão 3\CORDAS\VIOLINO\Vln_Orchidea\ordinario\Vln_Orchidea_ff\_Decays\Vn-ord-D#6-ff-1c-N_Decays.wav,.wav,ordinario
orchidea,ordinario,ff,D#6,F:\DOUTORAMENTO_22\INSTRUMENTOS\Instrumentos_espectro_versão 3\CORDAS\VIOLINO\Vln_Orchidea\ordinario\Vln_Orchidea_ff\_Decays\Vn-ord-D#6-ff-2c-N_Decays.wav,.wav,ordinario
orchidea,ordinario,ff,D#7,F:\DOUTORAMENTO_22\INSTRUMENTOS\Instrumentos_espectro_versão 3\CORDAS\VIOLINO\Vln_Orchidea\ordinario\Vln_Orchidea_ff\_Decays\Vn-ord-D#7-ff-1c-T23d_R100u_Decays.wav,.wav,ordinario
orchidea,ordinario,ff,D4,F:\DOUTORAMENTO_22\INSTRUMENTOS\Instrumentos_espectro_versão 3\CORDAS\VIOLINO\Vln_Orchidea\ordinario\Vln_Orchidea_ff\_Decays\Vn-ord-D4-ff-3c-N_Decays.wav,.wav,ordinario
orchidea,ordinario,ff,D4,F:\DOUTORAMENTO_22\INSTRUMENTOS\Instrumentos_espectro_versão 3\CORDAS\VIOLINO\Vln_Orchidea\ordinario\Vln_Orchidea_ff\_Decays\Vn-ord-D4-ff-4c-N_Decays.wav,.wav,ordinario
orchidea,ordinario,ff,D5,F:\DOUTORAMENTO_22\INSTRUMENTOS\Instrumentos_espectro_versão 3\CORDAS\VIOLINO\Vln_Orchidea\ordinario\Vln_Orchidea_ff\_Decays\Vn-ord-D5-ff-2c-N_Decays.wav,.wav,ordinario
orchidea,ordinario,ff,D5,F:\DOUTORAMENTO_22\INSTRUMENTOS\Instrumentos_espectro_versão 3\CORDAS\VIOLINO\Vln_Orchidea\ordinario\Vln_Orchidea_ff\_Decays\Vn-ord-D5-ff-3c-N_Decays.wav,.wav,ordinario
orchidea,ordinario,ff,D5,F:\DOUTORAMENTO_22\INSTRUMENTOS\Instrumentos_espectro_versão 3\CORDAS\VIOLINO\Vln_Orchidea\ordinario\Vln_Orchidea_ff\_Decays\Vn-ord-D5-ff-4c-N_Decays.wav,.wav,ordinario
orchidea,ordinario,ff,D6,F:\DOUTORAMENTO_22\INSTRUMENTOS\Instrumentos_espectro_versão 3\CORDAS\VIOLINO\Vln_Orchidea\ordinario\Vln_Orchidea_ff\_Decays\Vn-ord-D6-ff-1c-T11d_Decays.wav,.wav,ordinario
orchidea,ordinario,ff,D6,F:\DOUTORAMENTO_22\INSTRUMENTOS\Instrumentos_espectro_versão 3\CORDAS\VIOLINO\Vln_Orchidea\ordinario\Vln_Orchidea_ff\_Decays\Vn-ord-D6-ff-2c-N_Decays.wav,.wav,ordinario
orchidea,ordinario,ff,D7,F:\DOUTORAMENTO_22\INSTRUMENTOS\Instrumentos_espectro_versão 3\CORDAS\VIOLINO\Vln_Orchidea\ordinario\Vln_Orchidea_ff\_Decays\Vn-ord-D7-ff-1c-T23d_Decays.wav,.wav,ordinario
orchidea,ordinario,ff,E4,F:\DOUTORAMENTO_22\INSTRUMENTOS\Instrumentos_espectro_versão 3\CORDAS\VIOLINO\Vln_Orchidea\ordinario\Vln_Orchidea_ff\_Decays\Vn-ord-E4-ff-3c-N_Decays.wav,.wav,ordinario
orchidea,ordinario,ff,E4,F:\DOUTORAMENTO_22\INSTRUMENTOS\Instrumentos_espectro_versão 3\CORDAS\VIOLINO\Vln_Orchidea\ordinario\Vln_Orchidea_ff\_Decays\Vn-ord-E4-ff-4c-N_Decays.wav,.wav,ordinario
orchidea,ordinario,ff,E5,F:\DOUTORAMENTO_22\INSTRUMENTOS\Instrumentos_espectro_versão 3\CORDAS\VIOLINO\Vln_Orchidea\ordinario\Vln_Orchidea_ff\_Decays\Vn-ord-E5-ff-1c-N_Decays.wav,.wav,ordinario
orchidea,ordinario,ff,E5,F:\DOUTORAMENTO_22\INSTRUMENTOS\Instrumentos_espectro_versão 3\CORDAS\VIOLINO\Vln_Orchidea\ordinario\Vln_Orchidea_ff\_Decays\Vn-ord-E5-ff-2c-N_Decays.wav,.wav,ordinario
orchidea,ordinario,ff,E5,F:\DOUTORAMENTO_22\INSTRUMENTOS\Instrumentos_espectro_versão 3\CORDAS\VIOLINO\Vln_Orchidea\ordinario\Vln_Orchidea_ff\_Decays\Vn-ord-E5-ff-3c-N_Decays.wav,.wav,ordinario
orchidea,ordinario,ff,E5,F:\DOUTORAMENTO_22\INSTRUMENTOS\Instrumentos_espectro_versão 3\CORDAS\VIOLINO\Vln_Orchidea\ordinario\Vln_Orchidea_ff\_Decays\Vn-ord-E5-ff-4c-N_Decays.wav,.wav,ordinario
orchidea,ordinario,ff,E6,F:\DOUTORAMENTO_22\INSTRUMENTOS\Instrumentos_espectro_versão 3\CORDAS\VIOLINO\Vln_Orchidea\ordinario\Vln_Orchidea_ff\_Decays\Vn-ord-E6-ff-1c-N_Decays.wav,.wav,ordinario
orchidea,ordinario,ff,E6,F:\DOUTORAMENTO_22\INSTRUMENTOS\Instrumentos_espectro_versão 3\CORDAS\VIOLINO\Vln_Orchidea\ordinario\Vln_Orchidea_ff\_Decays\Vn-ord-E6-ff-2c-N_Decays.wav,.wav,ordinario
orchidea,ordinario,ff,E7,F:\DOUTORAMENTO_22\INSTRUMENTOS\Instrumentos_espectro_versão 3\CORDAS\VIOLINO\Vln_Orchidea\ordinario\Vln_Orchidea_ff\_Decays\Vn-ord-E7-ff-1c-N_Decays.wav,.wav,ordinario
orchidea,ordinario,ff,F#4,F:\DOUTORAMENTO_22\INSTRUMENTOS\Instrumentos_espectro_versão 3\CORDAS\VIOLINO\Vln_Orchidea\ordinario\Vln_Orchidea_ff\_Decays\Vn-ord-F#4-ff-3c-T10u_Decays.wav,.wav,ordinario
orchidea,ordinario,ff,F#4,F:\DOUTORAMENTO_22\INSTRUMENTOS\Instrumentos_espectro_versão 3\CORDAS\VIOLINO\Vln_Orchidea\ordinario\Vln_Orchidea_ff\_Decays\Vn-ord-F#4-ff-4c-N_Decays.wav,.wav,ordinario
orchidea,ordinario,ff,F#5,F:\DOUTORAMENTO_22\INSTRUMENTOS\Instrumentos_espectro_versão 3\CORDAS\VIOLINO\Vln_Orchidea\ordinario\Vln_Orchidea_ff\_Decays\Vn-ord-F#5-ff-1c-N_Decays.wav,.wav,ordinario
orchidea,ordinario,ff,F#5,F:\DOUTORAMENTO_22\INSTRUMENTOS\Instrumentos_espectro_versão 3\CORDAS\VIOLINO\Vln_Orchidea\ordinario\Vln_Orchidea_ff\_Decays\Vn-ord-F#5-ff-2c-N_Decays.wav,.wav,ordinario
orchidea,ordinario,ff,F#5,F:\DOUTORAMENTO_22\INSTRUMENTOS\Instrumentos_espectro_versão 3\CORDAS\VIOLINO\Vln_Orchidea\ordinario\Vln_Orchidea_ff\_Decays\Vn-ord-F#5-ff-3c-N_Decays.wav,.wav,ordinario
orchidea,ordinario,ff,F#6,F:\DOUTORAMENTO_22\INSTRUMENTOS\Instrumentos_espectro_versão 3\CORDAS\VIOLINO\Vln_Orchidea\ordinario\Vln_Orchidea_ff\_Decays\Vn-ord-F#6-ff-1c-T12d_Decays.wav,.wav,ordinario
orchidea,ordinario,ff,F#6,F:\DOUTORAMENTO_22\INSTRUMENTOS\Instrumentos_espectro_versão 3\CORDAS\VIOLINO\Vln_Orchidea\ordinario\Vln_Orchidea_ff\_Decays\Vn-ord-F#6-ff-2c-T16d_Decays.wav,.wav,ordinario
orchidea,ordinario,ff,F4,F:\DOUTORAMENTO_22\INSTRUMENTOS\Instrumentos_espectro_versão 3\CORDAS\VIOLINO\Vln_Orchidea\ordinario\Vln_Orchidea_ff\_Decays\Vn-ord-F4-ff-3c-N_Decays.wav,.wav,ordinario
orchidea,ordinario,ff,F4,F:\DOUTORAMENTO_22\INSTRUMENTOS\Instrumentos_espectro_versão 3\CORDAS\VIOLINO\Vln_Orchidea\ordinario\Vln_Orchidea_ff\_Decays\Vn-ord-F4-ff-4c-T11u_Decays.wav,.wav,ordinario
orchidea,ordinario,ff,F5,F:\DOUTORAMENTO_22\INSTRUMENTOS\Instrumentos_espectro_versão 3\CORDAS\VIOLINO\Vln_Orchidea\ordinario\Vln_Orchidea_ff\_Decays\Vn-ord-F5-ff-1c-N_Decays.wav,.wav,ordinario
orchidea,ordinario,ff,F5,F:\DOUTORAMENTO_22\INSTRUMENTOS\Instrumentos_espectro_versão 3\CORDAS\VIOLINO\Vln_Orchidea\ordinario\Vln_Orchidea_ff\_Decays\Vn-ord-F5-ff-2c-N_Decays.wav,.wav,ordinario
orchidea,ordinario,ff,F5,F:\DOUTORAMENTO_22\INSTRUMENTOS\Instrumentos_espectro_versão 3\CORDAS\VIOLINO\Vln_Orchidea\ordinario\Vln_Orchidea_ff\_Decays\Vn-ord-F5-ff-3c-T15u_Decays.wav,.wav,ordinario
orchidea,ordinario,ff,F6,F:\DOUTORAMENTO_22\INSTRUMENTOS\Instrumentos_espectro_versão 3\CORDAS\VIOLINO\Vln_Orchidea\ordinario\Vln_Orchidea_ff\_Decays\Vn-ord-F6-ff-1c-N_Decays.wav,.wav,ordinario
orchidea,ordinario,ff,F6,F:\DOUTORAMENTO_22\INSTRUMENTOS\Instrumentos_espectro_versão 3\CORDAS\VIOLINO\Vln_Orchidea\ordinario\Vln_Orchidea_ff\_Decays\Vn-ord-F6-ff-2c-T20d_Decays.wav,.wav,ordinario
orchidea,ordinario,ff,G#3,F:\DOUTORAMENTO_22\INSTRUMENTOS\Instrumentos_espectro_versão 3\CORDAS\VIOLINO\Vln_Orchidea\ordinario\Vln_Orchidea_ff\_Decays\Vn-ord-G#3-ff-4c-T16u_Decays.wav,.wav,ordinario
orchidea,ordinario,ff,G#4,F:\DOUTORAMENTO_22\INSTRUMENTOS\Instrumentos_espectro_versão 3\CORDAS\VIOLINO\Vln_Orchidea\ordinario\Vln_Orchidea_ff\_Decays\Vn-ord-G#4-ff-3c-N_Decays.wav,.wav,ordinario
orchidea,ordinario,ff,G#4,F:\DOUTORAMENTO_22\INSTRUMENTOS\Instrumentos_espectro_versão 3\CORDAS\VIOLINO\Vln_Orchidea\ordinario\Vln_Orchidea_ff\_Decays\Vn-ord-G#4-ff-4c-N_Decays.wav,.wav,ordinario
orchidea,ordinario,ff,G#5,F:\DOUTORAMENTO_22\INSTRUMENTOS\Instrumentos_espectro_versão 3\CORDAS\VIOLINO\Vln_Orchidea\ordinario\Vln_Orchidea_ff\_Decays\Vn-ord-G#5-ff-1c-N_Decays.wav,.wav,ordinario
orchidea,ordinario,ff,G#5,F:\DOUTORAMENTO_22\INSTRUMENTOS\Instrumentos_espectro_versão 3\CORDAS\VIOLINO\Vln_Orchidea\ordinario\Vln_Orchidea_ff\_Decays\Vn-ord-G#5-ff-2c-N_Decays.wav,.wav,ordinario
orchidea,ordinario,ff,G#5,F:\DOUTORAMENTO_22\INSTRUMENTOS\Instrumentos_espectro_versão 3\CORDAS\VIOLINO\Vln_Orchidea\ordinario\Vln_Orchidea_ff\_Decays\Vn-ord-G#5-ff-3c-N_Decays.wav,.wav,ordinario
orchidea,ordinario,ff,G#6,F:\DOUTORAMENTO_22\INSTRUMENTOS\Instrumentos_espectro_versão 3\CORDAS\VIOLINO\Vln_Orchidea\ordinario\Vln_Orchidea_ff\_Decays\Vn-ord-G#6-ff-1c-T24d_Decays.wav,.wav,ordinario
orchidea,ordinario,ff,G#6,F:\DOUTORAMENTO_22\INSTRUMENTOS\Instrumentos_espectro_versão 3\CORDAS\VIOLINO\Vln_Orchidea\ordinario\Vln_Orchidea_ff\_Decays\Vn-ord-G#6-ff-2c-T14d_Decays.wav,.wav,ordinario
orchidea,ordinario,ff,G3,F:\DOUTORAMENTO_22\INSTRUMENTOS\Instrumentos_espectro_versão 3\CORDAS\VIOLINO\Vln_Orchidea\ordinario\Vln_Orchidea_ff\_Decays\Vn-ord-G3-ff-4c-N_Decays.wav,.wav,ordinario
orchidea,ordinario,ff,G4,F:\DOUTORAMENTO_22\INSTRUMENTOS\Instrumentos_espectro_versão 3\CORDAS\VIOLINO\Vln_Orchidea\ordinario\Vln_Orchidea_ff\_Decays\Vn-ord-G4-ff-3c-N_Decays.wav,.wav,ordinario
orchidea,ordinario,ff,G4,F:\DOUTORAMENTO_22\INSTRUMENTOS\Instrumentos_espectro_versão 3\CORDAS\VIOLINO\Vln_Orchidea\ordinario\Vln_Orchidea_ff\_Decays\Vn-ord-G4-ff-4c-N_Decays.wav,.wav,ordinario
orchidea,ordinario,ff,G5,F:\DOUTORAMENTO_22\INSTRUMENTOS\Instrumentos_espectro_versão 3\CORDAS\VIOLINO\Vln_Orchidea\ordinario\Vln_Orchidea_ff\_Decays\Vn-ord-G5-ff-1c-T11d_Decays.wav,.wav,ordinario
orchidea,ordinario,ff,G5,F:\DOUTORAMENTO_22\INSTRUMENTOS\Instrumentos_espectro_versão 3\CORDAS\VIOLINO\Vln_Orchidea\ordinario\Vln_Orchidea_ff\_Decays\Vn-ord-G5-ff-2c-N_Decays.wav,.wav,ordinario
orchidea,ordinario,ff,G5,F:\DOUTORAMENTO_22\INSTRUMENTOS\Instrumentos_espectro_versão 3\CORDAS\VIOLINO\Vln_Orchidea\ordinario\Vln_Orchidea_ff\_Decays\Vn-ord-G5-ff-3c-N_Decays.wav,.wav,ordinario
orchidea,ordinario,ff,G6,F:\DOUTORAMENTO_22\INSTRUMENTOS\Instrumentos_espectro_versão 3\CORDAS\VIOLINO\Vln_Orchidea\ordinario\Vln_Orchidea_ff\_Decays\Vn-ord-G6-ff-1c-T12d_R100u_Decays.wav,.wav,ordinario
orchidea,ordinario,ff,G6,F:\DOUTORAMENTO_22\INSTRUMENTOS\Instrumentos_espectro_versão 3\CORDAS\VIOLINO\Vln_Orchidea\ordinario\Vln_Orchidea_ff\_Decays\Vn-ord-G6-ff-2c-T12d_Decays.wav,.wav,ordinario
orchidea,ordinario,ff,A#3,F:\DOUTORAMENTO_22\INSTRUMENTOS\Instrumentos_espectro_versão 3\CORDAS\VIOLINO\Vln_Orchidea\ordinario\Vln_Orchidea_ff\_Sustains\Vn-ord-A#3-ff-4c-T15u_Sustains.wav,.wav,ordinario
orchidea,ordinario,ff,A#4,F:\DOUTORAMENTO_22\INSTRUMENTOS\Instrumentos_espectro_versão 3\CORDAS\VIOLINO\Vln_Orchidea\ordinario\Vln_Orchidea_ff\_Sustains\Vn-ord-A#4-ff-2c-N_Sustains.wav,.wav,ordinario
orchidea,ordinario,ff,A#4,F:\DOUTORAMENTO_22\INSTRUMENTOS\Instrumentos_espectro_versão 3\CORDAS\VIOLINO\Vln_Orchidea\ordinario\Vln_Orchidea_ff\_Sustains\Vn-ord-A#4-ff-3c-N_Sustains.wav,.wav,ordinario
orchidea,ordinario,ff,A#4,F:\DOUTORAMENTO_22\INSTRUMENTOS\Instrumentos_espectro_versão 3\CORDAS\VIOLINO\Vln_Orchidea\ordinario\Vln_Orchidea_ff\_Sustains\Vn-ord-A#4-ff-4c-N_Sustains.wav,.wav,ordinario
orchidea,ordinario,ff,A#5,F:\DOUTORAMENTO_22\INSTRUMENTOS\Instrumentos_espectro_versão 3\CORDAS\VIOLINO\Vln_Orchidea\ordinario\Vln_Orchidea_ff\_Sustains\Vn-ord-A#5-ff-1c-T13u_Sustains.wav,.wav,ordinario
orchidea,ordinario,ff,A#5,F:\DOUTORAMENTO_22\INSTRUMENTOS\Instrumentos_espectro_versão 3\CORDAS\VIOLINO\Vln_Orchidea\ordinario\Vln_Orchidea_ff\_Sustains\Vn-ord-A#5-ff-2c-T10u_Sustains.wav,.wav,ordinario
orchidea,ordinario,ff,A#5,F:\DOUTORAMENTO_22\INSTRUMENTOS\Instrumentos_espectro_versão 3\CORDAS\VIOLINO\Vln_Orchidea\ordinario\Vln_Orchidea_ff\_Sustains\Vn-ord-A#5-ff-3c-R100u_Sustains.wav,.wav,ordinario
orchidea,ordinario,ff,A#6,F:\DOUTORAMENTO_22\INSTRUMENTOS\Instrumentos_espectro_versão 3\CORDAS\VIOLINO\Vln_Orchidea\ordinario\Vln_Orchidea_ff\_Sustains\Vn-ord-A#6-ff-1c-N_Sustains.wav,.wav,ordinario
orchidea,ordinario,ff,A3,F:\DOUTORAMENTO_22\INSTRUMENTOS\Instrumentos_espectro_versão 3\CORDAS\VIOLINO\Vln_Orchidea\ordinario\Vln_Orchidea_ff\_Sustains\Vn-ord-A3-ff-4c-N_Sustains.wav,.wav,ordinario
orchidea,ordinario,ff,A4,F:\DOUTORAMENTO_22\INSTRUMENTOS\Instrumentos_espectro_versão 3\CORDAS\VIOLINO\Vln_Orchidea\ordinario\Vln_Orchidea_ff\_Sustains\Vn-ord-A4-ff-2c-N_Sustains.wav,.wav,ordinario
orchidea,ordinario,ff,A4,F:\DOUTORAMENTO_22\INSTRUMENTOS\Instrumentos_espectro_versão 3\CORDAS\VIOLINO\Vln_Orchidea\ordinario\Vln_Orchidea_ff\_Sustains\Vn-ord-A4-ff-3c-N_Sustains.wav,.wav,ordinario
orchidea,ordinario,ff,A4,F:\DOUTORAMENTO_22\INSTRUMENTOS\Instrumentos_espectro_versão 3\CORDAS\VIOLINO\Vln_Orchidea\ordinario\Vln_Orchidea_ff\_Sustains\Vn-ord-A4-ff-4c-N_Sustains.wav,.wav,ordinario
orchidea,ordinario,ff,A5,F:\DOUTORAMENTO_22\INSTRUMENTOS\Instrumentos_espectro_versão 3\CORDAS\VIOLINO\Vln_Orchidea\ordinario\Vln_Orchidea_ff\_Sustains\Vn-ord-A5-ff-1c-N_Sustains.wav,.wav,ordinario
orchidea,ordinario,ff,A5,F:\DOUTORAMENTO_22\INSTRUMENTOS\Instrumentos_espectro_versão 3\CORDAS\VIOLINO\Vln_Orchidea\ordinario\Vln_Orchidea_ff\_Sustains\Vn-ord-A5-ff-2c-N_Sustains.wav,.wav,ordinario
orchidea,ordinario,ff,A5,F:\DOUTORAMENTO_22\INSTRUMENTOS\Instrumentos_espectro_versão 3\CORDAS\VIOLINO\Vln_Orchidea\ordinario\Vln_Orchidea_ff\_Sustains\Vn-ord-A5-ff-3c-N_Sustains.wav,.wav,ordinario
orchidea,ordinario,ff,A6,F:\DOUTORAMENTO_22\INSTRUMENTOS\Instrumentos_espectro_versão 3\CORDAS\VIOLINO\Vln_Orchidea\ordinario\Vln_Orchidea_ff\_Sustains\Vn-ord-A6-ff-1c-T11d_Sustains.wav,.wav,ordinario
orchidea,ordinario,ff,B3,F:\DOUTORAMENTO_22\INSTRUMENTOS\Instrumentos_espectro_versão 3\CORDAS\VIOLINO\Vln_Orchidea\ordinario\Vln_Orchidea_ff\_Sustains\Vn-ord-B3-ff-4c-T17u_Sustains.wav,.wav,ordinario
orchidea,ordinario,ff,B4,F:\DOUTORAMENTO_22\INSTRUMENTOS\Instrumentos_espectro_versão 3\CORDAS\VIOLINO\Vln_Orchidea\ordinario\Vln_Orchidea_ff\_Sustains\Vn-ord-B4-ff-2c-T10u_Sustains.wav,.wav,ordinario
orchidea,ordinario,ff,B4,F:\DOUTORAMENTO_22\INSTRUMENTOS\Instrumentos_espectro_versão 3\CORDAS\VIOLINO\Vln_Orchidea\ordinario\Vln_Orchidea_ff\_Sustains\Vn-ord-B4-ff-3c-N_Sustains.wav,.wav,ordinario
orchidea,ordinario,ff,B4,F:\DOUTORAMENTO_22\INSTRUMENTOS\Instrumentos_espectro_versão 3\CORDAS\VIOLINO\Vln_Orchidea\ordinario\Vln_Orchidea_ff\_Sustains\Vn-ord-B4-ff-4c-T12u_Sustains.wav,.wav,ordinario
orchidea,ordinario,ff,B5,F:\DOUTORAMENTO_22\INSTRUMENTOS\Instrumentos_espectro_versão 3\CORDAS\VIOLINO\Vln_Orchidea\ordinario\Vln_Orchidea_ff\_Sustains\Vn-ord-B5-ff-1c-N_Sustains.wav,.wav,ordinario
orchidea,ordinario,ff,B5,F:\DOUTORAMENTO_22\INSTRUMENTOS\Instrumentos_espectro_versão 3\CORDAS\VIOLINO\Vln_Orchidea\ordinario\Vln_Orchidea_ff\_Sustains\Vn-ord-B5-ff-2c-N_Sustains.wav,.wav,ordinario
orchidea,ordinario,ff,B5,F:\DOUTORAMENTO_22\INSTRUMENTOS\Instrumentos_espectro_versão 3\CORDAS\VIOLINO\Vln_Orchidea\ordinario\Vln_Orchidea_ff\_Sustains\Vn-ord-B5-ff-3c-N_Sustains.wav,.wav,ordinario
orchidea,ordinario,ff,B6,F:\DOUTORAMENTO_22\INSTRUMENTOS\Instrumentos_espectro_versão 3\CORDAS\VIOLINO\Vln_Orchidea\ordinario\Vln_Orchidea_ff\_Sustains\Vn-ord-B6-ff-1c-T20d_Sustains.wav,.wav,ordinario
orchidea,ordinario,ff,C#4,F:\DOUTORAMENTO_22\INSTRUMENTOS\Instrumentos_espectro_versão 3\CORDAS\VIOLINO\Vln_Orchidea\ordinario\Vln_Orchidea_ff\_Sustains\Vn-ord-C#4-ff-4c-N_Sustains.wav,.wav,ordinario
orchidea,ordinario,ff,C#5,F:\DOUTORAMENTO_22\INSTRUMENTOS\Instrumentos_espectro_versão 3\CORDAS\VIOLINO\Vln_Orchidea\ordinario\Vln_Orchidea_ff\_Sustains\Vn-ord-C#5-ff-2c-N_Sustains.wav,.wav,ordinario
orchidea,ordinario,ff,C#5,F:\DOUTORAMENTO_22\INSTRUMENTOS\Instrumentos_espectro_versão 3\CORDAS\VIOLINO\Vln_Orchidea\ordinario\Vln_Orchidea_ff\_Sustains\Vn-ord-C#5-ff-3c-T13u_Sustains.wav,.wav,ordinario
orchidea,ordinario,ff,C#5,F:\DOUTORAMENTO_22\INSTRUMENTOS\Instrumentos_espectro_versão 3\CORDAS\VIOLINO\Vln_Orchidea\ordinario\Vln_Orchidea_ff\_Sustains\Vn-ord-C#5-ff-4c-T10u_Sustains.wav,.wav,ordinario
orchidea,ordinario,ff,C#6,F:\DOUTORAMENTO_22\INSTRUMENTOS\Instrumentos_espectro_versão 3\CORDAS\VIOLINO\Vln_Orchidea\ordinario\Vln_Orchidea_ff\_Sustains\Vn-ord-C#6-ff-1c-N_Sustains.wav,.wav,ordinario
orchidea,ordinario,ff,C#6,F:\DOUTORAMENTO_22\INSTRUMENTOS\Instrumentos_espectro_versão 3\CORDAS\VIOLINO\Vln_Orchidea\ordinario\Vln_Orchidea_ff\_Sustains\Vn-ord-C#6-ff-2c-N_Sustains.wav,.wav,ordinario
orchidea,ordinario,ff,C#7,F:\DOUTORAMENTO_22\INSTRUMENTOS\Instrumentos_espectro_versão 3\CORDAS\VIOLINO\Vln_Orchidea\ordinario\Vln_Orchidea_ff\_Sustains\Vn-ord-C#7-ff-1c-T26d_Sustains.wav,.wav,ordinario
orchidea,ordinario,ff,C4,F:\DOUTORAMENTO_22\INSTRUMENTOS\Instrumentos_espectro_versão 3\CORDAS\VIOLINO\Vln_Orchidea\ordinario\Vln_Orchidea_ff\_Sustains\Vn-ord-C4-ff-4c-N_Sustains.wav,.wav,ordinario
orchidea,ordinario,ff,C5,F:\DOUTORAMENTO_22\INSTRUMENTOS\Instrumentos_espectro_versão 3\CORDAS\VIOLINO\Vln_Orchidea\ordinario\Vln_Orchidea_ff\_Sustains\Vn-ord-C5-ff-2c-N_Sustains.wav,.wav,ordinario
orchidea,ordinario,ff,C5,F:\DOUTORAMENTO_22\INSTRUMENTOS\Instrumentos_espectro_versão 3\CORDAS\VIOLINO\Vln_Orchidea\ordinario\Vln_Orchidea_ff\_Sustains\Vn-ord-C5-ff-3c-N_Sustains.wav,.wav,ordinario
orchidea,ordinario,ff,C5,F:\DOUTORAMENTO_22\INSTRUMENTOS\Instrumentos_espectro_versão 3\CORDAS\VIOLINO\Vln_Orchidea\ordinario\Vln_Orchidea_ff\_Sustains\Vn-ord-C5-ff-4c-N_Sustains.wav,.wav,ordinario
orchidea,ordinario,ff,C6,F:\DOUTORAMENTO_22\INSTRUMENTOS\Instrumentos_espectro_versão 3\CORDAS\VIOLINO\Vln_Orchidea\ordinario\Vln_Orchidea_ff\_Sustains\Vn-ord-C6-ff-1c-T11d_Sustains.wav,.wav,ordinario
orchidea,ordinario,ff,C6,F:\DOUTORAMENTO_22\INSTRUMENTOS\Instrumentos_espectro_versão 3\CORDAS\VIOLINO\Vln_Orchidea\ordinario\Vln_Orchidea_ff\_Sustains\Vn-ord-C6-ff-2c-T11d_Sustains.wav,.wav,ordinario
orchidea,ordinario,ff,C6,F:\DOUTORAMENTO_22\INSTRUMENTOS\Instrumentos_espectro_versão 3\CORDAS\VIOLINO\Vln_Orchidea\ordinario\Vln_Orchidea_ff\_Sustains\Vn-ord-C6-ff-3c-T18d_Sustains.wav,.wav,ordinario
orchidea,ordinario,ff,C7,F:\DOUTORAMENTO_22\INSTRUMENTOS\Instrumentos_espectro_versão 3\CORDAS\VIOLINO\Vln_Orchidea\ordinario\Vln_Orchidea_ff\_Sustains\Vn-ord-C7-ff-1c-T30d_Sustains.wav,.wav,ordinario
orchidea,ordinario,ff,D#4,F:\DOUTORAMENTO_22\INSTRUMENTOS\Instrumentos_espectro_versão 3\CORDAS\VIOLINO\Vln_Orchidea\ordinario\Vln_Orchidea_ff\_Sustains\Vn-ord-D#4-ff-3c-N_Sustains.wav,.wav,ordinario
orchidea,ordinario,ff,D#4,F:\DOUTORAMENTO_22\INSTRUMENTOS\Instrumentos_espectro_versão 3\CORDAS\VIOLINO\Vln_Orchidea\ordinario\Vln_Orchidea_ff\_Sustains\Vn-ord-D#4-ff-4c-T10u_Sustains.wav,.wav,ordinario
orchidea,ordinario,ff,D#5,F:\DOUTORAMENTO_22\INSTRUMENTOS\Instrumentos_espectro_versão 3\CORDAS\VIOLINO\Vln_Orchidea\ordinario\Vln_Orchidea_ff\_Sustains\Vn-ord-D#5-ff-2c-N_Sustains.wav,.wav,ordinario
orchidea,ordinario,ff,D#5,F:\DOUTORAMENTO_22\INSTRUMENTOS\Instrumentos_espectro_versão 3\CORDAS\VIOLINO\Vln_Orchidea\ordinario\Vln_Orchidea_ff\_Sustains\Vn-ord-D#5-ff-3c-N_Sustains.wav,.wav,ordinario
orchidea,ordinario,ff,D#5,F:\DOUTORAMENTO_22\INSTRUMENTOS\Instrumentos_espectro_versão 3\CORDAS\VIOLINO\Vln_Orchidea\ordinario\Vln_Orchidea_ff\_Sustains\Vn-ord-D#5-ff-4c-N_Sustains.wav,.wav,ordinario
orchidea,ordinario,ff,D#6,F:\DOUTORAMENTO_22\INSTRUMENTOS\Instrumentos_espectro_versão 3\CORDAS\VIOLINO\Vln_Orchidea\ordinario\Vln_Orchidea_ff\_Sustains\Vn-ord-D#6-ff-1c-N_Sustains.wav,.wav,ordinario
orchidea,ordinario,ff,D#6,F:\DOUTORAMENTO_22\INSTRUMENTOS\Instrumentos_espectro_versão 3\CORDAS\VIOLINO\Vln_Orchidea\ordinario\Vln_Orchidea_ff\_Sustains\Vn-ord-D#6-ff-2c-N_Sustains.wav,.wav,ordinario
orchidea,ordinario,ff,D#7,F:\DOUTORAMENTO_22\INSTRUMENTOS\Instrumentos_espectro_versão 3\CORDAS\VIOLINO\Vln_Orchidea\ordinario\Vln_Orchidea_ff\_Sustains\Vn-ord-D#7-ff-1c-T23d_R100u_Sustains.wav,.wav,ordinario
orchidea,ordinario,ff,D4,F:\DOUTORAMENTO_22\INSTRUMENTOS\Instrumentos_espectro_versão 3\CORDAS\VIOLINO\Vln_Orchidea\ordinario\Vln_Orchidea_ff\_Sustains\Vn-ord-D4-ff-3c-N_Sustains.wav,.wav,ordinario
orchidea,ordinario,ff,D4,F:\DOUTORAMENTO_22\INSTRUMENTOS\Instrumentos_espectro_versão 3\CORDAS\VIOLINO\Vln_Orchidea\ordinario\Vln_Orchidea_ff\_Sustains\Vn-ord-D4-ff-4c-N_Sustains.wav,.wav,ordinario
orchidea,ordinario,ff,D5,F:\DOUTORAMENTO_22\INSTRUMENTOS\Instrumentos_espectro_versão 3\CORDAS\VIOLINO\Vln_Orchidea\ordinario\Vln_Orchidea_ff\_Sustains\Vn-ord-D5-ff-2c-N_Sustains.wav,.wav,ordinario
orchidea,ordinario,ff,D5,F:\DOUTORAMENTO_22\INSTRUMENTOS\Instrumentos_espectro_versão 3\CORDAS\VIOLINO\Vln_Orchidea\ordinario\Vln_Orchidea_ff\_Sustains\Vn-ord-D5-ff-3c-N_Sustains.wav,.wav,ordinario
orchidea,ordinario,ff,D5,F:\DOUTORAMENTO_22\INSTRUMENTOS\Instrumentos_espectro_versão 3\CORDAS\VIOLINO\Vln_Orchidea\ordinario\Vln_Orchidea_ff\_Sustains\Vn-ord-D5-ff-4c-N_Sustains.wav,.wav,ordinario
orchidea,ordinario,ff,D6,F:\DOUTORAMENTO_22\INSTRUMENTOS\Instrumentos_espectro_versão 3\CORDAS\VIOLINO\Vln_Orchidea\ordinario\Vln_Orchidea_ff\_Sustains\Vn-ord-D6-ff-1c-T11d_Sustains.wav,.wav,ordinario
orchidea,ordinario,ff,D6,F:\DOUTORAMENTO_22\INSTRUMENTOS\Instrumentos_espectro_versão 3\CORDAS\VIOLINO\Vln_Orchidea\ordinario\Vln_Orchidea_ff\_Sustains\Vn-ord-D6-ff-2c-N_Sustains.wav,.wav,ordinario
orchidea,ordinario,ff,D7,F:\DOUTORAMENTO_22\INSTRUMENTOS\Instrumentos_espectro_versão 3\CORDAS\VIOLINO\Vln_Orchidea\ordinario\Vln_Orchidea_ff\_Sustains\Vn-ord-D7-ff-1c-T23d_Sustains.wav,.wav,ordinario
orchidea,ordinario,ff,E4,F:\DOUTORAMENTO_22\INSTRUMENTOS\Instrumentos_espectro_versão 3\CORDAS\VIOLINO\Vln_Orchidea\ordinario\Vln_Orchidea_ff\_Sustains\Vn-ord-E4-ff-3c-N_Sustains.wav,.wav,ordinario
orchidea,ordinario,ff,E4,F:\DOUTORAMENTO_22\INSTRUMENTOS\Instrumentos_espectro_versão 3\CORDAS\VIOLINO\Vln_Orchidea\ordinario\Vln_Orchidea_ff\_Sustains\Vn-ord-E4-ff-4c-N_Sustains.wav,.wav,ordinario
orchidea,ordinario,ff,E5,F:\DOUTORAMENTO_22\INSTRUMENTOS\Instrumentos_espectro_versão 3\CORDAS\VIOLINO\Vln_Orchidea\ordinario\Vln_Orchidea_ff\_Sustains\Vn-ord-E5-ff-1c-N_Sustains.wav,.wav,ordinario
orchidea,ordinario,ff,E5,F:\DOUTORAMENTO_22\INSTRUMENTOS\Instrumentos_espectro_versão 3\CORDAS\VIOLINO\Vln_Orchidea\ordinario\Vln_Orchidea_ff\_Sustains\Vn-ord-E5-ff-2c-N_Sustains.wav,.wav,ordinario
orchidea,ordinario,ff,E5,F:\DOUTORAMENTO_22\INSTRUMENTOS\Instrumentos_espectro_versão 3\CORDAS\VIOLINO\Vln_Orchidea\ordinario\Vln_Orchidea_ff\_Sustains\Vn-ord-E5-ff-3c-N_Sustains.wav,.wav,ordinario
orchidea,ordinario,ff,E5,F:\DOUTORAMENTO_22\INSTRUMENTOS\Instrumentos_espectro_versão 3\CORDAS\VIOLINO\Vln_Orchidea\ordinario\Vln_Orchidea_ff\_Sustains\Vn-ord-E5-ff-4c-N_Sustains.wav,.wav,ordinario
orchidea,ordinario,ff,E6,F:\DOUTORAMENTO_22\INSTRUMENTOS\Instrumentos_espectro_versão 3\CORDAS\VIOLINO\Vln_Orchidea\ordinario\Vln_Orchidea_ff\_Sustains\Vn-ord-E6-ff-1c-N_Sustains.wav,.wav,ordinario
orchidea,ordinario,ff,E6,F:\DOUTORAMENTO_22\INSTRUMENTOS\Instrumentos_espectro_versão 3\CORDAS\VIOLINO\Vln_Orchidea\ordinario\Vln_Orchidea_ff\_Sustains\Vn-ord-E6-ff-2c-N_Sustains.wav,.wav,ordinario
orchidea,ordinario,ff,E7,F:\DOUTORAMENTO_22\INSTRUMENTOS\Instrumentos_espectro_versão 3\CORDAS\VIOLINO\Vln_Orchidea\ordinario\Vln_Orchidea_ff\_Sustains\Vn-ord-E7-ff-1c-N_Sustains.wav,.wav,ordinario
orchidea,ordinario,ff,F#4,F:\DOUTORAMENTO_22\INSTRUMENTOS\Instrumentos_espectro_versão 3\CORDAS\VIOLINO\Vln_Orchidea\ordinario\Vln_Orchidea_ff\_Sustains\Vn-ord-F#4-ff-3c-T10u_Sustains.wav,.wav,ordinario
orchidea,ordinario,ff,F#4,F:\DOUTORAMENTO_22\INSTRUMENTOS\Instrumentos_espectro_versão 3\CORDAS\VIOLINO\Vln_Orchidea\ordinario\Vln_Orchidea_ff\_Sustains\Vn-ord-F#4-ff-4c-N_Sustains.wav,.wav,ordinario
orchidea,ordinario,ff,F#5,F:\DOUTORAMENTO_22\INSTRUMENTOS\Instrumentos_espectro_versão 3\CORDAS\VIOLINO\Vln_Orchidea\ordinario\Vln_Orchidea_ff\_Sustains\Vn-ord-F#5-ff-1c-N_Sustains.wav,.wav,ordinario
orchidea,ordinario,ff,F#5,F:\DOUTORAMENTO_22\INSTRUMENTOS\Instrumentos_espectro_versão 3\CORDAS\VIOLINO\Vln_Orchidea\ordinario\Vln_Orchidea_ff\_Sustains\Vn-ord-F#5-ff-2c-N_Sustains.wav,.wav,ordinario
orchidea,ordinario,ff,F#5,F:\DOUTORAMENTO_22\INSTRUMENTOS\Instrumentos_espectro_versão 3\CORDAS\VIOLINO\Vln_Orchidea\ordinario\Vln_Orchidea_ff\_Sustains\Vn-ord-F#5-ff-3c-N_Sustains.wav,.wav,ordinario
orchidea,ordinario,ff,F#6,F:\DOUTORAMENTO_22\INSTRUMENTOS\Instrumentos_espectro_versão 3\CORDAS\VIOLINO\Vln_Orchidea\ordinario\Vln_Orchidea_ff\_Sustains\Vn-ord-F#6-ff-1c-T12d_Sustains.wav,.wav,ordinario
orchidea,ordinario,ff,F#6,F:\DOUTORAMENTO_22\INSTRUMENTOS\Instrumentos_espectro_versão 3\CORDAS\VIOLINO\Vln_Orchidea\ordinario\Vln_Orchidea_ff\_Sustains\Vn-ord-F#6-ff-2c-T16d_Sustains.wav,.wav,ordinario
orchidea,ordinario,ff,F4,F:\DOUTORAMENTO_22\INSTRUMENTOS\Instrumentos_espectro_versão 3\CORDAS\VIOLINO\Vln_Orchidea\ordinario\Vln_Orchidea_ff\_Sustains\Vn-ord-F4-ff-3c-N_Sustains.wav,.wav,ordinario
orchidea,ordinario,ff,F4,F:\DOUTORAMENTO_22\INSTRUMENTOS\Instrumentos_espectro_versão 3\CORDAS\VIOLINO\Vln_Orchidea\ordinario\Vln_Orchidea_ff\_Sustains\Vn-ord-F4-ff-4c-T11u_Sustains.wav,.wav,ordinario
orchidea,ordinario,ff,F5,F:\DOUTORAMENTO_22\INSTRUMENTOS\Instrumentos_espectro_versão 3\CORDAS\VIOLINO\Vln_Orchidea\ordinario\Vln_Orchidea_ff\_Sustains\Vn-ord-F5-ff-1c-N_Sustains.wav,.wav,ordinario
orchidea,ordinario,ff,F5,F:\DOUTORAMENTO_22\INSTRUMENTOS\Instrumentos_espectro_versão 3\CORDAS\VIOLINO\Vln_Orchidea\ordinario\Vln_Orchidea_ff\_Sustains\Vn-ord-F5-ff-2c-N_Sustains.wav,.wav,ordinario
orchidea,ordinario,ff,F5,F:\DOUTORAMENTO_22\INSTRUMENTOS\Instrumentos_espectro_versão 3\CORDAS\VIOLINO\Vln_Orchidea\ordinario\Vln_Orchidea_ff\_Sustains\Vn-ord-F5-ff-3c-T15u_Sustains.wav,.wav,ordinario
orchidea,ordinario,ff,F6,F:\DOUTORAMENTO_22\INSTRUMENTOS\Instrumentos_espectro_versão 3\CORDAS\VIOLINO\Vln_Orchidea\ordinario\Vln_Orchidea_ff\_Sustains\Vn-ord-F6-ff-1c-N_Sustains.wav,.wav,ordinario
orchidea,ordinario,ff,F6,F:\DOUTORAMENTO_22\INSTRUMENTOS\Instrumentos_espectro_versão 3\CORDAS\VIOLINO\Vln_Orchidea\ordinario\Vln_Orchidea_ff\_Sustains\Vn-ord-F6-ff-2c-T20d_Sustains.wav,.wav,ordinario
orchidea,ordinario,ff,G#3,F:\DOUTORAMENTO_22\INSTRUMENTOS\Instrumentos_espectro_versão 3\CORDAS\VIOLINO\Vln_Orchidea\ordinario\Vln_Orchidea_ff\_Sustains\Vn-ord-G#3-ff-4c-T16u_Sustains.wav,.wav,ordinario
orchidea,ordinario,ff,G#4,F:\DOUTORAMENTO_22\INSTRUMENTOS\Instrumentos_espectro_versão 3\CORDAS\VIOLINO\Vln_Orchidea\ordinario\Vln_Orchidea_ff\_Sustains\Vn-ord-G#4-ff-3c-N_Sustains.wav,.wav,ordinario
orchidea,ordinario,ff,G#4,F:\DOUTORAMENTO_22\INSTRUMENTOS\Instrumentos_espectro_versão 3\CORDAS\VIOLINO\Vln_Orchidea\ordinario\Vln_Orchidea_ff\_Sustains\Vn-ord-G#4-ff-4c-N_Sustains.wav,.wav,ordinario
orchidea,ordinario,ff,G#5,F:\DOUTORAMENTO_22\INSTRUMENTOS\Instrumentos_espectro_versão 3\CORDAS\VIOLINO\Vln_Orchidea\ordinario\Vln_Orchidea_ff\_Sustains\Vn-ord-G#5-ff-1c-N_Sustains.wav,.wav,ordinario
orchidea,ordinario,ff,G#5,F:\DOUTORAMENTO_22\INSTRUMENTOS\Instrumentos_espectro_versão 3\CORDAS\VIOLINO\Vln_Orchidea\ordinario\Vln_Orchidea_ff\_Sustains\Vn-ord-G#5-ff-2c-N_Sustains.wav,.wav,ordinario
orchidea,ordinario,ff,G#5,F:\DOUTORAMENTO_22\INSTRUMENTOS\Instrumentos_espectro_versão 3\CORDAS\VIOLINO\Vln_Orchidea\ordinario\Vln_Orchidea_ff\_Sustains\Vn-ord-G#5-ff-3c-N_Sustains.wav,.wav,ordinario
orchidea,ordinario,ff,G#6,F:\DOUTORAMENTO_22\INSTRUMENTOS\Instrumentos_espectro_versão 3\CORDAS\VIOLINO\Vln_Orchidea\ordinario\Vln_Orchidea_ff\_Sustains\Vn-ord-G#6-ff-1c-T24d_Sustains.wav,.wav,ordinario
orchidea,ordinario,ff,G#6,F:\DOUTORAMENTO_22\INSTRUMENTOS\Instrumentos_espectro_versão 3\CORDAS\VIOLINO\Vln_Orchidea\ordinario\Vln_Orchidea_ff\_Sustains\Vn-ord-G#6-ff-2c-T14d_Sustains.wav,.wav,ordinario
orchidea,ordinario,ff,G3,F:\DOUTORAMENTO_22\INSTRUMENTOS\Instrumentos_espectro_versão 3\CORDAS\VIOLINO\Vln_Orchidea\ordinario\Vln_Orchidea_ff\_Sustains\Vn-ord-G3-ff-4c-N_Sustains.wav,.wav,ordinario
orchidea,ordinario,ff,G4,F:\DOUTORAMENTO_22\INSTRUMENTOS\Instrumentos_espectro_versão 3\CORDAS\VIOLINO\Vln_Orchidea\ordinario\Vln_Orchidea_ff\_Sustains\Vn-ord-G4-ff-3c-N_Sustains.wav,.wav,ordinario
orchidea,ordinario,ff,G4,F:\DOUTORAMENTO_22\INSTRUMENTOS\Instrumentos_espectro_versão 3\CORDAS\VIOLINO\Vln_Orchidea\ordinario\Vln_Orchidea_ff\_Sustains\Vn-ord-G4-ff-4c-N_Sustains.wav,.wav,ordinario
orchidea,ordinario,ff,G5,F:\DOUTORAMENTO_22\INSTRUMENTOS\Instrumentos_espectro_versão 3\CORDAS\VIOLINO\Vln_Orchidea\ordinario\Vln_Orchidea_ff\_Sustains\Vn-ord-G5-ff-1c-T11d_Sustains.wav,.wav,ordinario
orchidea,ordinario,ff,G5,F:\DOUTORAMENTO_22\INSTRUMENTOS\Instrumentos_espectro_versão 3\CORDAS\VIOLINO\Vln_Orchidea\ordinario\Vln_Orchidea_ff\_Sustains\Vn-ord-G5-ff-2c-N_Sustains.wav,.wav,ordinario
orchidea,ordinario,ff,G5,F:\DOUTORAMENTO_22\INSTRUMENTOS\Instrumentos_espectro_versão 3\CORDAS\VIOLINO\Vln_Orchidea\ordinario\Vln_Orchidea_ff\_Sustains\Vn-ord-G5-ff-3c-N_Sustains.wav,.wav,ordinario
orchidea,ordinario,ff,G6,F:\DOUTORAMENTO_22\INSTRUMENTOS\Instrumentos_espectro_versão 3\CORDAS\VIOLINO\Vln_Orchidea\ordinario\Vln_Orchidea_ff\_Sustains\Vn-ord-G6-ff-1c-T12d_R100u_Sustains.wav,.wav,ordinario
orchidea,ordinario,ff,G6,F:\DOUTORAMENTO_22\INSTRUMENTOS\Instrumentos_espectro_versão 3\CORDAS\VIOLINO\Vln_Orchidea\ordinario\Vln_Orchidea_ff\_Sustains\Vn-ord-G6-ff-2c-T12d_Sustains.wav,.wav,ordinario
orchidea,ordinario,mf,A#3,F:\DOUTORAMENTO_22\INSTRUMENTOS\Instrumentos_espectro_versão 3\CORDAS\VIOLINO\Vln_Orchidea\ordinario\Vln_Orchidea_mf\Vn-ord-A#3-mf-4c-N.wav,.wav,ordinario
orchidea,ordinario,mf,A#4,F:\DOUTORAMENTO_22\INSTRUMENTOS\Instrumentos_espectro_versão 3\CORDAS\VIOLINO\Vln_Orchidea\ordinario\Vln_Orchidea_mf\Vn-ord-A#4-mf-2c-N.wav,.wav,ordinario
orchidea,ordinario,mf,A#4,F:\DOUTORAMENTO_22\INSTRUMENTOS\Instrumentos_espectro_versão 3\CORDAS\VIOLINO\Vln_Orchidea\ordinario\Vln_Orchidea_mf\Vn-ord-A#4-mf-3c-N.wav,.wav,ordinario
orchidea,ordinario,mf,A#4,F:\DOUTORAMENTO_22\INSTRUMENTOS\Instrumentos_espectro_versão 3\CORDAS\VIOLINO\Vln_Orchidea\ordinario\Vln_Orchidea_mf\Vn-ord-A#4-mf-4c-N.wav,.wav,ordinario
orchidea,ordinario,mf,A#5,F:\DOUTORAMENTO_22\INSTRUMENTOS\Instrumentos_espectro_versão 3\CORDAS\VIOLINO\Vln_Orchidea\ordinario\Vln_Orchidea_mf\Vn-ord-A#5-mf-1c-N.wav,.wav,ordinario
orchidea,ordinario,mf,A#5,F:\DOUTORAMENTO_22\INSTRUMENTOS\Instrumentos_espectro_versão 3\CORDAS\VIOLINO\Vln_Orchidea\ordinario\Vln_Orchidea_mf\Vn-ord-A#5-mf-2c-N.wav,.wav,ordinario
orchidea,ordinario,mf,A#5,F:\DOUTORAMENTO_22\INSTRUMENTOS\Instrumentos_espectro_versão 3\CORDAS\VIOLINO\Vln_Orchidea\ordinario\Vln_Orchidea_mf\Vn-ord-A#5-mf-3c-N.wav,.wav,ordinario
orchidea,ordinario,mf,A#6,F:\DOUTORAMENTO_22\INSTRUMENTOS\Instrumentos_espectro_versão 3\CORDAS\VIOLINO\Vln_Orchidea\ordinario\Vln_Orchidea_mf\Vn-ord-A#6-mf-1c-N.wav,.wav,ordinario
orchidea,ordinario,mf,A3,F:\DOUTORAMENTO_22\INSTRUMENTOS\Instrumentos_espectro_versão 3\CORDAS\VIOLINO\Vln_Orchidea\ordinario\Vln_Orchidea_mf\Vn-ord-A3-mf-4c-N.wav,.wav,ordinario
orchidea,ordinario,mf,A4,F:\DOUTORAMENTO_22\INSTRUMENTOS\Instrumentos_espectro_versão 3\CORDAS\VIOLINO\Vln_Orchidea\ordinario\Vln_Orchidea_mf\Vn-ord-A4-mf-2c-N.wav,.wav,ordinario
orchidea,ordinario,mf,A4,F:\DOUTORAMENTO_22\INSTRUMENTOS\Instrumentos_espectro_versão 3\CORDAS\VIOLINO\Vln_Orchidea\ordinario\Vln_Orchidea_mf\Vn-ord-A4-mf-3c-N.wav,.wav,ordinario
orchidea,ordinario,mf,A4,F:\DOUTORAMENTO_22\INSTRUMENTOS\Instrumentos_espectro_versão 3\CORDAS\VIOLINO\Vln_Orchidea\ordinario\Vln_Orchidea_mf\Vn-ord-A4-mf-4c-N.wav,.wav,ordinario
orchidea,ordinario,mf,A5,F:\DOUTORAMENTO_22\INSTRUMENTOS\Instrumentos_espectro_versão 3\CORDAS\VIOLINO\Vln_Orchidea\ordinario\Vln_Orchidea_mf\Vn-ord-A5-mf-1c-N.wav,.wav,ordinario
orchidea,ordinario,mf,A5,F:\DOUTORAMENTO_22\INSTRUMENTOS\Instrumentos_espectro_versão 3\CORDAS\VIOLINO\Vln_Orchidea\ordinario\Vln_Orchidea_mf\Vn-ord-A5-mf-2c-N.wav,.wav,ordinario
orchidea,ordinario,mf,A5,F:\DOUTORAMENTO_22\INSTRUMENTOS\Instrumentos_espectro_versão 3\CORDAS\VIOLINO\Vln_Orchidea\ordinario\Vln_Orchidea_mf\Vn-ord-A5-mf-3c-N.wav,.wav,ordinario
orchidea,ordinario,mf,A6,F:\DOUTORAMENTO_22\INSTRUMENTOS\Instrumentos_espectro_versão 3\CORDAS\VIOLINO\Vln_Orchidea\ordinario\Vln_Orchidea_mf\Vn-ord-A6-mf-1c-T11d.wav,.wav,ordinario
orchidea,ordinario,mf,A6,F:\DOUTORAMENTO_22\INSTRUMENTOS\Instrumentos_espectro_versão 3\CORDAS\VIOLINO\Vln_Orchidea\ordinario\Vln_Orchidea_mf\Vn-ord-A6-mf-2c-N.wav,.wav,ordinario
orchidea,ordinario,mf,B3,F:\DOUTORAMENTO_22\INSTRUMENTOS\Instrumentos_espectro_versão 3\CORDAS\VIOLINO\Vln_Orchidea\ordinario\Vln_Orchidea_mf\Vn-ord-B3-mf-4c-T15u.wav,.wav,ordinario
orchidea,ordinario,mf,B4,F:\DOUTORAMENTO_22\INSTRUMENTOS\Instrumentos_espectro_versão 3\CORDAS\VIOLINO\Vln_Orchidea\ordinario\Vln_Orchidea_mf\Vn-ord-B4-mf-2c-N.wav,.wav,ordinario
orchidea,ordinario,mf,B4,F:\DOUTORAMENTO_22\INSTRUMENTOS\Instrumentos_espectro_versão 3\CORDAS\VIOLINO\Vln_Orchidea\ordinario\Vln_Orchidea_mf\Vn-ord-B4-mf-3c-N.wav,.wav,ordinario
orchidea,ordinario,mf,B4,F:\DOUTORAMENTO_22\INSTRUMENTOS\Instrumentos_espectro_versão 3\CORDAS\VIOLINO\Vln_Orchidea\ordinario\Vln_Orchidea_mf\Vn-ord-B4-mf-4c-N.wav,.wav,ordinario
orchidea,ordinario,mf,B5,F:\DOUTORAMENTO_22\INSTRUMENTOS\Instrumentos_espectro_versão 3\CORDAS\VIOLINO\Vln_Orchidea\ordinario\Vln_Orchidea_mf\Vn-ord-B5-mf-1c-N.wav,.wav,ordinario
orchidea,ordinario,mf,B5,F:\DOUTORAMENTO_22\INSTRUMENTOS\Instrumentos_espectro_versão 3\CORDAS\VIOLINO\Vln_Orchidea\ordinario\Vln_Orchidea_mf\Vn-ord-B5-mf-2c-N.wav,.wav,ordinario
orchidea,ordinario,mf,B5,F:\DOUTORAMENTO_22\INSTRUMENTOS\Instrumentos_espectro_versão 3\CORDAS\VIOLINO\Vln_Orchidea\ordinario\Vln_Orchidea_mf\Vn-ord-B5-mf-3c-N.wav,.wav,ordinario
orchidea,ordinario,mf,B6,F:\DOUTORAMENTO_22\INSTRUMENTOS\Instrumentos_espectro_versão 3\CORDAS\VIOLINO\Vln_Orchidea\ordinario\Vln_Orchidea_mf\Vn-ord-B6-mf-1c-T15d.wav,.wav,ordinario
orchidea,ordinario,mf,C#4,F:\DOUTORAMENTO_22\INSTRUMENTOS\Instrumentos_espectro_versão 3\CORDAS\VIOLINO\Vln_Orchidea\ordinario\Vln_Orchidea_mf\Vn-ord-C#4-mf-4c-N.wav,.wav,ordinario
orchidea,ordinario,mf,C#5,F:\DOUTORAMENTO_22\INSTRUMENTOS\Instrumentos_espectro_versão 3\CORDAS\VIOLINO\Vln_Orchidea\ordinario\Vln_Orchidea_mf\Vn-ord-C#5-mf-2c-N.wav,.wav,ordinario
orchidea,ordinario,mf,C#5,F:\DOUTORAMENTO_22\INSTRUMENTOS\Instrumentos_espectro_versão 3\CORDAS\VIOLINO\Vln_Orchidea\ordinario\Vln_Orchidea_mf\Vn-ord-C#5-mf-3c-T11u.wav,.wav,ordinario
orchidea,ordinario,mf,C#5,F:\DOUTORAMENTO_22\INSTRUMENTOS\Instrumentos_espectro_versão 3\CORDAS\VIOLINO\Vln_Orchidea\ordinario\Vln_Orchidea_mf\Vn-ord-C#5-mf-4c-N.wav,.wav,ordinario
orchidea,ordinario,mf,C#6,F:\DOUTORAMENTO_22\INSTRUMENTOS\Instrumentos_espectro_versão 3\CORDAS\VIOLINO\Vln_Orchidea\ordinario\Vln_Orchidea_mf\Vn-ord-C#6-mf-1c-N.wav,.wav,ordinario
orchidea,ordinario,mf,C#6,F:\DOUTORAMENTO_22\INSTRUMENTOS\Instrumentos_espectro_versão 3\CORDAS\VIOLINO\Vln_Orchidea\ordinario\Vln_Orchidea_mf\Vn-ord-C#6-mf-2c-N.wav,.wav,ordinario
orchidea,ordinario,mf,C#7,F:\DOUTORAMENTO_22\INSTRUMENTOS\Instrumentos_espectro_versão 3\CORDAS\VIOLINO\Vln_Orchidea\ordinario\Vln_Orchidea_mf\Vn-ord-C#7-mf-1c-T22d.wav,.wav,ordinario
orchidea,ordinario,mf,C4,F:\DOUTORAMENTO_22\INSTRUMENTOS\Instrumentos_espectro_versão 3\CORDAS\VIOLINO\Vln_Orchidea\ordinario\Vln_Orchidea_mf\Vn-ord-C4-mf-4c-N.wav,.wav,ordinario
orchidea,ordinario,mf,C5,F:\DOUTORAMENTO_22\INSTRUMENTOS\Instrumentos_espectro_versão 3\CORDAS\VIOLINO\Vln_Orchidea\ordinario\Vln_Orchidea_mf\Vn-ord-C5-mf-2c-N.wav,.wav,ordinario
orchidea,ordinario,mf,C5,F:\DOUTORAMENTO_22\INSTRUMENTOS\Instrumentos_espectro_versão 3\CORDAS\VIOLINO\Vln_Orchidea\ordinario\Vln_Orchidea_mf\Vn-ord-C5-mf-3c-N.wav,.wav,ordinario
orchidea,ordinario,mf,C5,F:\DOUTORAMENTO_22\INSTRUMENTOS\Instrumentos_espectro_versão 3\CORDAS\VIOLINO\Vln_Orchidea\ordinario\Vln_Orchidea_mf\Vn-ord-C5-mf-4c-N.wav,.wav,ordinario
orchidea,ordinario,mf,C6,F:\DOUTORAMENTO_22\INSTRUMENTOS\Instrumentos_espectro_versão 3\CORDAS\VIOLINO\Vln_Orchidea\ordinario\Vln_Orchidea_mf\Vn-ord-C6-mf-1c-T12d.wav,.wav,ordinario
orchidea,ordinario,mf,C6,F:\DOUTORAMENTO_22\INSTRUMENTOS\Instrumentos_espectro_versão 3\CORDAS\VIOLINO\Vln_Orchidea\ordinario\Vln_Orchidea_mf\Vn-ord-C6-mf-2c-N.wav,.wav,ordinario
orchidea,ordinario,mf,C6,F:\DOUTORAMENTO_22\INSTRUMENTOS\Instrumentos_espectro_versão 3\CORDAS\VIOLINO\Vln_Orchidea\ordinario\Vln_Orchidea_mf\Vn-ord-C6-mf-3c-T13d.wav,.wav,ordinario
orchidea,ordinario,mf,C7,F:\DOUTORAMENTO_22\INSTRUMENTOS\Instrumentos_espectro_versão 3\CORDAS\VIOLINO\Vln_Orchidea\ordinario\Vln_Orchidea_mf\Vn-ord-C7-mf-1c-T27d.wav,.wav,ordinario
orchidea,ordinario,mf,D#4,F:\DOUTORAMENTO_22\INSTRUMENTOS\Instrumentos_espectro_versão 3\CORDAS\VIOLINO\Vln_Orchidea\ordinario\Vln_Orchidea_mf\Vn-ord-D#4-mf-3c-N.wav,.wav,ordinario
orchidea,ordinario,mf,D#4,F:\DOUTORAMENTO_22\INSTRUMENTOS\Instrumentos_espectro_versão 3\CORDAS\VIOLINO\Vln_Orchidea\ordinario\Vln_Orchidea_mf\Vn-ord-D#4-mf-4c-N.wav,.wav,ordinario
orchidea,ordinario,mf,D#5,F:\DOUTORAMENTO_22\INSTRUMENTOS\Instrumentos_espectro_versão 3\CORDAS\VIOLINO\Vln_Orchidea\ordinario\Vln_Orchidea_mf\Vn-ord-D#5-mf-2c-N.wav,.wav,ordinario
orchidea,ordinario,mf,D#5,F:\DOUTORAMENTO_22\INSTRUMENTOS\Instrumentos_espectro_versão 3\CORDAS\VIOLINO\Vln_Orchidea\ordinario\Vln_Orchidea_mf\Vn-ord-D#5-mf-3c-N.wav,.wav,ordinario
orchidea,ordinario,mf,D#5,F:\DOUTORAMENTO_22\INSTRUMENTOS\Instrumentos_espectro_versão 3\CORDAS\VIOLINO\Vln_Orchidea\ordinario\Vln_Orchidea_mf\Vn-ord-D#5-mf-4c-N.wav,.wav,ordinario
orchidea,ordinario,mf,D#6,F:\DOUTORAMENTO_22\INSTRUMENTOS\Instrumentos_espectro_versão 3\CORDAS\VIOLINO\Vln_Orchidea\ordinario\Vln_Orchidea_mf\Vn-ord-D#6-mf-1c-N.wav,.wav,ordinario
orchidea,ordinario,mf,D#6,F:\DOUTORAMENTO_22\INSTRUMENTOS\Instrumentos_espectro_versão 3\CORDAS\VIOLINO\Vln_Orchidea\ordinario\Vln_Orchidea_mf\Vn-ord-D#6-mf-2c-N.wav,.wav,ordinario
orchidea,ordinario,mf,D#7,F:\DOUTORAMENTO_22\INSTRUMENTOS\Instrumentos_espectro_versão 3\CORDAS\VIOLINO\Vln_Orchidea\ordinario\Vln_Orchidea_mf\Vn-ord-D#7-mf-1c-T22d_R100u.wav,.wav,ordinario
orchidea,ordinario,mf,D4,F:\DOUTORAMENTO_22\INSTRUMENTOS\Instrumentos_espectro_versão 3\CORDAS\VIOLINO\Vln_Orchidea\ordinario\Vln_Orchidea_mf\Vn-ord-D4-mf-3c-N.wav,.wav,ordinario
orchidea,ordinario,mf,D4,F:\DOUTORAMENTO_22\INSTRUMENTOS\Instrumentos_espectro_versão 3\CORDAS\VIOLINO\Vln_Orchidea\ordinario\Vln_Orchidea_mf\Vn-ord-D4-mf-4c-N.wav,.wav,ordinario
orchidea,ordinario,mf,D5,F:\DOUTORAMENTO_22\INSTRUMENTOS\Instrumentos_espectro_versão 3\CORDAS\VIOLINO\Vln_Orchidea\ordinario\Vln_Orchidea_mf\Vn-ord-D5-mf-2c-N.wav,.wav,ordinario
orchidea,ordinario,mf,D5,F:\DOUTORAMENTO_22\INSTRUMENTOS\Instrumentos_espectro_versão 3\CORDAS\VIOLINO\Vln_Orchidea\ordinario\Vln_Orchidea_mf\Vn-ord-D5-mf-3c-N.wav,.wav,ordinario
orchidea,ordinario,mf,D5,F:\DOUTORAMENTO_22\INSTRUMENTOS\Instrumentos_espectro_versão 3\CORDAS\VIOLINO\Vln_Orchidea\ordinario\Vln_Orchidea_mf\Vn-ord-D5-mf-4c-N.wav,.wav,ordinario
orchidea,ordinario,mf,D6,F:\DOUTORAMENTO_22\INSTRUMENTOS\Instrumentos_espectro_versão 3\CORDAS\VIOLINO\Vln_Orchidea\ordinario\Vln_Orchidea_mf\Vn-ord-D6-mf-1c-T12d.wav,.wav,ordinario
orchidea,ordinario,mf,D6,F:\DOUTORAMENTO_22\INSTRUMENTOS\Instrumentos_espectro_versão 3\CORDAS\VIOLINO\Vln_Orchidea\ordinario\Vln_Orchidea_mf\Vn-ord-D6-mf-2c-T12d.wav,.wav,ordinario
orchidea,ordinario,mf,D7,F:\DOUTORAMENTO_22\INSTRUMENTOS\Instrumentos_espectro_versão 3\CORDAS\VIOLINO\Vln_Orchidea\ordinario\Vln_Orchidea_mf\Vn-ord-D7-mf-1c-T22d.wav,.wav,ordinario
orchidea,ordinario,mf,E4,F:\DOUTORAMENTO_22\INSTRUMENTOS\Instrumentos_espectro_versão 3\CORDAS\VIOLINO\Vln_Orchidea\ordinario\Vln_Orchidea_mf\Vn-ord-E4-mf-3c-N.wav,.wav,ordinario
orchidea,ordinario,mf,E4,F:\DOUTORAMENTO_22\INSTRUMENTOS\Instrumentos_espectro_versão 3\CORDAS\VIOLINO\Vln_Orchidea\ordinario\Vln_Orchidea_mf\Vn-ord-E4-mf-4c-N.wav,.wav,ordinario
orchidea,ordinario,mf,E5,F:\DOUTORAMENTO_22\INSTRUMENTOS\Instrumentos_espectro_versão 3\CORDAS\VIOLINO\Vln_Orchidea\ordinario\Vln_Orchidea_mf\Vn-ord-E5-mf-1c-N.wav,.wav,ordinario
orchidea,ordinario,mf,E5,F:\DOUTORAMENTO_22\INSTRUMENTOS\Instrumentos_espectro_versão 3\CORDAS\VIOLINO\Vln_Orchidea\ordinario\Vln_Orchidea_mf\Vn-ord-E5-mf-2c-N.wav,.wav,ordinario
orchidea,ordinario,mf,E5,F:\DOUTORAMENTO_22\INSTRUMENTOS\Instrumentos_espectro_versão 3\CORDAS\VIOLINO\Vln_Orchidea\ordinario\Vln_Orchidea_mf\Vn-ord-E5-mf-3c-N.wav,.wav,ordinario
orchidea,ordinario,mf,E5,F:\DOUTORAMENTO_22\INSTRUMENTOS\Instrumentos_espectro_versão 3\CORDAS\VIOLINO\Vln_Orchidea\ordinario\Vln_Orchidea_mf\Vn-ord-E5-mf-4c-N.wav,.wav,ordinario
orchidea,ordinario,mf,E6,F:\DOUTORAMENTO_22\INSTRUMENTOS\Instrumentos_espectro_versão 3\CORDAS\VIOLINO\Vln_Orchidea\ordinario\Vln_Orchidea_mf\Vn-ord-E6-mf-1c-N.wav,.wav,ordinario
orchidea,ordinario,mf,E6,F:\DOUTORAMENTO_22\INSTRUMENTOS\Instrumentos_espectro_versão 3\CORDAS\VIOLINO\Vln_Orchidea\ordinario\Vln_Orchidea_mf\Vn-ord-E6-mf-2c-N.wav,.wav,ordinario
orchidea,ordinario,mf,E7,F:\DOUTORAMENTO_22\INSTRUMENTOS\Instrumentos_espectro_versão 3\CORDAS\VIOLINO\Vln_Orchidea\ordinario\Vln_Orchidea_mf\Vn-ord-E7-mf-1c-T22d.wav,.wav,ordinario
orchidea,ordinario,mf,F#4,F:\DOUTORAMENTO_22\INSTRUMENTOS\Instrumentos_espectro_versão 3\CORDAS\VIOLINO\Vln_Orchidea\ordinario\Vln_Orchidea_mf\Vn-ord-F#4-mf-3c-N.wav,.wav,ordinario
orchidea,ordinario,mf,F#4,F:\DOUTORAMENTO_22\INSTRUMENTOS\Instrumentos_espectro_versão 3\CORDAS\VIOLINO\Vln_Orchidea\ordinario\Vln_Orchidea_mf\Vn-ord-F#4-mf-4c-N.wav,.wav,ordinario
orchidea,ordinario,mf,F#5,F:\DOUTORAMENTO_22\INSTRUMENTOS\Instrumentos_espectro_versão 3\CORDAS\VIOLINO\Vln_Orchidea\ordinario\Vln_Orchidea_mf\Vn-ord-F#5-mf-1c-N.wav,.wav,ordinario
orchidea,ordinario,mf,F#5,F:\DOUTORAMENTO_22\INSTRUMENTOS\Instrumentos_espectro_versão 3\CORDAS\VIOLINO\Vln_Orchidea\ordinario\Vln_Orchidea_mf\Vn-ord-F#5-mf-2c-N.wav,.wav,ordinario
orchidea,ordinario,mf,F#5,F:\DOUTORAMENTO_22\INSTRUMENTOS\Instrumentos_espectro_versão 3\CORDAS\VIOLINO\Vln_Orchidea\ordinario\Vln_Orchidea_mf\Vn-ord-F#5-mf-3c-N.wav,.wav,ordinario
orchidea,ordinario,mf,F#6,F:\DOUTORAMENTO_22\INSTRUMENTOS\Instrumentos_espectro_versão 3\CORDAS\VIOLINO\Vln_Orchidea\ordinario\Vln_Orchidea_mf\Vn-ord-F#6-mf-1c-T10d.wav,.wav,ordinario
orchidea,ordinario,mf,F#6,F:\DOUTORAMENTO_22\INSTRUMENTOS\Instrumentos_espectro_versão 3\CORDAS\VIOLINO\Vln_Orchidea\ordinario\Vln_Orchidea_mf\Vn-ord-F#6-mf-2c-T11d.wav,.wav,ordinario
orchidea,ordinario,mf,F4,F:\DOUTORAMENTO_22\INSTRUMENTOS\Instrumentos_espectro_versão 3\CORDAS\VIOLINO\Vln_Orchidea\ordinario\Vln_Orchidea_mf\Vn-ord-F4-mf-3c-N.wav,.wav,ordinario
orchidea,ordinario,mf,F4,F:\DOUTORAMENTO_22\INSTRUMENTOS\Instrumentos_espectro_versão 3\CORDAS\VIOLINO\Vln_Orchidea\ordinario\Vln_Orchidea_mf\Vn-ord-F4-mf-4c-N.wav,.wav,ordinario
orchidea,ordinario,mf,F5,F:\DOUTORAMENTO_22\INSTRUMENTOS\Instrumentos_espectro_versão 3\CORDAS\VIOLINO\Vln_Orchidea\ordinario\Vln_Orchidea_mf\Vn-ord-F5-mf-1c-N.wav,.wav,ordinario
orchidea,ordinario,mf,F5,F:\DOUTORAMENTO_22\INSTRUMENTOS\Instrumentos_espectro_versão 3\CORDAS\VIOLINO\Vln_Orchidea\ordinario\Vln_Orchidea_mf\Vn-ord-F5-mf-2c-N.wav,.wav,ordinario
orchidea,ordinario,mf,F5,F:\DOUTORAMENTO_22\INSTRUMENTOS\Instrumentos_espectro_versão 3\CORDAS\VIOLINO\Vln_Orchidea\ordinario\Vln_Orchidea_mf\Vn-ord-F5-mf-3c-N.wav,.wav,ordinario
orchidea,ordinario,mf,F6,F:\DOUTORAMENTO_22\INSTRUMENTOS\Instrumentos_espectro_versão 3\CORDAS\VIOLINO\Vln_Orchidea\ordinario\Vln_Orchidea_mf\Vn-ord-F6-mf-1c-N.wav,.wav,ordinario
orchidea,ordinario,mf,F6,F:\DOUTORAMENTO_22\INSTRUMENTOS\Instrumentos_espectro_versão 3\CORDAS\VIOLINO\Vln_Orchidea\ordinario\Vln_Orchidea_mf\Vn-ord-F6-mf-2c-T17d.wav,.wav,ordinario
orchidea,ordinario,mf,G#3,F:\DOUTORAMENTO_22\INSTRUMENTOS\Instrumentos_espectro_versão 3\CORDAS\VIOLINO\Vln_Orchidea\ordinario\Vln_Orchidea_mf\Vn-ord-G#3-mf-4c-T13u.wav,.wav,ordinario
orchidea,ordinario,mf,G#4,F:\DOUTORAMENTO_22\INSTRUMENTOS\Instrumentos_espectro_versão 3\CORDAS\VIOLINO\Vln_Orchidea\ordinario\Vln_Orchidea_mf\Vn-ord-G#4-mf-3c-N.wav,.wav,ordinario
orchidea,ordinario,mf,G#4,F:\DOUTORAMENTO_22\INSTRUMENTOS\Instrumentos_espectro_versão 3\CORDAS\VIOLINO\Vln_Orchidea\ordinario\Vln_Orchidea_mf\Vn-ord-G#4-mf-4c-N.wav,.wav,ordinario
orchidea,ordinario,mf,G#5,F:\DOUTORAMENTO_22\INSTRUMENTOS\Instrumentos_espectro_versão 3\CORDAS\VIOLINO\Vln_Orchidea\ordinario\Vln_Orchidea_mf\Vn-ord-G#5-mf-1c-N.wav,.wav,ordinario
orchidea,ordinario,mf,G#5,F:\DOUTORAMENTO_22\INSTRUMENTOS\Instrumentos_espectro_versão 3\CORDAS\VIOLINO\Vln_Orchidea\ordinario\Vln_Orchidea_mf\Vn-ord-G#5-mf-2c-N.wav,.wav,ordinario
orchidea,ordinario,mf,G#5,F:\DOUTORAMENTO_22\INSTRUMENTOS\Instrumentos_espectro_versão 3\CORDAS\VIOLINO\Vln_Orchidea\ordinario\Vln_Orchidea_mf\Vn-ord-G#5-mf-3c-N.wav,.wav,ordinario
orchidea,ordinario,mf,G#6,F:\DOUTORAMENTO_22\INSTRUMENTOS\Instrumentos_espectro_versão 3\CORDAS\VIOLINO\Vln_Orchidea\ordinario\Vln_Orchidea_mf\Vn-ord-G#6-mf-1c-T11d_R100d.wav,.wav,ordinario
orchidea,ordinario,mf,G#6,F:\DOUTORAMENTO_22\INSTRUMENTOS\Instrumentos_espectro_versão 3\CORDAS\VIOLINO\Vln_Orchidea\ordinario\Vln_Orchidea_mf\Vn-ord-G#6-mf-2c-T21d.wav,.wav,ordinario
orchidea,ordinario,mf,G3,F:\DOUTORAMENTO_22\INSTRUMENTOS\Instrumentos_espectro_versão 3\CORDAS\VIOLINO\Vln_Orchidea\ordinario\Vln_Orchidea_mf\Vn-ord-G3-mf-4c-N.wav,.wav,ordinario
orchidea,ordinario,mf,G4,F:\DOUTORAMENTO_22\INSTRUMENTOS\Instrumentos_espectro_versão 3\CORDAS\VIOLINO\Vln_Orchidea\ordinario\Vln_Orchidea_mf\Vn-ord-G4-mf-3c-N.wav,.wav,ordinario
orchidea,ordinario,mf,G4,F:\DOUTORAMENTO_22\INSTRUMENTOS\Instrumentos_espectro_versão 3\CORDAS\VIOLINO\Vln_Orchidea\ordinario\Vln_Orchidea_mf\Vn-ord-G4-mf-4c-N.wav,.wav,ordinario
orchidea,ordinario,mf,G5,F:\DOUTORAMENTO_22\INSTRUMENTOS\Instrumentos_espectro_versão 3\CORDAS\VIOLINO\Vln_Orchidea\ordinario\Vln_Orchidea_mf\Vn-ord-G5-mf-1c-N.wav,.wav,ordinario
orchidea,ordinario,mf,G5,F:\DOUTORAMENTO_22\INSTRUMENTOS\Instrumentos_espectro_versão 3\CORDAS\VIOLINO\Vln_Orchidea\ordinario\Vln_Orchidea_mf\Vn-ord-G5-mf-2c-N.wav,.wav,ordinario
orchidea,ordinario,mf,G5,F:\DOUTORAMENTO_22\INSTRUMENTOS\Instrumentos_espectro_versão 3\CORDAS\VIOLINO\Vln_Orchidea\ordinario\Vln_Orchidea_mf\Vn-ord-G5-mf-3c-N.wav,.wav,ordinario
orchidea,ordinario,mf,G6,F:\DOUTORAMENTO_22\INSTRUMENTOS\Instrumentos_espectro_versão 3\CORDAS\VIOLINO\Vln_Orchidea\ordinario\Vln_Orchidea_mf\Vn-ord-G6-mf-1c-T15d.wav,.wav,ordinario
orchidea,ordinario,mf,G6,F:\DOUTORAMENTO_22\INSTRUMENTOS\Instrumentos_espectro_versão 3\CORDAS\VIOLINO\Vln_Orchidea\ordinario\Vln_Orchidea_mf\Vn-ord-G6-mf-2c-T12d.wav,.wav,ordinario
orchidea,ordinario,mf,A#3,F:\DOUTORAMENTO_22\INSTRUMENTOS\Instrumentos_espectro_versão 3\CORDAS\VIOLINO\Vln_Orchidea\ordinario\Vln_Orchidea_mf\_Attacks\Vn-ord-A#3-mf-4c-N_Attacks.wav,.wav,ordinario
orchidea,ordinario,mf,A#4,F:\DOUTORAMENTO_22\INSTRUMENTOS\Instrumentos_espectro_versão 3\CORDAS\VIOLINO\Vln_Orchidea\ordinario\Vln_Orchidea_mf\_Attacks\Vn-ord-A#4-mf-2c-N_Attacks.wav,.wav,ordinario
orchidea,ordinario,mf,A#4,F:\DOUTORAMENTO_22\INSTRUMENTOS\Instrumentos_espectro_versão 3\CORDAS\VIOLINO\Vln_Orchidea\ordinario\Vln_Orchidea_mf\_Attacks\Vn-ord-A#4-mf-3c-N_Attacks.wav,.wav,ordinario
orchidea,ordinario,mf,A#4,F:\DOUTORAMENTO_22\INSTRUMENTOS\Instrumentos_espectro_versão 3\CORDAS\VIOLINO\Vln_Orchidea\ordinario\Vln_Orchidea_mf\_Attacks\Vn-ord-A#4-mf-4c-N_Attacks.wav,.wav,ordinario
orchidea,ordinario,mf,A#5,F:\DOUTORAMENTO_22\INSTRUMENTOS\Instrumentos_espectro_versão 3\CORDAS\VIOLINO\Vln_Orchidea\ordinario\Vln_Orchidea_mf\_Attacks\Vn-ord-A#5-mf-1c-N_Attacks.wav,.wav,ordinario
orchidea,ordinario,mf,A#5,F:\DOUTORAMENTO_22\INSTRUMENTOS\Instrumentos_espectro_versão 3\CORDAS\VIOLINO\Vln_Orchidea\ordinario\Vln_Orchidea_mf\_Attacks\Vn-ord-A#5-mf-2c-N_Attacks.wav,.wav,ordinario
orchidea,ordinario,mf,A#5,F:\DOUTORAMENTO_22\INSTRUMENTOS\Instrumentos_espectro_versão 3\CORDAS\VIOLINO\Vln_Orchidea\ordinario\Vln_Orchidea_mf\_Attacks\Vn-ord-A#5-mf-3c-N_Attacks.wav,.wav,ordinario
orchidea,ordinario,mf,A#6,F:\DOUTORAMENTO_22\INSTRUMENTOS\Instrumentos_espectro_versão 3\CORDAS\VIOLINO\Vln_Orchidea\ordinario\Vln_Orchidea_mf\_Attacks\Vn-ord-A#6-mf-1c-N_Attacks.wav,.wav,ordinario
orchidea,ordinario,mf,A3,F:\DOUTORAMENTO_22\INSTRUMENTOS\Instrumentos_espectro_versão 3\CORDAS\VIOLINO\Vln_Orchidea\ordinario\Vln_Orchidea_mf\_Attacks\Vn-ord-A3-mf-4c-N_Attacks.wav,.wav,ordinario
orchidea,ordinario,mf,A4,F:\DOUTORAMENTO_22\INSTRUMENTOS\Instrumentos_espectro_versão 3\CORDAS\VIOLINO\Vln_Orchidea\ordinario\Vln_Orchidea_mf\_Attacks\Vn-ord-A4-mf-2c-N_Attacks.wav,.wav,ordinario
orchidea,ordinario,mf,A4,F:\DOUTORAMENTO_22\INSTRUMENTOS\Instrumentos_espectro_versão 3\CORDAS\VIOLINO\Vln_Orchidea\ordinario\Vln_Orchidea_mf\_Attacks\Vn-ord-A4-mf-3c-N_Attacks.wav,.wav,ordinario
orchidea,ordinario,mf,A4,F:\DOUTORAMENTO_22\INSTRUMENTOS\Instrumentos_espectro_versão 3\CORDAS\VIOLINO\Vln_Orchidea\ordinario\Vln_Orchidea_mf\_Attacks\Vn-ord-A4-mf-4c-N_Attacks.wav,.wav,ordinario
orchidea,ordinario,mf,A5,F:\DOUTORAMENTO_22\INSTRUMENTOS\Instrumentos_espectro_versão 3\CORDAS\VIOLINO\Vln_Orchidea\ordinario\Vln_Orchidea_mf\_Attacks\Vn-ord-A5-mf-1c-N_Attacks.wav,.wav,ordinario
orchidea,ordinario,mf,A5,F:\DOUTORAMENTO_22\INSTRUMENTOS\Instrumentos_espectro_versão 3\CORDAS\VIOLINO\Vln_Orchidea\ordinario\Vln_Orchidea_mf\_Attacks\Vn-ord-A5-mf-2c-N_Attacks.wav,.wav,ordinario
orchidea,ordinario,mf,A5,F:\DOUTORAMENTO_22\INSTRUMENTOS\Instrumentos_espectro_versão 3\CORDAS\VIOLINO\Vln_Orchidea\ordinario\Vln_Orchidea_mf\_Attacks\Vn-ord-A5-mf-3c-N_Attacks.wav,.wav,ordinario
orchidea,ordinario,mf,A6,F:\DOUTORAMENTO_22\INSTRUMENTOS\Instrumentos_espectro_versão 3\CORDAS\VIOLINO\Vln_Orchidea\ordinario\Vln_Orchidea_mf\_Attacks\Vn-ord-A6-mf-1c-T11d_Attacks.wav,.wav,ordinario
orchidea,ordinario,mf,A6,F:\DOUTORAMENTO_22\INSTRUMENTOS\Instrumentos_espectro_versão 3\CORDAS\VIOLINO\Vln_Orchidea\ordinario\Vln_Orchidea_mf\_Attacks\Vn-ord-A6-mf-2c-N_Attacks.wav,.wav,ordinario
orchidea,ordinario,mf,B3,F:\DOUTORAMENTO_22\INSTRUMENTOS\Instrumentos_espectro_versão 3\CORDAS\VIOLINO\Vln_Orchidea\ordinario\Vln_Orchidea_mf\_Attacks\Vn-ord-B3-mf-4c-T15u_Attacks.wav,.wav,ordinario
orchidea,ordinario,mf,B4,F:\DOUTORAMENTO_22\INSTRUMENTOS\Instrumentos_espectro_versão 3\CORDAS\VIOLINO\Vln_Orchidea\ordinario\Vln_Orchidea_mf\_Attacks\Vn-ord-B4-mf-2c-N_Attacks.wav,.wav,ordinario
orchidea,ordinario,mf,B4,F:\DOUTORAMENTO_22\INSTRUMENTOS\Instrumentos_espectro_versão 3\CORDAS\VIOLINO\Vln_Orchidea\ordinario\Vln_Orchidea_mf\_Attacks\Vn-ord-B4-mf-3c-N_Attacks.wav,.wav,ordinario
orchidea,ordinario,mf,B4,F:\DOUTORAMENTO_22\INSTRUMENTOS\Instrumentos_espectro_versão 3\CORDAS\VIOLINO\Vln_Orchidea\ordinario\Vln_Orchidea_mf\_Attacks\Vn-ord-B4-mf-4c-N_Attacks.wav,.wav,ordinario
orchidea,ordinario,mf,B5,F:\DOUTORAMENTO_22\INSTRUMENTOS\Instrumentos_espectro_versão 3\CORDAS\VIOLINO\Vln_Orchidea\ordinario\Vln_Orchidea_mf\_Attacks\Vn-ord-B5-mf-1c-N_Attacks.wav,.wav,ordinario
orchidea,ordinario,mf,B5,F:\DOUTORAMENTO_22\INSTRUMENTOS\Instrumentos_espectro_versão 3\CORDAS\VIOLINO\Vln_Orchidea\ordinario\Vln_Orchidea_mf\_Attacks\Vn-ord-B5-mf-2c-N_Attacks.wav,.wav,ordinario
orchidea,ordinario,mf,B5,F:\DOUTORAMENTO_22\INSTRUMENTOS\Instrumentos_espectro_versão 3\CORDAS\VIOLINO\Vln_Orchidea\ordinario\Vln_Orchidea_mf\_Attacks\Vn-ord-B5-mf-3c-N_Attacks.wav,.wav,ordinario
orchidea,ordinario,mf,B6,F:\DOUTORAMENTO_22\INSTRUMENTOS\Instrumentos_espectro_versão 3\CORDAS\VIOLINO\Vln_Orchidea\ordinario\Vln_Orchidea_mf\_Attacks\Vn-ord-B6-mf-1c-T15d_Attacks.wav,.wav,ordinario
orchidea,ordinario,mf,C#4,F:\DOUTORAMENTO_22\INSTRUMENTOS\Instrumentos_espectro_versão 3\CORDAS\VIOLINO\Vln_Orchidea\ordinario\Vln_Orchidea_mf\_Attacks\Vn-ord-C#4-mf-4c-N_Attacks.wav,.wav,ordinario
orchidea,ordinario,mf,C#5,F:\DOUTORAMENTO_22\INSTRUMENTOS\Instrumentos_espectro_versão 3\CORDAS\VIOLINO\Vln_Orchidea\ordinario\Vln_Orchidea_mf\_Attacks\Vn-ord-C#5-mf-2c-N_Attacks.wav,.wav,ordinario
orchidea,ordinario,mf,C#5,F:\DOUTORAMENTO_22\INSTRUMENTOS\Instrumentos_espectro_versão 3\CORDAS\VIOLINO\Vln_Orchidea\ordinario\Vln_Orchidea_mf\_Attacks\Vn-ord-C#5-mf-3c-T11u_Attacks.wav,.wav,ordinario
orchidea,ordinario,mf,C#5,F:\DOUTORAMENTO_22\INSTRUMENTOS\Instrumentos_espectro_versão 3\CORDAS\VIOLINO\Vln_Orchidea\ordinario\Vln_Orchidea_mf\_Attacks\Vn-ord-C#5-mf-4c-N_Attacks.wav,.wav,ordinario
orchidea,ordinario,mf,C#6,F:\DOUTORAMENTO_22\INSTRUMENTOS\Instrumentos_espectro_versão 3\CORDAS\VIOLINO\Vln_Orchidea\ordinario\Vln_Orchidea_mf\_Attacks\Vn-ord-C#6-mf-1c-N_Attacks.wav,.wav,ordinario
orchidea,ordinario,mf,C#6,F:\DOUTORAMENTO_22\INSTRUMENTOS\Instrumentos_espectro_versão 3\CORDAS\VIOLINO\Vln_Orchidea\ordinario\Vln_Orchidea_mf\_Attacks\Vn-ord-C#6-mf-2c-N_Attacks.wav,.wav,ordinario
orchidea,ordinario,mf,C#7,F:\DOUTORAMENTO_22\INSTRUMENTOS\Instrumentos_espectro_versão 3\CORDAS\VIOLINO\Vln_Orchidea\ordinario\Vln_Orchidea_mf\_Attacks\Vn-ord-C#7-mf-1c-T22d_Attacks.wav,.wav,ordinario
orchidea,ordinario,mf,C4,F:\DOUTORAMENTO_22\INSTRUMENTOS\Instrumentos_espectro_versão 3\CORDAS\VIOLINO\Vln_Orchidea\ordinario\Vln_Orchidea_mf\_Attacks\Vn-ord-C4-mf-4c-N_Attacks.wav,.wav,ordinario
orchidea,ordinario,mf,C5,F:\DOUTORAMENTO_22\INSTRUMENTOS\Instrumentos_espectro_versão 3\CORDAS\VIOLINO\Vln_Orchidea\ordinario\Vln_Orchidea_mf\_Attacks\Vn-ord-C5-mf-2c-N_Attacks.wav,.wav,ordinario
orchidea,ordinario,mf,C5,F:\DOUTORAMENTO_22\INSTRUMENTOS\Instrumentos_espectro_versão 3\CORDAS\VIOLINO\Vln_Orchidea\ordinario\Vln_Orchidea_mf\_Attacks\Vn-ord-C5-mf-3c-N_Attacks.wav,.wav,ordinario
orchidea,ordinario,mf,C5,F:\DOUTORAMENTO_22\INSTRUMENTOS\Instrumentos_espectro_versão 3\CORDAS\VIOLINO\Vln_Orchidea\ordinario\Vln_Orchidea_mf\_Attacks\Vn-ord-C5-mf-4c-N_Attacks.wav,.wav,ordinario
orchidea,ordinario,mf,C6,F:\DOUTORAMENTO_22\INSTRUMENTOS\Instrumentos_espectro_versão 3\CORDAS\VIOLINO\Vln_Orchidea\ordinario\Vln_Orchidea_mf\_Attacks\Vn-ord-C6-mf-1c-T12d_Attacks.wav,.wav,ordinario
orchidea,ordinario,mf,C6,F:\DOUTORAMENTO_22\INSTRUMENTOS\Instrumentos_espectro_versão 3\CORDAS\VIOLINO\Vln_Orchidea\ordinario\Vln_Orchidea_mf\_Attacks\Vn-ord-C6-mf-2c-N_Attacks.wav,.wav,ordinario
orchidea,ordinario,mf,C6,F:\DOUTORAMENTO_22\INSTRUMENTOS\Instrumentos_espectro_versão 3\CORDAS\VIOLINO\Vln_Orchidea\ordinario\Vln_Orchidea_mf\_Attacks\Vn-ord-C6-mf-3c-T13d_Attacks.wav,.wav,ordinario
orchidea,ordinario,mf,C7,F:\DOUTORAMENTO_22\INSTRUMENTOS\Instrumentos_espectro_versão 3\CORDAS\VIOLINO\Vln_Orchidea\ordinario\Vln_Orchidea_mf\_Attacks\Vn-ord-C7-mf-1c-T27d_Attacks.wav,.wav,ordinario
orchidea,ordinario,mf,D#4,F:\DOUTORAMENTO_22\INSTRUMENTOS\Instrumentos_espectro_versão 3\CORDAS\VIOLINO\Vln_Orchidea\ordinario\Vln_Orchidea_mf\_Attacks\Vn-ord-D#4-mf-3c-N_Attacks.wav,.wav,ordinario
orchidea,ordinario,mf,D#4,F:\DOUTORAMENTO_22\INSTRUMENTOS\Instrumentos_espectro_versão 3\CORDAS\VIOLINO\Vln_Orchidea\ordinario\Vln_Orchidea_mf\_Attacks\Vn-ord-D#4-mf-4c-N_Attacks.wav,.wav,ordinario
orchidea,ordinario,mf,D#5,F:\DOUTORAMENTO_22\INSTRUMENTOS\Instrumentos_espectro_versão 3\CORDAS\VIOLINO\Vln_Orchidea\ordinario\Vln_Orchidea_mf\_Attacks\Vn-ord-D#5-mf-2c-N_Attacks.wav,.wav,ordinario
orchidea,ordinario,mf,D#5,F:\DOUTORAMENTO_22\INSTRUMENTOS\Instrumentos_espectro_versão 3\CORDAS\VIOLINO\Vln_Orchidea\ordinario\Vln_Orchidea_mf\_Attacks\Vn-ord-D#5-mf-3c-N_Attacks.wav,.wav,ordinario
orchidea,ordinario,mf,D#5,F:\DOUTORAMENTO_22\INSTRUMENTOS\Instrumentos_espectro_versão 3\CORDAS\VIOLINO\Vln_Orchidea\ordinario\Vln_Orchidea_mf\_Attacks\Vn-ord-D#5-mf-4c-N_Attacks.wav,.wav,ordinario
orchidea,ordinario,mf,D#6,F:\DOUTORAMENTO_22\INSTRUMENTOS\Instrumentos_espectro_versão 3\CORDAS\VIOLINO\Vln_Orchidea\ordinario\Vln_Orchidea_mf\_Attacks\Vn-ord-D#6-mf-1c-N_Attacks.wav,.wav,ordinario
orchidea,ordinario,mf,D#6,F:\DOUTORAMENTO_22\INSTRUMENTOS\Instrumentos_espectro_versão 3\CORDAS\VIOLINO\Vln_Orchidea\ordinario\Vln_Orchidea_mf\_Attacks\Vn-ord-D#6-mf-2c-N_Attacks.wav,.wav,ordinario
orchidea,ordinario,mf,D#7,F:\DOUTORAMENTO_22\INSTRUMENTOS\Instrumentos_espectro_versão 3\CORDAS\VIOLINO\Vln_Orchidea\ordinario\Vln_Orchidea_mf\_Attacks\Vn-ord-D#7-mf-1c-T22d_R100u_Attacks.wav,.wav,ordinario
orchidea,ordinario,mf,D4,F:\DOUTORAMENTO_22\INSTRUMENTOS\Instrumentos_espectro_versão 3\CORDAS\VIOLINO\Vln_Orchidea\ordinario\Vln_Orchidea_mf\_Attacks\Vn-ord-D4-mf-3c-N_Attacks.wav,.wav,ordinario
orchidea,ordinario,mf,D4,F:\DOUTORAMENTO_22\INSTRUMENTOS\Instrumentos_espectro_versão 3\CORDAS\VIOLINO\Vln_Orchidea\ordinario\Vln_Orchidea_mf\_Attacks\Vn-ord-D4-mf-4c-N_Attacks.wav,.wav,ordinario
orchidea,ordinario,mf,D5,F:\DOUTORAMENTO_22\INSTRUMENTOS\Instrumentos_espectro_versão 3\CORDAS\VIOLINO\Vln_Orchidea\ordinario\Vln_Orchidea_mf\_Attacks\Vn-ord-D5-mf-2c-N_Attacks.wav,.wav,ordinario
orchidea,ordinario,mf,D5,F:\DOUTORAMENTO_22\INSTRUMENTOS\Instrumentos_espectro_versão 3\CORDAS\VIOLINO\Vln_Orchidea\ordinario\Vln_Orchidea_mf\_Attacks\Vn-ord-D5-mf-3c-N_Attacks.wav,.wav,ordinario
orchidea,ordinario,mf,D5,F:\DOUTORAMENTO_22\INSTRUMENTOS\Instrumentos_espectro_versão 3\CORDAS\VIOLINO\Vln_Orchidea\ordinario\Vln_Orchidea_mf\_Attacks\Vn-ord-D5-mf-4c-N_Attacks.wav,.wav,ordinario
orchidea,ordinario,mf,D6,F:\DOUTORAMENTO_22\INSTRUMENTOS\Instrumentos_espectro_versão 3\CORDAS\VIOLINO\Vln_Orchidea\ordinario\Vln_Orchidea_mf\_Attacks\Vn-ord-D6-mf-1c-T12d_Attacks.wav,.wav,ordinario
orchidea,ordinario,mf,D6,F:\DOUTORAMENTO_22\INSTRUMENTOS\Instrumentos_espectro_versão 3\CORDAS\VIOLINO\Vln_Orchidea\ordinario\Vln_Orchidea_mf\_Attacks\Vn-ord-D6-mf-2c-T12d_Attacks.wav,.wav,ordinario
orchidea,ordinario,mf,D7,F:\DOUTORAMENTO_22\INSTRUMENTOS\Instrumentos_espectro_versão 3\CORDAS\VIOLINO\Vln_Orchidea\ordinario\Vln_Orchidea_mf\_Attacks\Vn-ord-D7-mf-1c-T22d_Attacks.wav,.wav,ordinario
orchidea,ordinario,mf,E4,F:\DOUTORAMENTO_22\INSTRUMENTOS\Instrumentos_espectro_versão 3\CORDAS\VIOLINO\Vln_Orchidea\ordinario\Vln_Orchidea_mf\_Attacks\Vn-ord-E4-mf-3c-N_Attacks.wav,.wav,ordinario
orchidea,ordinario,mf,E4,F:\DOUTORAMENTO_22\INSTRUMENTOS\Instrumentos_espectro_versão 3\CORDAS\VIOLINO\Vln_Orchidea\ordinario\Vln_Orchidea_mf\_Attacks\Vn-ord-E4-mf-4c-N_Attacks.wav,.wav,ordinario
orchidea,ordinario,mf,E5,F:\DOUTORAMENTO_22\INSTRUMENTOS\Instrumentos_espectro_versão 3\CORDAS\VIOLINO\Vln_Orchidea\ordinario\Vln_Orchidea_mf\_Attacks\Vn-ord-E5-mf-1c-N_Attacks.wav,.wav,ordinario
orchidea,ordinario,mf,E5,F:\DOUTORAMENTO_22\INSTRUMENTOS\Instrumentos_espectro_versão 3\CORDAS\VIOLINO\Vln_Orchidea\ordinario\Vln_Orchidea_mf\_Attacks\Vn-ord-E5-mf-2c-N_Attacks.wav,.wav,ordinario
orchidea,ordinario,mf,E5,F:\DOUTORAMENTO_22\INSTRUMENTOS\Instrumentos_espectro_versão 3\CORDAS\VIOLINO\Vln_Orchidea\ordinario\Vln_Orchidea_mf\_Attacks\Vn-ord-E5-mf-3c-N_Attacks.wav,.wav,ordinario
orchidea,ordinario,mf,E5,F:\DOUTORAMENTO_22\INSTRUMENTOS\Instrumentos_espectro_versão 3\CORDAS\VIOLINO\Vln_Orchidea\ordinario\Vln_Orchidea_mf\_Attacks\Vn-ord-E5-mf-4c-N_Attacks.wav,.wav,ordinario
orchidea,ordinario,mf,E6,F:\DOUTORAMENTO_22\INSTRUMENTOS\Instrumentos_espectro_versão 3\CORDAS\VIOLINO\Vln_Orchidea\ordinario\Vln_Orchidea_mf\_Attacks\Vn-ord-E6-mf-1c-N_Attacks.wav,.wav,ordinario
orchidea,ordinario,mf,E6,F:\DOUTORAMENTO_22\INSTRUMENTOS\Instrumentos_espectro_versão 3\CORDAS\VIOLINO\Vln_Orchidea\ordinario\Vln_Orchidea_mf\_Attacks\Vn-ord-E6-mf-2c-N_Attacks.wav,.wav,ordinario
orchidea,ordinario,mf,E7,F:\DOUTORAMENTO_22\INSTRUMENTOS\Instrumentos_espectro_versão 3\CORDAS\VIOLINO\Vln_Orchidea\ordinario\Vln_Orchidea_mf\_Attacks\Vn-ord-E7-mf-1c-T22d_Attacks.wav,.wav,ordinario
orchidea,ordinario,mf,F#4,F:\DOUTORAMENTO_22\INSTRUMENTOS\Instrumentos_espectro_versão 3\CORDAS\VIOLINO\Vln_Orchidea\ordinario\Vln_Orchidea_mf\_Attacks\Vn-ord-F#4-mf-3c-N_Attacks.wav,.wav,ordinario
orchidea,ordinario,mf,F#4,F:\DOUTORAMENTO_22\INSTRUMENTOS\Instrumentos_espectro_versão 3\CORDAS\VIOLINO\Vln_Orchidea\ordinario\Vln_Orchidea_mf\_Attacks\Vn-ord-F#4-mf-4c-N_Attacks.wav,.wav,ordinario
orchidea,ordinario,mf,F#5,F:\DOUTORAMENTO_22\INSTRUMENTOS\Instrumentos_espectro_versão 3\CORDAS\VIOLINO\Vln_Orchidea\ordinario\Vln_Orchidea_mf\_Attacks\Vn-ord-F#5-mf-1c-N_Attacks.wav,.wav,ordinario
orchidea,ordinario,mf,F#5,F:\DOUTORAMENTO_22\INSTRUMENTOS\Instrumentos_espectro_versão 3\CORDAS\VIOLINO\Vln_Orchidea\ordinario\Vln_Orchidea_mf\_Attacks\Vn-ord-F#5-mf-2c-N_Attacks.wav,.wav,ordinario
orchidea,ordinario,mf,F#5,F:\DOUTORAMENTO_22\INSTRUMENTOS\Instrumentos_espectro_versão 3\CORDAS\VIOLINO\Vln_Orchidea\ordinario\Vln_Orchidea_mf\_Attacks\Vn-ord-F#5-mf-3c-N_Attacks.wav,.wav,ordinario
orchidea,ordinario,mf,F#6,F:\DOUTORAMENTO_22\INSTRUMENTOS\Instrumentos_espectro_versão 3\CORDAS\VIOLINO\Vln_Orchidea\ordinario\Vln_Orchidea_mf\_Attacks\Vn-ord-F#6-mf-1c-T10d_Attacks.wav,.wav,ordinario
orchidea,ordinario,mf,F#6,F:\DOUTORAMENTO_22\INSTRUMENTOS\Instrumentos_espectro_versão 3\CORDAS\VIOLINO\Vln_Orchidea\ordinario\Vln_Orchidea_mf\_Attacks\Vn-ord-F#6-mf-2c-T11d_Attacks.wav,.wav,ordinario
orchidea,ordinario,mf,F4,F:\DOUTORAMENTO_22\INSTRUMENTOS\Instrumentos_espectro_versão 3\CORDAS\VIOLINO\Vln_Orchidea\ordinario\Vln_Orchidea_mf\_Attacks\Vn-ord-F4-mf-3c-N_Attacks.wav,.wav,ordinario
orchidea,ordinario,mf,F4,F:\DOUTORAMENTO_22\INSTRUMENTOS\Instrumentos_espectro_versão 3\CORDAS\VIOLINO\Vln_Orchidea\ordinario\Vln_Orchidea_mf\_Attacks\Vn-ord-F4-mf-4c-N_Attacks.wav,.wav,ordinario
orchidea,ordinario,mf,F5,F:\DOUTORAMENTO_22\INSTRUMENTOS\Instrumentos_espectro_versão 3\CORDAS\VIOLINO\Vln_Orchidea\ordinario\Vln_Orchidea_mf\_Attacks\Vn-ord-F5-mf-1c-N_Attacks.wav,.wav,ordinario
orchidea,ordinario,mf,F5,F:\DOUTORAMENTO_22\INSTRUMENTOS\Instrumentos_espectro_versão 3\CORDAS\VIOLINO\Vln_Orchidea\ordinario\Vln_Orchidea_mf\_Attacks\Vn-ord-F5-mf-2c-N_Attacks.wav,.wav,ordinario
orchidea,ordinario,mf,F5,F:\DOUTORAMENTO_22\INSTRUMENTOS\Instrumentos_espectro_versão 3\CORDAS\VIOLINO\Vln_Orchidea\ordinario\Vln_Orchidea_mf\_Attacks\Vn-ord-F5-mf-3c-N_Attacks.wav,.wav,ordinario
orchidea,ordinario,mf,F6,F:\DOUTORAMENTO_22\INSTRUMENTOS\Instrumentos_espectro_versão 3\CORDAS\VIOLINO\Vln_Orchidea\ordinario\Vln_Orchidea_mf\_Attacks\Vn-ord-F6-mf-1c-N_Attacks.wav,.wav,ordinario
orchidea,ordinario,mf,F6,F:\DOUTORAMENTO_22\INSTRUMENTOS\Instrumentos_espectro_versão 3\CORDAS\VIOLINO\Vln_Orchidea\ordinario\Vln_Orchidea_mf\_Attacks\Vn-ord-F6-mf-2c-T17d_Attacks.wav,.wav,ordinario
orchidea,ordinario,mf,G#3,F:\DOUTORAMENTO_22\INSTRUMENTOS\Instrumentos_espectro_versão 3\CORDAS\VIOLINO\Vln_Orchidea\ordinario\Vln_Orchidea_mf\_Attacks\Vn-ord-G#3-mf-4c-T13u_Attacks.wav,.wav,ordinario
orchidea,ordinario,mf,G#4,F:\DOUTORAMENTO_22\INSTRUMENTOS\Instrumentos_espectro_versão 3\CORDAS\VIOLINO\Vln_Orchidea\ordinario\Vln_Orchidea_mf\_Attacks\Vn-ord-G#4-mf-3c-N_Attacks.wav,.wav,ordinario
orchidea,ordinario,mf,G#4,F:\DOUTORAMENTO_22\INSTRUMENTOS\Instrumentos_espectro_versão 3\CORDAS\VIOLINO\Vln_Orchidea\ordinario\Vln_Orchidea_mf\_Attacks\Vn-ord-G#4-mf-4c-N_Attacks.wav,.wav,ordinario
orchidea,ordinario,mf,G#5,F:\DOUTORAMENTO_22\INSTRUMENTOS\Instrumentos_espectro_versão 3\CORDAS\VIOLINO\Vln_Orchidea\ordinario\Vln_Orchidea_mf\_Attacks\Vn-ord-G#5-mf-1c-N_Attacks.wav,.wav,ordinario
orchidea,ordinario,mf,G#5,F:\DOUTORAMENTO_22\INSTRUMENTOS\Instrumentos_espectro_versão 3\CORDAS\VIOLINO\Vln_Orchidea\ordinario\Vln_Orchidea_mf\_Attacks\Vn-ord-G#5-mf-2c-N_Attacks.wav,.wav,ordinario
orchidea,ordinario,mf,G#5,F:\DOUTORAMENTO_22\INSTRUMENTOS\Instrumentos_espectro_versão 3\CORDAS\VIOLINO\Vln_Orchidea\ordinario\Vln_Orchidea_mf\_Attacks\Vn-ord-G#5-mf-3c-N_Attacks.wav,.wav,ordinario
orchidea,ordinario,mf,G#6,F:\DOUTORAMENTO_22\INSTRUMENTOS\Instrumentos_espectro_versão 3\CORDAS\VIOLINO\Vln_Orchidea\ordinario\Vln_Orchidea_mf\_Attacks\Vn-ord-G#6-mf-1c-T11d_R100d_Attacks.wav,.wav,ordinario
orchidea,ordinario,mf,G#6,F:\DOUTORAMENTO_22\INSTRUMENTOS\Instrumentos_espectro_versão 3\CORDAS\VIOLINO\Vln_Orchidea\ordinario\Vln_Orchidea_mf\_Attacks\Vn-ord-G#6-mf-2c-T21d_Attacks.wav,.wav,ordinario
orchidea,ordinario,mf,G3,F:\DOUTORAMENTO_22\INSTRUMENTOS\Instrumentos_espectro_versão 3\CORDAS\VIOLINO\Vln_Orchidea\ordinario\Vln_Orchidea_mf\_Attacks\Vn-ord-G3-mf-4c-N_Attacks.wav,.wav,ordinario
orchidea,ordinario,mf,G4,F:\DOUTORAMENTO_22\INSTRUMENTOS\Instrumentos_espectro_versão 3\CORDAS\VIOLINO\Vln_Orchidea\ordinario\Vln_Orchidea_mf\_Attacks\Vn-ord-G4-mf-3c-N_Attacks.wav,.wav,ordinario
orchidea,ordinario,mf,G4,F:\DOUTORAMENTO_22\INSTRUMENTOS\Instrumentos_espectro_versão 3\CORDAS\VIOLINO\Vln_Orchidea\ordinario\Vln_Orchidea_mf\_Attacks\Vn-ord-G4-mf-4c-N_Attacks.wav,.wav,ordinario
orchidea,ordinario,mf,G5,F:\DOUTORAMENTO_22\INSTRUMENTOS\Instrumentos_espectro_versão 3\CORDAS\VIOLINO\Vln_Orchidea\ordinario\Vln_Orchidea_mf\_Attacks\Vn-ord-G5-mf-1c-N_Attacks.wav,.wav,ordinario
orchidea,ordinario,mf,G5,F:\DOUTORAMENTO_22\INSTRUMENTOS\Instrumentos_espectro_versão 3\CORDAS\VIOLINO\Vln_Orchidea\ordinario\Vln_Orchidea_mf\_Attacks\Vn-ord-G5-mf-2c-N_Attacks.wav,.wav,ordinario
orchidea,ordinario,mf,G5,F:\DOUTORAMENTO_22\INSTRUMENTOS\Instrumentos_espectro_versão 3\CORDAS\VIOLINO\Vln_Orchidea\ordinario\Vln_Orchidea_mf\_Attacks\Vn-ord-G5-mf-3c-N_Attacks.wav,.wav,ordinario
orchidea,ordinario,mf,G6,F:\DOUTORAMENTO_22\INSTRUMENTOS\Instrumentos_espectro_versão 3\CORDAS\VIOLINO\Vln_Orchidea\ordinario\Vln_Orchidea_mf\_Attacks\Vn-ord-G6-mf-1c-T15d_Attacks.wav,.wav,ordinario
orchidea,ordinario,mf,G6,F:\DOUTORAMENTO_22\INSTRUMENTOS\Instrumentos_espectro_versão 3\CORDAS\VIOLINO\Vln_Orchidea\ordinario\Vln_Orchidea_mf\_Attacks\Vn-ord-G6-mf-2c-T12d_Attacks.wav,.wav,ordinario
orchidea,ordinario,mf,A#3,F:\DOUTORAMENTO_22\INSTRUMENTOS\Instrumentos_espectro_versão 3\CORDAS\VIOLINO\Vln_Orchidea\ordinario\Vln_Orchidea_mf\_Decays\Vn-ord-A#3-mf-4c-N_Decays.wav,.wav,ordinario
orchidea,ordinario,mf,A#4,F:\DOUTORAMENTO_22\INSTRUMENTOS\Instrumentos_espectro_versão 3\CORDAS\VIOLINO\Vln_Orchidea\ordinario\Vln_Orchidea_mf\_Decays\Vn-ord-A#4-mf-2c-N_Decays.wav,.wav,ordinario
orchidea,ordinario,mf,A#4,F:\DOUTORAMENTO_22\INSTRUMENTOS\Instrumentos_espectro_versão 3\CORDAS\VIOLINO\Vln_Orchidea\ordinario\Vln_Orchidea_mf\_Decays\Vn-ord-A#4-mf-3c-N_Decays.wav,.wav,ordinario
orchidea,ordinario,mf,A#4,F:\DOUTORAMENTO_22\INSTRUMENTOS\Instrumentos_espectro_versão 3\CORDAS\VIOLINO\Vln_Orchidea\ordinario\Vln_Orchidea_mf\_Decays\Vn-ord-A#4-mf-4c-N_Decays.wav,.wav,ordinario
orchidea,ordinario,mf,A#5,F:\DOUTORAMENTO_22\INSTRUMENTOS\Instrumentos_espectro_versão 3\CORDAS\VIOLINO\Vln_Orchidea\ordinario\Vln_Orchidea_mf\_Decays\Vn-ord-A#5-mf-1c-N_Decays.wav,.wav,ordinario
orchidea,ordinario,mf,A#5,F:\DOUTORAMENTO_22\INSTRUMENTOS\Instrumentos_espectro_versão 3\CORDAS\VIOLINO\Vln_Orchidea\ordinario\Vln_Orchidea_mf\_Decays\Vn-ord-A#5-mf-2c-N_Decays.wav,.wav,ordinario
orchidea,ordinario,mf,A#5,F:\DOUTORAMENTO_22\INSTRUMENTOS\Instrumentos_espectro_versão 3\CORDAS\VIOLINO\Vln_Orchidea\ordinario\Vln_Orchidea_mf\_Decays\Vn-ord-A#5-mf-3c-N_Decays.wav,.wav,ordinario
orchidea,ordinario,mf,A#6,F:\DOUTORAMENTO_22\INSTRUMENTOS\Instrumentos_espectro_versão 3\CORDAS\VIOLINO\Vln_Orchidea\ordinario\Vln_Orchidea_mf\_Decays\Vn-ord-A#6-mf-1c-N_Decays.wav,.wav,ordinario
orchidea,ordinario,mf,A3,F:\DOUTORAMENTO_22\INSTRUMENTOS\Instrumentos_espectro_versão 3\CORDAS\VIOLINO\Vln_Orchidea\ordinario\Vln_Orchidea_mf\_Decays\Vn-ord-A3-mf-4c-N_Decays.wav,.wav,ordinario
orchidea,ordinario,mf,A4,F:\DOUTORAMENTO_22\INSTRUMENTOS\Instrumentos_espectro_versão 3\CORDAS\VIOLINO\Vln_Orchidea\ordinario\Vln_Orchidea_mf\_Decays\Vn-ord-A4-mf-2c-N_Decays.wav,.wav,ordinario
orchidea,ordinario,mf,A4,F:\DOUTORAMENTO_22\INSTRUMENTOS\Instrumentos_espectro_versão 3\CORDAS\VIOLINO\Vln_Orchidea\ordinario\Vln_Orchidea_mf\_Decays\Vn-ord-A4-mf-3c-N_Decays.wav,.wav,ordinario
orchidea,ordinario,mf,A4,F:\DOUTORAMENTO_22\INSTRUMENTOS\Instrumentos_espectro_versão 3\CORDAS\VIOLINO\Vln_Orchidea\ordinario\Vln_Orchidea_mf\_Decays\Vn-ord-A4-mf-4c-N_Decays.wav,.wav,ordinario
orchidea,ordinario,mf,A5,F:\DOUTORAMENTO_22\INSTRUMENTOS\Instrumentos_espectro_versão 3\CORDAS\VIOLINO\Vln_Orchidea\ordinario\Vln_Orchidea_mf\_Decays\Vn-ord-A5-mf-1c-N_Decays.wav,.wav,ordinario
orchidea,ordinario,mf,A5,F:\DOUTORAMENTO_22\INSTRUMENTOS\Instrumentos_espectro_versão 3\CORDAS\VIOLINO\Vln_Orchidea\ordinario\Vln_Orchidea_mf\_Decays\Vn-ord-A5-mf-2c-N_Decays.wav,.wav,ordinario
orchidea,ordinario,mf,A5,F:\DOUTORAMENTO_22\INSTRUMENTOS\Instrumentos_espectro_versão 3\CORDAS\VIOLINO\Vln_Orchidea\ordinario\Vln_Orchidea_mf\_Decays\Vn-ord-A5-mf-3c-N_Decays.wav,.wav,ordinario
orchidea,ordinario,mf,A6,F:\DOUTORAMENTO_22\INSTRUMENTOS\Instrumentos_espectro_versão 3\CORDAS\VIOLINO\Vln_Orchidea\ordinario\Vln_Orchidea_mf\_Decays\Vn-ord-A6-mf-1c-T11d_Decays.wav,.wav,ordinario
orchidea,ordinario,mf,A6,F:\DOUTORAMENTO_22\INSTRUMENTOS\Instrumentos_espectro_versão 3\CORDAS\VIOLINO\Vln_Orchidea\ordinario\Vln_Orchidea_mf\_Decays\Vn-ord-A6-mf-2c-N_Decays.wav,.wav,ordinario
orchidea,ordinario,mf,B3,F:\DOUTORAMENTO_22\INSTRUMENTOS\Instrumentos_espectro_versão 3\CORDAS\VIOLINO\Vln_Orchidea\ordinario\Vln_Orchidea_mf\_Decays\Vn-ord-B3-mf-4c-T15u_Decays.wav,.wav,ordinario
orchidea,ordinario,mf,B4,F:\DOUTORAMENTO_22\INSTRUMENTOS\Instrumentos_espectro_versão 3\CORDAS\VIOLINO\Vln_Orchidea\ordinario\Vln_Orchidea_mf\_Decays\Vn-ord-B4-mf-2c-N_Decays.wav,.wav,ordinario
orchidea,ordinario,mf,B4,F:\DOUTORAMENTO_22\INSTRUMENTOS\Instrumentos_espectro_versão 3\CORDAS\VIOLINO\Vln_Orchidea\ordinario\Vln_Orchidea_mf\_Decays\Vn-ord-B4-mf-3c-N_Decays.wav,.wav,ordinario
orchidea,ordinario,mf,B4,F:\DOUTORAMENTO_22\INSTRUMENTOS\Instrumentos_espectro_versão 3\CORDAS\VIOLINO\Vln_Orchidea\ordinario\Vln_Orchidea_mf\_Decays\Vn-ord-B4-mf-4c-N_Decays.wav,.wav,ordinario
orchidea,ordinario,mf,B5,F:\DOUTORAMENTO_22\INSTRUMENTOS\Instrumentos_espectro_versão 3\CORDAS\VIOLINO\Vln_Orchidea\ordinario\Vln_Orchidea_mf\_Decays\Vn-ord-B5-mf-1c-N_Decays.wav,.wav,ordinario
orchidea,ordinario,mf,B5,F:\DOUTORAMENTO_22\INSTRUMENTOS\Instrumentos_espectro_versão 3\CORDAS\VIOLINO\Vln_Orchidea\ordinario\Vln_Orchidea_mf\_Decays\Vn-ord-B5-mf-2c-N_Decays.wav,.wav,ordinario
orchidea,ordinario,mf,B5,F:\DOUTORAMENTO_22\INSTRUMENTOS\Instrumentos_espectro_versão 3\CORDAS\VIOLINO\Vln_Orchidea\ordinario\Vln_Orchidea_mf\_Decays\Vn-ord-B5-mf-3c-N_Decays.wav,.wav,ordinario
orchidea,ordinario,mf,B6,F:\DOUTORAMENTO_22\INSTRUMENTOS\Instrumentos_espectro_versão 3\CORDAS\VIOLINO\Vln_Orchidea\ordinario\Vln_Orchidea_mf\_Decays\Vn-ord-B6-mf-1c-T15d_Decays.wav,.wav,ordinario
orchidea,ordinario,mf,C#4,F:\DOUTORAMENTO_22\INSTRUMENTOS\Instrumentos_espectro_versão 3\CORDAS\VIOLINO\Vln_Orchidea\ordinario\Vln_Orchidea_mf\_Decays\Vn-ord-C#4-mf-4c-N_Decays.wav,.wav,ordinario
orchidea,ordinario,mf,C#5,F:\DOUTORAMENTO_22\INSTRUMENTOS\Instrumentos_espectro_versão 3\CORDAS\VIOLINO\Vln_Orchidea\ordinario\Vln_Orchidea_mf\_Decays\Vn-ord-C#5-mf-2c-N_Decays.wav,.wav,ordinario
orchidea,ordinario,mf,C#5,F:\DOUTORAMENTO_22\INSTRUMENTOS\Instrumentos_espectro_versão 3\CORDAS\VIOLINO\Vln_Orchidea\ordinario\Vln_Orchidea_mf\_Decays\Vn-ord-C#5-mf-3c-T11u_Decays.wav,.wav,ordinario
orchidea,ordinario,mf,C#5,F:\DOUTORAMENTO_22\INSTRUMENTOS\Instrumentos_espectro_versão 3\CORDAS\VIOLINO\Vln_Orchidea\ordinario\Vln_Orchidea_mf\_Decays\Vn-ord-C#5-mf-4c-N_Decays.wav,.wav,ordinario
orchidea,ordinario,mf,C#6,F:\DOUTORAMENTO_22\INSTRUMENTOS\Instrumentos_espectro_versão 3\CORDAS\VIOLINO\Vln_Orchidea\ordinario\Vln_Orchidea_mf\_Decays\Vn-ord-C#6-mf-1c-N_Decays.wav,.wav,ordinario
orchidea,ordinario,mf,C#6,F:\DOUTORAMENTO_22\INSTRUMENTOS\Instrumentos_espectro_versão 3\CORDAS\VIOLINO\Vln_Orchidea\ordinario\Vln_Orchidea_mf\_Decays\Vn-ord-C#6-mf-2c-N_Decays.wav,.wav,ordinario
orchidea,ordinario,mf,C#7,F:\DOUTORAMENTO_22\INSTRUMENTOS\Instrumentos_espectro_versão 3\CORDAS\VIOLINO\Vln_Orchidea\ordinario\Vln_Orchidea_mf\_Decays\Vn-ord-C#7-mf-1c-T22d_Decays.wav,.wav,ordinario
orchidea,ordinario,mf,C4,F:\DOUTORAMENTO_22\INSTRUMENTOS\Instrumentos_espectro_versão 3\CORDAS\VIOLINO\Vln_Orchidea\ordinario\Vln_Orchidea_mf\_Decays\Vn-ord-C4-mf-4c-N_Decays.wav,.wav,ordinario
orchidea,ordinario,mf,C5,F:\DOUTORAMENTO_22\INSTRUMENTOS\Instrumentos_espectro_versão 3\CORDAS\VIOLINO\Vln_Orchidea\ordinario\Vln_Orchidea_mf\_Decays\Vn-ord-C5-mf-2c-N_Decays.wav,.wav,ordinario
orchidea,ordinario,mf,C5,F:\DOUTORAMENTO_22\INSTRUMENTOS\Instrumentos_espectro_versão 3\CORDAS\VIOLINO\Vln_Orchidea\ordinario\Vln_Orchidea_mf\_Decays\Vn-ord-C5-mf-3c-N_Decays.wav,.wav,ordinario
orchidea,ordinario,mf,C5,F:\DOUTORAMENTO_22\INSTRUMENTOS\Instrumentos_espectro_versão 3\CORDAS\VIOLINO\Vln_Orchidea\ordinario\Vln_Orchidea_mf\_Decays\Vn-ord-C5-mf-4c-N_Decays.wav,.wav,ordinario
orchidea,ordinario,mf,C6,F:\DOUTORAMENTO_22\INSTRUMENTOS\Instrumentos_espectro_versão 3\CORDAS\VIOLINO\Vln_Orchidea\ordinario\Vln_Orchidea_mf\_Decays\Vn-ord-C6-mf-1c-T12d_Decays.wav,.wav,ordinario
orchidea,ordinario,mf,C6,F:\DOUTORAMENTO_22\INSTRUMENTOS\Instrumentos_espectro_versão 3\CORDAS\VIOLINO\Vln_Orchidea\ordinario\Vln_Orchidea_mf\_Decays\Vn-ord-C6-mf-2c-N_Decays.wav,.wav,ordinario
orchidea,ordinario,mf,C6,F:\DOUTORAMENTO_22\INSTRUMENTOS\Instrumentos_espectro_versão 3\CORDAS\VIOLINO\Vln_Orchidea\ordinario\Vln_Orchidea_mf\_Decays\Vn-ord-C6-mf-3c-T13d_Decays.wav,.wav,ordinario
orchidea,ordinario,mf,C7,F:\DOUTORAMENTO_22\INSTRUMENTOS\Instrumentos_espectro_versão 3\CORDAS\VIOLINO\Vln_Orchidea\ordinario\Vln_Orchidea_mf\_Decays\Vn-ord-C7-mf-1c-T27d_Decays.wav,.wav,ordinario
orchidea,ordinario,mf,D#4,F:\DOUTORAMENTO_22\INSTRUMENTOS\Instrumentos_espectro_versão 3\CORDAS\VIOLINO\Vln_Orchidea\ordinario\Vln_Orchidea_mf\_Decays\Vn-ord-D#4-mf-3c-N_Decays.wav,.wav,ordinario
orchidea,ordinario,mf,D#4,F:\DOUTORAMENTO_22\INSTRUMENTOS\Instrumentos_espectro_versão 3\CORDAS\VIOLINO\Vln_Orchidea\ordinario\Vln_Orchidea_mf\_Decays\Vn-ord-D#4-mf-4c-N_Decays.wav,.wav,ordinario
orchidea,ordinario,mf,D#5,F:\DOUTORAMENTO_22\INSTRUMENTOS\Instrumentos_espectro_versão 3\CORDAS\VIOLINO\Vln_Orchidea\ordinario\Vln_Orchidea_mf\_Decays\Vn-ord-D#5-mf-2c-N_Decays.wav,.wav,ordinario
orchidea,ordinario,mf,D#5,F:\DOUTORAMENTO_22\INSTRUMENTOS\Instrumentos_espectro_versão 3\CORDAS\VIOLINO\Vln_Orchidea\ordinario\Vln_Orchidea_mf\_Decays\Vn-ord-D#5-mf-3c-N_Decays.wav,.wav,ordinario
orchidea,ordinario,mf,D#5,F:\DOUTORAMENTO_22\INSTRUMENTOS\Instrumentos_espectro_versão 3\CORDAS\VIOLINO\Vln_Orchidea\ordinario\Vln_Orchidea_mf\_Decays\Vn-ord-D#5-mf-4c-N_Decays.wav,.wav,ordinario
orchidea,ordinario,mf,D#6,F:\DOUTORAMENTO_22\INSTRUMENTOS\Instrumentos_espectro_versão 3\CORDAS\VIOLINO\Vln_Orchidea\ordinario\Vln_Orchidea_mf\_Decays\Vn-ord-D#6-mf-1c-N_Decays.wav,.wav,ordinario
orchidea,ordinario,mf,D#6,F:\DOUTORAMENTO_22\INSTRUMENTOS\Instrumentos_espectro_versão 3\CORDAS\VIOLINO\Vln_Orchidea\ordinario\Vln_Orchidea_mf\_Decays\Vn-ord-D#6-mf-2c-N_Decays.wav,.wav,ordinario
orchidea,ordinario,mf,D#7,F:\DOUTORAMENTO_22\INSTRUMENTOS\Instrumentos_espectro_versão 3\CORDAS\VIOLINO\Vln_Orchidea\ordinario\Vln_Orchidea_mf\_Decays\Vn-ord-D#7-mf-1c-T22d_R100u_Decays.wav,.wav,ordinario
orchidea,ordinario,mf,D4,F:\DOUTORAMENTO_22\INSTRUMENTOS\Instrumentos_espectro_versão 3\CORDAS\VIOLINO\Vln_Orchidea\ordinario\Vln_Orchidea_mf\_Decays\Vn-ord-D4-mf-3c-N_Decays.wav,.wav,ordinario
orchidea,ordinario,mf,D4,F:\DOUTORAMENTO_22\INSTRUMENTOS\Instrumentos_espectro_versão 3\CORDAS\VIOLINO\Vln_Orchidea\ordinario\Vln_Orchidea_mf\_Decays\Vn-ord-D4-mf-4c-N_Decays.wav,.wav,ordinario
orchidea,ordinario,mf,D5,F:\DOUTORAMENTO_22\INSTRUMENTOS\Instrumentos_espectro_versão 3\CORDAS\VIOLINO\Vln_Orchidea\ordinario\Vln_Orchidea_mf\_Decays\Vn-ord-D5-mf-2c-N_Decays.wav,.wav,ordinario
orchidea,ordinario,mf,D5,F:\DOUTORAMENTO_22\INSTRUMENTOS\Instrumentos_espectro_versão 3\CORDAS\VIOLINO\Vln_Orchidea\ordinario\Vln_Orchidea_mf\_Decays\Vn-ord-D5-mf-3c-N_Decays.wav,.wav,ordinario
orchidea,ordinario,mf,D5,F:\DOUTORAMENTO_22\INSTRUMENTOS\Instrumentos_espectro_versão 3\CORDAS\VIOLINO\Vln_Orchidea\ordinario\Vln_Orchidea_mf\_Decays\Vn-ord-D5-mf-4c-N_Decays.wav,.wav,ordinario
orchidea,ordinario,mf,D6,F:\DOUTORAMENTO_22\INSTRUMENTOS\Instrumentos_espectro_versão 3\CORDAS\VIOLINO\Vln_Orchidea\ordinario\Vln_Orchidea_mf\_Decays\Vn-ord-D6-mf-1c-T12d_Decays.wav,.wav,ordinario
orchidea,ordinario,mf,D6,F:\DOUTORAMENTO_22\INSTRUMENTOS\Instrumentos_espectro_versão 3\CORDAS\VIOLINO\Vln_Orchidea\ordinario\Vln_Orchidea_mf\_Decays\Vn-ord-D6-mf-2c-T12d_Decays.wav,.wav,ordinario
orchidea,ordinario,mf,D7,F:\DOUTORAMENTO_22\INSTRUMENTOS\Instrumentos_espectro_versão 3\CORDAS\VIOLINO\Vln_Orchidea\ordinario\Vln_Orchidea_mf\_Decays\Vn-ord-D7-mf-1c-T22d_Decays.wav,.wav,ordinario
orchidea,ordinario,mf,E4,F:\DOUTORAMENTO_22\INSTRUMENTOS\Instrumentos_espectro_versão 3\CORDAS\VIOLINO\Vln_Orchidea\ordinario\Vln_Orchidea_mf\_Decays\Vn-ord-E4-mf-3c-N_Decays.wav,.wav,ordinario
orchidea,ordinario,mf,E4,F:\DOUTORAMENTO_22\INSTRUMENTOS\Instrumentos_espectro_versão 3\CORDAS\VIOLINO\Vln_Orchidea\ordinario\Vln_Orchidea_mf\_Decays\Vn-ord-E4-mf-4c-N_Decays.wav,.wav,ordinario
orchidea,ordinario,mf,E5,F:\DOUTORAMENTO_22\INSTRUMENTOS\Instrumentos_espectro_versão 3\CORDAS\VIOLINO\Vln_Orchidea\ordinario\Vln_Orchidea_mf\_Decays\Vn-ord-E5-mf-1c-N_Decays.wav,.wav,ordinario
orchidea,ordinario,mf,E5,F:\DOUTORAMENTO_22\INSTRUMENTOS\Instrumentos_espectro_versão 3\CORDAS\VIOLINO\Vln_Orchidea\ordinario\Vln_Orchidea_mf\_Decays\Vn-ord-E5-mf-2c-N_Decays.wav,.wav,ordinario
orchidea,ordinario,mf,E5,F:\DOUTORAMENTO_22\INSTRUMENTOS\Instrumentos_espectro_versão 3\CORDAS\VIOLINO\Vln_Orchidea\ordinario\Vln_Orchidea_mf\_Decays\Vn-ord-E5-mf-3c-N_Decays.wav,.wav,ordinario
orchidea,ordinario,mf,E5,F:\DOUTORAMENTO_22\INSTRUMENTOS\Instrumentos_espectro_versão 3\CORDAS\VIOLINO\Vln_Orchidea\ordinario\Vln_Orchidea_mf\_Decays\Vn-ord-E5-mf-4c-N_Decays.wav,.wav,ordinario
orchidea,ordinario,mf,E6,F:\DOUTORAMENTO_22\INSTRUMENTOS\Instrumentos_espectro_versão 3\CORDAS\VIOLINO\Vln_Orchidea\ordinario\Vln_Orchidea_mf\_Decays\Vn-ord-E6-mf-1c-N_Decays.wav,.wav,ordinario
orchidea,ordinario,mf,E6,F:\DOUTORAMENTO_22\INSTRUMENTOS\Instrumentos_espectro_versão 3\CORDAS\VIOLINO\Vln_Orchidea\ordinario\Vln_Orchidea_mf\_Decays\Vn-ord-E6-mf-2c-N_Decays.wav,.wav,ordinario
orchidea,ordinario,mf,E7,F:\DOUTORAMENTO_22\INSTRUMENTOS\Instrumentos_espectro_versão 3\CORDAS\VIOLINO\Vln_Orchidea\ordinario\Vln_Orchidea_mf\_Decays\Vn-ord-E7-mf-1c-T22d_Decays.wav,.wav,ordinario
orchidea,ordinario,mf,F#4,F:\DOUTORAMENTO_22\INSTRUMENTOS\Instrumentos_espectro_versão 3\CORDAS\VIOLINO\Vln_Orchidea\ordinario\Vln_Orchidea_mf\_Decays\Vn-ord-F#4-mf-3c-N_Decays.wav,.wav,ordinario
orchidea,ordinario,mf,F#4,F:\DOUTORAMENTO_22\INSTRUMENTOS\Instrumentos_espectro_versão 3\CORDAS\VIOLINO\Vln_Orchidea\ordinario\Vln_Orchidea_mf\_Decays\Vn-ord-F#4-mf-4c-N_Decays.wav,.wav,ordinario
orchidea,ordinario,mf,F#5,F:\DOUTORAMENTO_22\INSTRUMENTOS\Instrumentos_espectro_versão 3\CORDAS\VIOLINO\Vln_Orchidea\ordinario\Vln_Orchidea_mf\_Decays\Vn-ord-F#5-mf-1c-N_Decays.wav,.wav,ordinario
orchidea,ordinario,mf,F#5,F:\DOUTORAMENTO_22\INSTRUMENTOS\Instrumentos_espectro_versão 3\CORDAS\VIOLINO\Vln_Orchidea\ordinario\Vln_Orchidea_mf\_Decays\Vn-ord-F#5-mf-2c-N_Decays.wav,.wav,ordinario
orchidea,ordinario,mf,F#5,F:\DOUTORAMENTO_22\INSTRUMENTOS\Instrumentos_espectro_versão 3\CORDAS\VIOLINO\Vln_Orchidea\ordinario\Vln_Orchidea_mf\_Decays\Vn-ord-F#5-mf-3c-N_Decays.wav,.wav,ordinario
orchidea,ordinario,mf,F#6,F:\DOUTORAMENTO_22\INSTRUMENTOS\Instrumentos_espectro_versão 3\CORDAS\VIOLINO\Vln_Orchidea\ordinario\Vln_Orchidea_mf\_Decays\Vn-ord-F#6-mf-1c-T10d_Decays.wav,.wav,ordinario
orchidea,ordinario,mf,F#6,F:\DOUTORAMENTO_22\INSTRUMENTOS\Instrumentos_espectro_versão 3\CORDAS\VIOLINO\Vln_Orchidea\ordinario\Vln_Orchidea_mf\_Decays\Vn-ord-F#6-mf-2c-T11d_Decays.wav,.wav,ordinario
orchidea,ordinario,mf,F4,F:\DOUTORAMENTO_22\INSTRUMENTOS\Instrumentos_espectro_versão 3\CORDAS\VIOLINO\Vln_Orchidea\ordinario\Vln_Orchidea_mf\_Decays\Vn-ord-F4-mf-3c-N_Decays.wav,.wav,ordinario
orchidea,ordinario,mf,F4,F:\DOUTORAMENTO_22\INSTRUMENTOS\Instrumentos_espectro_versão 3\CORDAS\VIOLINO\Vln_Orchidea\ordinario\Vln_Orchidea_mf\_Decays\Vn-ord-F4-mf-4c-N_Decays.wav,.wav,ordinario
orchidea,ordinario,mf,F5,F:\DOUTORAMENTO_22\INSTRUMENTOS\Instrumentos_espectro_versão 3\CORDAS\VIOLINO\Vln_Orchidea\ordinario\Vln_Orchidea_mf\_Decays\Vn-ord-F5-mf-1c-N_Decays.wav,.wav,ordinario
orchidea,ordinario,mf,F5,F:\DOUTORAMENTO_22\INSTRUMENTOS\Instrumentos_espectro_versão 3\CORDAS\VIOLINO\Vln_Orchidea\ordinario\Vln_Orchidea_mf\_Decays\Vn-ord-F5-mf-2c-N_Decays.wav,.wav,ordinario
orchidea,ordinario,mf,F5,F:\DOUTORAMENTO_22\INSTRUMENTOS\Instrumentos_espectro_versão 3\CORDAS\VIOLINO\Vln_Orchidea\ordinario\Vln_Orchidea_mf\_Decays\Vn-ord-F5-mf-3c-N_Decays.wav,.wav,ordinario
orchidea,ordinario,mf,F6,F:\DOUTORAMENTO_22\INSTRUMENTOS\Instrumentos_espectro_versão 3\CORDAS\VIOLINO\Vln_Orchidea\ordinario\Vln_Orchidea_mf\_Decays\Vn-ord-F6-mf-1c-N_Decays.wav,.wav,ordinario
orchidea,ordinario,mf,F6,F:\DOUTORAMENTO_22\INSTRUMENTOS\Instrumentos_espectro_versão 3\CORDAS\VIOLINO\Vln_Orchidea\ordinario\Vln_Orchidea_mf\_Decays\Vn-ord-F6-mf-2c-T17d_Decays.wav,.wav,ordinario
orchidea,ordinario,mf,G#3,F:\DOUTORAMENTO_22\INSTRUMENTOS\Instrumentos_espectro_versão 3\CORDAS\VIOLINO\Vln_Orchidea\ordinario\Vln_Orchidea_mf\_Decays\Vn-ord-G#3-mf-4c-T13u_Decays.wav,.wav,ordinario
orchidea,ordinario,mf,G#4,F:\DOUTORAMENTO_22\INSTRUMENTOS\Instrumentos_espectro_versão 3\CORDAS\VIOLINO\Vln_Orchidea\ordinario\Vln_Orchidea_mf\_Decays\Vn-ord-G#4-mf-3c-N_Decays.wav,.wav,ordinario
orchidea,ordinario,mf,G#4,F:\DOUTORAMENTO_22\INSTRUMENTOS\Instrumentos_espectro_versão 3\CORDAS\VIOLINO\Vln_Orchidea\ordinario\Vln_Orchidea_mf\_Decays\Vn-ord-G#4-mf-4c-N_Decays.wav,.wav,ordinario
orchidea,ordinario,mf,G#5,F:\DOUTORAMENTO_22\INSTRUMENTOS\Instrumentos_espectro_versão 3\CORDAS\VIOLINO\Vln_Orchidea\ordinario\Vln_Orchidea_mf\_Decays\Vn-ord-G#5-mf-1c-N_Decays.wav,.wav,ordinario
orchidea,ordinario,mf,G#5,F:\DOUTORAMENTO_22\INSTRUMENTOS\Instrumentos_espectro_versão 3\CORDAS\VIOLINO\Vln_Orchidea\ordinario\Vln_Orchidea_mf\_Decays\Vn-ord-G#5-mf-2c-N_Decays.wav,.wav,ordinario
orchidea,ordinario,mf,G#5,F:\DOUTORAMENTO_22\INSTRUMENTOS\Instrumentos_espectro_versão 3\CORDAS\VIOLINO\Vln_Orchidea\ordinario\Vln_Orchidea_mf\_Decays\Vn-ord-G#5-mf-3c-N_Decays.wav,.wav,ordinario
orchidea,ordinario,mf,G#6,F:\DOUTORAMENTO_22\INSTRUMENTOS\Instrumentos_espectro_versão 3\CORDAS\VIOLINO\Vln_Orchidea\ordinario\Vln_Orchidea_mf\_Decays\Vn-ord-G#6-mf-1c-T11d_R100d_Decays.wav,.wav,ordinario
orchidea,ordinario,mf,G#6,F:\DOUTORAMENTO_22\INSTRUMENTOS\Instrumentos_espectro_versão 3\CORDAS\VIOLINO\Vln_Orchidea\ordinario\Vln_Orchidea_mf\_Decays\Vn-ord-G#6-mf-2c-T21d_Decays.wav,.wav,ordinario
orchidea,ordinario,mf,G3,F:\DOUTORAMENTO_22\INSTRUMENTOS\Instrumentos_espectro_versão 3\CORDAS\VIOLINO\Vln_Orchidea\ordinario\Vln_Orchidea_mf\_Decays\Vn-ord-G3-mf-4c-N_Decays.wav,.wav,ordinario
orchidea,ordinario,mf,G4,F:\DOUTORAMENTO_22\INSTRUMENTOS\Instrumentos_espectro_versão 3\CORDAS\VIOLINO\Vln_Orchidea\ordinario\Vln_Orchidea_mf\_Decays\Vn-ord-G4-mf-3c-N_Decays.wav,.wav,ordinario
orchidea,ordinario,mf,G4,F:\DOUTORAMENTO_22\INSTRUMENTOS\Instrumentos_espectro_versão 3\CORDAS\VIOLINO\Vln_Orchidea\ordinario\Vln_Orchidea_mf\_Decays\Vn-ord-G4-mf-4c-N_Decays.wav,.wav,ordinario
orchidea,ordinario,mf,G5,F:\DOUTORAMENTO_22\INSTRUMENTOS\Instrumentos_espectro_versão 3\CORDAS\VIOLINO\Vln_Orchidea\ordinario\Vln_Orchidea_mf\_Decays\Vn-ord-G5-mf-1c-N_Decays.wav,.wav,ordinario
orchidea,ordinario,mf,G5,F:\DOUTORAMENTO_22\INSTRUMENTOS\Instrumentos_espectro_versão 3\CORDAS\VIOLINO\Vln_Orchidea\ordinario\Vln_Orchidea_mf\_Decays\Vn-ord-G5-mf-2c-N_Decays.wav,.wav,ordinario
orchidea,ordinario,mf,G5,F:\DOUTORAMENTO_22\INSTRUMENTOS\Instrumentos_espectro_versão 3\CORDAS\VIOLINO\Vln_Orchidea\ordinario\Vln_Orchidea_mf\_Decays\Vn-ord-G5-mf-3c-N_Decays.wav,.wav,ordinario
orchidea,ordinario,mf,G6,F:\DOUTORAMENTO_22\INSTRUMENTOS\Instrumentos_espectro_versão 3\CORDAS\VIOLINO\Vln_Orchidea\ordinario\Vln_Orchidea_mf\_Decays\Vn-ord-G6-mf-1c-T15d_Decays.wav,.wav,ordinario
orchidea,ordinario,mf,G6,F:\DOUTORAMENTO_22\INSTRUMENTOS\Instrumentos_espectro_versão 3\CORDAS\VIOLINO\Vln_Orchidea\ordinario\Vln_Orchidea_mf\_Decays\Vn-ord-G6-mf-2c-T12d_Decays.wav,.wav,ordinario
orchidea,ordinario,mf,A#3,F:\DOUTORAMENTO_22\INSTRUMENTOS\Instrumentos_espectro_versão 3\CORDAS\VIOLINO\Vln_Orchidea\ordinario\Vln_Orchidea_mf\_Sustains\Vn-ord-A#3-mf-4c-N_Sustains.wav,.wav,ordinario
orchidea,ordinario,mf,A#4,F:\DOUTORAMENTO_22\INSTRUMENTOS\Instrumentos_espectro_versão 3\CORDAS\VIOLINO\Vln_Orchidea\ordinario\Vln_Orchidea_mf\_Sustains\Vn-ord-A#4-mf-2c-N_Sustains.wav,.wav,ordinario
orchidea,ordinario,mf,A#4,F:\DOUTORAMENTO_22\INSTRUMENTOS\Instrumentos_espectro_versão 3\CORDAS\VIOLINO\Vln_Orchidea\ordinario\Vln_Orchidea_mf\_Sustains\Vn-ord-A#4-mf-3c-N_Sustains.wav,.wav,ordinario
orchidea,ordinario,mf,A#4,F:\DOUTORAMENTO_22\INSTRUMENTOS\Instrumentos_espectro_versão 3\CORDAS\VIOLINO\Vln_Orchidea\ordinario\Vln_Orchidea_mf\_Sustains\Vn-ord-A#4-mf-4c-N_Sustains.wav,.wav,ordinario
orchidea,ordinario,mf,A#5,F:\DOUTORAMENTO_22\INSTRUMENTOS\Instrumentos_espectro_versão 3\CORDAS\VIOLINO\Vln_Orchidea\ordinario\Vln_Orchidea_mf\_Sustains\Vn-ord-A#5-mf-1c-N_Sustains.wav,.wav,ordinario
orchidea,ordinario,mf,A#5,F:\DOUTORAMENTO_22\INSTRUMENTOS\Instrumentos_espectro_versão 3\CORDAS\VIOLINO\Vln_Orchidea\ordinario\Vln_Orchidea_mf\_Sustains\Vn-ord-A#5-mf-2c-N_Sustains.wav,.wav,ordinario
orchidea,ordinario,mf,A#5,F:\DOUTORAMENTO_22\INSTRUMENTOS\Instrumentos_espectro_versão 3\CORDAS\VIOLINO\Vln_Orchidea\ordinario\Vln_Orchidea_mf\_Sustains\Vn-ord-A#5-mf-3c-N_Sustains.wav,.wav,ordinario
orchidea,ordinario,mf,A#6,F:\DOUTORAMENTO_22\INSTRUMENTOS\Instrumentos_espectro_versão 3\CORDAS\VIOLINO\Vln_Orchidea\ordinario\Vln_Orchidea_mf\_Sustains\Vn-ord-A#6-mf-1c-N_Sustains.wav,.wav,ordinario
orchidea,ordinario,mf,A3,F:\DOUTORAMENTO_22\INSTRUMENTOS\Instrumentos_espectro_versão 3\CORDAS\VIOLINO\Vln_Orchidea\ordinario\Vln_Orchidea_mf\_Sustains\Vn-ord-A3-mf-4c-N_Sustains.wav,.wav,ordinario
orchidea,ordinario,mf,A4,F:\DOUTORAMENTO_22\INSTRUMENTOS\Instrumentos_espectro_versão 3\CORDAS\VIOLINO\Vln_Orchidea\ordinario\Vln_Orchidea_mf\_Sustains\Vn-ord-A4-mf-2c-N_Sustains.wav,.wav,ordinario
orchidea,ordinario,mf,A4,F:\DOUTORAMENTO_22\INSTRUMENTOS\Instrumentos_espectro_versão 3\CORDAS\VIOLINO\Vln_Orchidea\ordinario\Vln_Orchidea_mf\_Sustains\Vn-ord-A4-mf-3c-N_Sustains.wav,.wav,ordinario
orchidea,ordinario,mf,A4,F:\DOUTORAMENTO_22\INSTRUMENTOS\Instrumentos_espectro_versão 3\CORDAS\VIOLINO\Vln_Orchidea\ordinario\Vln_Orchidea_mf\_Sustains\Vn-ord-A4-mf-4c-N_Sustains.wav,.wav,ordinario
orchidea,ordinario,mf,A5,F:\DOUTORAMENTO_22\INSTRUMENTOS\Instrumentos_espectro_versão 3\CORDAS\VIOLINO\Vln_Orchidea\ordinario\Vln_Orchidea_mf\_Sustains\Vn-ord-A5-mf-1c-N_Sustains.wav,.wav,ordinario
orchidea,ordinario,mf,A5,F:\DOUTORAMENTO_22\INSTRUMENTOS\Instrumentos_espectro_versão 3\CORDAS\VIOLINO\Vln_Orchidea\ordinario\Vln_Orchidea_mf\_Sustains\Vn-ord-A5-mf-2c-N_Sustains.wav,.wav,ordinario
orchidea,ordinario,mf,A5,F:\DOUTORAMENTO_22\INSTRUMENTOS\Instrumentos_espectro_versão 3\CORDAS\VIOLINO\Vln_Orchidea\ordinario\Vln_Orchidea_mf\_Sustains\Vn-ord-A5-mf-3c-N_Sustains.wav,.wav,ordinario
orchidea,ordinario,mf,A6,F:\DOUTORAMENTO_22\INSTRUMENTOS\Instrumentos_espectro_versão 3\CORDAS\VIOLINO\Vln_Orchidea\ordinario\Vln_Orchidea_mf\_Sustains\Vn-ord-A6-mf-1c-T11d_Sustains.wav,.wav,ordinario
orchidea,ordinario,mf,A6,F:\DOUTORAMENTO_22\INSTRUMENTOS\Instrumentos_espectro_versão 3\CORDAS\VIOLINO\Vln_Orchidea\ordinario\Vln_Orchidea_mf\_Sustains\Vn-ord-A6-mf-2c-N_Sustains.wav,.wav,ordinario
orchidea,ordinario,mf,B3,F:\DOUTORAMENTO_22\INSTRUMENTOS\Instrumentos_espectro_versão 3\CORDAS\VIOLINO\Vln_Orchidea\ordinario\Vln_Orchidea_mf\_Sustains\Vn-ord-B3-mf-4c-T15u_Sustains.wav,.wav,ordinario
orchidea,ordinario,mf,B4,F:\DOUTORAMENTO_22\INSTRUMENTOS\Instrumentos_espectro_versão 3\CORDAS\VIOLINO\Vln_Orchidea\ordinario\Vln_Orchidea_mf\_Sustains\Vn-ord-B4-mf-2c-N_Sustains.wav,.wav,ordinario
orchidea,ordinario,mf,B4,F:\DOUTORAMENTO_22\INSTRUMENTOS\Instrumentos_espectro_versão 3\CORDAS\VIOLINO\Vln_Orchidea\ordinario\Vln_Orchidea_mf\_Sustains\Vn-ord-B4-mf-3c-N_Sustains.wav,.wav,ordinario
orchidea,ordinario,mf,B4,F:\DOUTORAMENTO_22\INSTRUMENTOS\Instrumentos_espectro_versão 3\CORDAS\VIOLINO\Vln_Orchidea\ordinario\Vln_Orchidea_mf\_Sustains\Vn-ord-B4-mf-4c-N_Sustains.wav,.wav,ordinario
orchidea,ordinario,mf,B5,F:\DOUTORAMENTO_22\INSTRUMENTOS\Instrumentos_espectro_versão 3\CORDAS\VIOLINO\Vln_Orchidea\ordinario\Vln_Orchidea_mf\_Sustains\Vn-ord-B5-mf-1c-N_Sustains.wav,.wav,ordinario
orchidea,ordinario,mf,B5,F:\DOUTORAMENTO_22\INSTRUMENTOS\Instrumentos_espectro_versão 3\CORDAS\VIOLINO\Vln_Orchidea\ordinario\Vln_Orchidea_mf\_Sustains\Vn-ord-B5-mf-2c-N_Sustains.wav,.wav,ordinario
orchidea,ordinario,mf,B5,F:\DOUTORAMENTO_22\INSTRUMENTOS\Instrumentos_espectro_versão 3\CORDAS\VIOLINO\Vln_Orchidea\ordinario\Vln_Orchidea_mf\_Sustains\Vn-ord-B5-mf-3c-N_Sustains.wav,.wav,ordinario
orchidea,ordinario,mf,B6,F:\DOUTORAMENTO_22\INSTRUMENTOS\Instrumentos_espectro_versão 3\CORDAS\VIOLINO\Vln_Orchidea\ordinario\Vln_Orchidea_mf\_Sustains\Vn-ord-B6-mf-1c-T15d_Sustains.wav,.wav,ordinario
orchidea,ordinario,mf,C#4,F:\DOUTORAMENTO_22\INSTRUMENTOS\Instrumentos_espectro_versão 3\CORDAS\VIOLINO\Vln_Orchidea\ordinario\Vln_Orchidea_mf\_Sustains\Vn-ord-C#4-mf-4c-N_Sustains.wav,.wav,ordinario
orchidea,ordinario,mf,C#5,F:\DOUTORAMENTO_22\INSTRUMENTOS\Instrumentos_espectro_versão 3\CORDAS\VIOLINO\Vln_Orchidea\ordinario\Vln_Orchidea_mf\_Sustains\Vn-ord-C#5-mf-2c-N_Sustains.wav,.wav,ordinario
orchidea,ordinario,mf,C#5,F:\DOUTORAMENTO_22\INSTRUMENTOS\Instrumentos_espectro_versão 3\CORDAS\VIOLINO\Vln_Orchidea\ordinario\Vln_Orchidea_mf\_Sustains\Vn-ord-C#5-mf-3c-T11u_Sustains.wav,.wav,ordinario
orchidea,ordinario,mf,C#5,F:\DOUTORAMENTO_22\INSTRUMENTOS\Instrumentos_espectro_versão 3\CORDAS\VIOLINO\Vln_Orchidea\ordinario\Vln_Orchidea_mf\_Sustains\Vn-ord-C#5-mf-4c-N_Sustains.wav,.wav,ordinario
orchidea,ordinario,mf,C#6,F:\DOUTORAMENTO_22\INSTRUMENTOS\Instrumentos_espectro_versão 3\CORDAS\VIOLINO\Vln_Orchidea\ordinario\Vln_Orchidea_mf\_Sustains\Vn-ord-C#6-mf-1c-N_Sustains.wav,.wav,ordinario
orchidea,ordinario,mf,C#6,F:\DOUTORAMENTO_22\INSTRUMENTOS\Instrumentos_espectro_versão 3\CORDAS\VIOLINO\Vln_Orchidea\ordinario\Vln_Orchidea_mf\_Sustains\Vn-ord-C#6-mf-2c-N_Sustains.wav,.wav,ordinario
orchidea,ordinario,mf,C#7,F:\DOUTORAMENTO_22\INSTRUMENTOS\Instrumentos_espectro_versão 3\CORDAS\VIOLINO\Vln_Orchidea\ordinario\Vln_Orchidea_mf\_Sustains\Vn-ord-C#7-mf-1c-T22d_Sustains.wav,.wav,ordinario
orchidea,ordinario,mf,C4,F:\DOUTORAMENTO_22\INSTRUMENTOS\Instrumentos_espectro_versão 3\CORDAS\VIOLINO\Vln_Orchidea\ordinario\Vln_Orchidea_mf\_Sustains\Vn-ord-C4-mf-4c-N_Sustains.wav,.wav,ordinario
orchidea,ordinario,mf,C5,F:\DOUTORAMENTO_22\INSTRUMENTOS\Instrumentos_espectro_versão 3\CORDAS\VIOLINO\Vln_Orchidea\ordinario\Vln_Orchidea_mf\_Sustains\Vn-ord-C5-mf-2c-N_Sustains.wav,.wav,ordinario
orchidea,ordinario,mf,C5,F:\DOUTORAMENTO_22\INSTRUMENTOS\Instrumentos_espectro_versão 3\CORDAS\VIOLINO\Vln_Orchidea\ordinario\Vln_Orchidea_mf\_Sustains\Vn-ord-C5-mf-3c-N_Sustains.wav,.wav,ordinario
orchidea,ordinario,mf,C5,F:\DOUTORAMENTO_22\INSTRUMENTOS\Instrumentos_espectro_versão 3\CORDAS\VIOLINO\Vln_Orchidea\ordinario\Vln_Orchidea_mf\_Sustains\Vn-ord-C5-mf-4c-N_Sustains.wav,.wav,ordinario
orchidea,ordinario,mf,C6,F:\DOUTORAMENTO_22\INSTRUMENTOS\Instrumentos_espectro_versão 3\CORDAS\VIOLINO\Vln_Orchidea\ordinario\Vln_Orchidea_mf\_Sustains\Vn-ord-C6-mf-1c-T12d_Sustains.wav,.wav,ordinario
orchidea,ordinario,mf,C6,F:\DOUTORAMENTO_22\INSTRUMENTOS\Instrumentos_espectro_versão 3\CORDAS\VIOLINO\Vln_Orchidea\ordinario\Vln_Orchidea_mf\_Sustains\Vn-ord-C6-mf-2c-N_Sustains.wav,.wav,ordinario
orchidea,ordinario,mf,C6,F:\DOUTORAMENTO_22\INSTRUMENTOS\Instrumentos_espectro_versão 3\CORDAS\VIOLINO\Vln_Orchidea\ordinario\Vln_Orchidea_mf\_Sustains\Vn-ord-C6-mf-3c-T13d_Sustains.wav,.wav,ordinario
orchidea,ordinario,mf,C7,F:\DOUTORAMENTO_22\INSTRUMENTOS\Instrumentos_espectro_versão 3\CORDAS\VIOLINO\Vln_Orchidea\ordinario\Vln_Orchidea_mf\_Sustains\Vn-ord-C7-mf-1c-T27d_Sustains.wav,.wav,ordinario
orchidea,ordinario,mf,D#4,F:\DOUTORAMENTO_22\INSTRUMENTOS\Instrumentos_espectro_versão 3\CORDAS\VIOLINO\Vln_Orchidea\ordinario\Vln_Orchidea_mf\_Sustains\Vn-ord-D#4-mf-3c-N_Sustains.wav,.wav,ordinario
orchidea,ordinario,mf,D#4,F:\DOUTORAMENTO_22\INSTRUMENTOS\Instrumentos_espectro_versão 3\CORDAS\VIOLINO\Vln_Orchidea\ordinario\Vln_Orchidea_mf\_Sustains\Vn-ord-D#4-mf-4c-N_Sustains.wav,.wav,ordinario
orchidea,ordinario,mf,D#5,F:\DOUTORAMENTO_22\INSTRUMENTOS\Instrumentos_espectro_versão 3\CORDAS\VIOLINO\Vln_Orchidea\ordinario\Vln_Orchidea_mf\_Sustains\Vn-ord-D#5-mf-2c-N_Sustains.wav,.wav,ordinario
orchidea,ordinario,mf,D#5,F:\DOUTORAMENTO_22\INSTRUMENTOS\Instrumentos_espectro_versão 3\CORDAS\VIOLINO\Vln_Orchidea\ordinario\Vln_Orchidea_mf\_Sustains\Vn-ord-D#5-mf-3c-N_Sustains.wav,.wav,ordinario
orchidea,ordinario,mf,D#5,F:\DOUTORAMENTO_22\INSTRUMENTOS\Instrumentos_espectro_versão 3\CORDAS\VIOLINO\Vln_Orchidea\ordinario\Vln_Orchidea_mf\_Sustains\Vn-ord-D#5-mf-4c-N_Sustains.wav,.wav,ordinario
orchidea,ordinario,mf,D#6,F:\DOUTORAMENTO_22\INSTRUMENTOS\Instrumentos_espectro_versão 3\CORDAS\VIOLINO\Vln_Orchidea\ordinario\Vln_Orchidea_mf\_Sustains\Vn-ord-D#6-mf-1c-N_Sustains.wav,.wav,ordinario
orchidea,ordinario,mf,D#6,F:\DOUTORAMENTO_22\INSTRUMENTOS\Instrumentos_espectro_versão 3\CORDAS\VIOLINO\Vln_Orchidea\ordinario\Vln_Orchidea_mf\_Sustains\Vn-ord-D#6-mf-2c-N_Sustains.wav,.wav,ordinario
orchidea,ordinario,mf,D#7,F:\DOUTORAMENTO_22\INSTRUMENTOS\Instrumentos_espectro_versão 3\CORDAS\VIOLINO\Vln_Orchidea\ordinario\Vln_Orchidea_mf\_Sustains\Vn-ord-D#7-mf-1c-T22d_R100u_Sustains.wav,.wav,ordinario
orchidea,ordinario,mf,D4,F:\DOUTORAMENTO_22\INSTRUMENTOS\Instrumentos_espectro_versão 3\CORDAS\VIOLINO\Vln_Orchidea\ordinario\Vln_Orchidea_mf\_Sustains\Vn-ord-D4-mf-3c-N_Sustains.wav,.wav,ordinario
orchidea,ordinario,mf,D4,F:\DOUTORAMENTO_22\INSTRUMENTOS\Instrumentos_espectro_versão 3\CORDAS\VIOLINO\Vln_Orchidea\ordinario\Vln_Orchidea_mf\_Sustains\Vn-ord-D4-mf-4c-N_Sustains.wav,.wav,ordinario
orchidea,ordinario,mf,D5,F:\DOUTORAMENTO_22\INSTRUMENTOS\Instrumentos_espectro_versão 3\CORDAS\VIOLINO\Vln_Orchidea\ordinario\Vln_Orchidea_mf\_Sustains\Vn-ord-D5-mf-2c-N_Sustains.wav,.wav,ordinario
orchidea,ordinario,mf,D5,F:\DOUTORAMENTO_22\INSTRUMENTOS\Instrumentos_espectro_versão 3\CORDAS\VIOLINO\Vln_Orchidea\ordinario\Vln_Orchidea_mf\_Sustains\Vn-ord-D5-mf-3c-N_Sustains.wav,.wav,ordinario
orchidea,ordinario,mf,D5,F:\DOUTORAMENTO_22\INSTRUMENTOS\Instrumentos_espectro_versão 3\CORDAS\VIOLINO\Vln_Orchidea\ordinario\Vln_Orchidea_mf\_Sustains\Vn-ord-D5-mf-4c-N_Sustains.wav,.wav,ordinario
orchidea,ordinario,mf,D6,F:\DOUTORAMENTO_22\INSTRUMENTOS\Instrumentos_espectro_versão 3\CORDAS\VIOLINO\Vln_Orchidea\ordinario\Vln_Orchidea_mf\_Sustains\Vn-ord-D6-mf-1c-T12d_Sustains.wav,.wav,ordinario
orchidea,ordinario,mf,D6,F:\DOUTORAMENTO_22\INSTRUMENTOS\Instrumentos_espectro_versão 3\CORDAS\VIOLINO\Vln_Orchidea\ordinario\Vln_Orchidea_mf\_Sustains\Vn-ord-D6-mf-2c-T12d_Sustains.wav,.wav,ordinario
orchidea,ordinario,mf,D7,F:\DOUTORAMENTO_22\INSTRUMENTOS\Instrumentos_espectro_versão 3\CORDAS\VIOLINO\Vln_Orchidea\ordinario\Vln_Orchidea_mf\_Sustains\Vn-ord-D7-mf-1c-T22d_Sustains.wav,.wav,ordinario
orchidea,ordinario,mf,E4,F:\DOUTORAMENTO_22\INSTRUMENTOS\Instrumentos_espectro_versão 3\CORDAS\VIOLINO\Vln_Orchidea\ordinario\Vln_Orchidea_mf\_Sustains\Vn-ord-E4-mf-3c-N_Sustains.wav,.wav,ordinario
orchidea,ordinario,mf,E4,F:\DOUTORAMENTO_22\INSTRUMENTOS\Instrumentos_espectro_versão 3\CORDAS\VIOLINO\Vln_Orchidea\ordinario\Vln_Orchidea_mf\_Sustains\Vn-ord-E4-mf-4c-N_Sustains.wav,.wav,ordinario
orchidea,ordinario,mf,E5,F:\DOUTORAMENTO_22\INSTRUMENTOS\Instrumentos_espectro_versão 3\CORDAS\VIOLINO\Vln_Orchidea\ordinario\Vln_Orchidea_mf\_Sustains\Vn-ord-E5-mf-1c-N_Sustains.wav,.wav,ordinario
orchidea,ordinario,mf,E5,F:\DOUTORAMENTO_22\INSTRUMENTOS\Instrumentos_espectro_versão 3\CORDAS\VIOLINO\Vln_Orchidea\ordinario\Vln_Orchidea_mf\_Sustains\Vn-ord-E5-mf-2c-N_Sustains.wav,.wav,ordinario
orchidea,ordinario,mf,E5,F:\DOUTORAMENTO_22\INSTRUMENTOS\Instrumentos_espectro_versão 3\CORDAS\VIOLINO\Vln_Orchidea\ordinario\Vln_Orchidea_mf\_Sustains\Vn-ord-E5-mf-3c-N_Sustains.wav,.wav,ordinario
orchidea,ordinario,mf,E5,F:\DOUTORAMENTO_22\INSTRUMENTOS\Instrumentos_espectro_versão 3\CORDAS\VIOLINO\Vln_Orchidea\ordinario\Vln_Orchidea_mf\_Sustains\Vn-ord-E5-mf-4c-N_Sustains.wav,.wav,ordinario
orchidea,ordinario,mf,E6,F:\DOUTORAMENTO_22\INSTRUMENTOS\Instrumentos_espectro_versão 3\CORDAS\VIOLINO\Vln_Orchidea\ordinario\Vln_Orchidea_mf\_Sustains\Vn-ord-E6-mf-1c-N_Sustains.wav,.wav,ordinario
orchidea,ordinario,mf,E6,F:\DOUTORAMENTO_22\INSTRUMENTOS\Instrumentos_espectro_versão 3\CORDAS\VIOLINO\Vln_Orchidea\ordinario\Vln_Orchidea_mf\_Sustains\Vn-ord-E6-mf-2c-N_Sustains.wav,.wav,ordinario
orchidea,ordinario,mf,E7,F:\DOUTORAMENTO_22\INSTRUMENTOS\Instrumentos_espectro_versão 3\CORDAS\VIOLINO\Vln_Orchidea\ordinario\Vln_Orchidea_mf\_Sustains\Vn-ord-E7-mf-1c-T22d_Sustains.wav,.wav,ordinario
orchidea,ordinario,mf,F#4,F:\DOUTORAMENTO_22\INSTRUMENTOS\Instrumentos_espectro_versão 3\CORDAS\VIOLINO\Vln_Orchidea\ordinario\Vln_Orchidea_mf\_Sustains\Vn-ord-F#4-mf-3c-N_Sustains.wav,.wav,ordinario
orchidea,ordinario,mf,F#4,F:\DOUTORAMENTO_22\INSTRUMENTOS\Instrumentos_espectro_versão 3\CORDAS\VIOLINO\Vln_Orchidea\ordinario\Vln_Orchidea_mf\_Sustains\Vn-ord-F#4-mf-4c-N_Sustains.wav,.wav,ordinario
orchidea,ordinario,mf,F#5,F:\DOUTORAMENTO_22\INSTRUMENTOS\Instrumentos_espectro_versão 3\CORDAS\VIOLINO\Vln_Orchidea\ordinario\Vln_Orchidea_mf\_Sustains\Vn-ord-F#5-mf-1c-N_Sustains.wav,.wav,ordinario
orchidea,ordinario,mf,F#5,F:\DOUTORAMENTO_22\INSTRUMENTOS\Instrumentos_espectro_versão 3\CORDAS\VIOLINO\Vln_Orchidea\ordinario\Vln_Orchidea_mf\_Sustains\Vn-ord-F#5-mf-2c-N_Sustains.wav,.wav,ordinario
orchidea,ordinario,mf,F#5,F:\DOUTORAMENTO_22\INSTRUMENTOS\Instrumentos_espectro_versão 3\CORDAS\VIOLINO\Vln_Orchidea\ordinario\Vln_Orchidea_mf\_Sustains\Vn-ord-F#5-mf-3c-N_Sustains.wav,.wav,ordinario
orchidea,ordinario,mf,F#6,F:\DOUTORAMENTO_22\INSTRUMENTOS\Instrumentos_espectro_versão 3\CORDAS\VIOLINO\Vln_Orchidea\ordinario\Vln_Orchidea_mf\_Sustains\Vn-ord-F#6-mf-1c-T10d_Sustains.wav,.wav,ordinario
orchidea,ordinario,mf,F#6,F:\DOUTORAMENTO_22\INSTRUMENTOS\Instrumentos_espectro_versão 3\CORDAS\VIOLINO\Vln_Orchidea\ordinario\Vln_Orchidea_mf\_Sustains\Vn-ord-F#6-mf-2c-T11d_Sustains.wav,.wav,ordinario
orchidea,ordinario,mf,F4,F:\DOUTORAMENTO_22\INSTRUMENTOS\Instrumentos_espectro_versão 3\CORDAS\VIOLINO\Vln_Orchidea\ordinario\Vln_Orchidea_mf\_Sustains\Vn-ord-F4-mf-3c-N_Sustains.wav,.wav,ordinario
orchidea,ordinario,mf,F4,F:\DOUTORAMENTO_22\INSTRUMENTOS\Instrumentos_espectro_versão 3\CORDAS\VIOLINO\Vln_Orchidea\ordinario\Vln_Orchidea_mf\_Sustains\Vn-ord-F4-mf-4c-N_Sustains.wav,.wav,ordinario
orchidea,ordinario,mf,F5,F:\DOUTORAMENTO_22\INSTRUMENTOS\Instrumentos_espectro_versão 3\CORDAS\VIOLINO\Vln_Orchidea\ordinario\Vln_Orchidea_mf\_Sustains\Vn-ord-F5-mf-1c-N_Sustains.wav,.wav,ordinario
orchidea,ordinario,mf,F5,F:\DOUTORAMENTO_22\INSTRUMENTOS\Instrumentos_espectro_versão 3\CORDAS\VIOLINO\Vln_Orchidea\ordinario\Vln_Orchidea_mf\_Sustains\Vn-ord-F5-mf-2c-N_Sustains.wav,.wav,ordinario
orchidea,ordinario,mf,F5,F:\DOUTORAMENTO_22\INSTRUMENTOS\Instrumentos_espectro_versão 3\CORDAS\VIOLINO\Vln_Orchidea\ordinario\Vln_Orchidea_mf\_Sustains\Vn-ord-F5-mf-3c-N_Sustains.wav,.wav,ordinario
orchidea,ordinario,mf,F6,F:\DOUTORAMENTO_22\INSTRUMENTOS\Instrumentos_espectro_versão 3\CORDAS\VIOLINO\Vln_Orchidea\ordinario\Vln_Orchidea_mf\_Sustains\Vn-ord-F6-mf-1c-N_Sustains.wav,.wav,ordinario
orchidea,ordinario,mf,F6,F:\DOUTORAMENTO_22\INSTRUMENTOS\Instrumentos_espectro_versão 3\CORDAS\VIOLINO\Vln_Orchidea\ordinario\Vln_Orchidea_mf\_Sustains\Vn-ord-F6-mf-2c-T17d_Sustains.wav,.wav,ordinario
orchidea,ordinario,mf,G#3,F:\DOUTORAMENTO_22\INSTRUMENTOS\Instrumentos_espectro_versão 3\CORDAS\VIOLINO\Vln_Orchidea\ordinario\Vln_Orchidea_mf\_Sustains\Vn-ord-G#3-mf-4c-T13u_Sustains.wav,.wav,ordinario
orchidea,ordinario,mf,G#4,F:\DOUTORAMENTO_22\INSTRUMENTOS\Instrumentos_espectro_versão 3\CORDAS\VIOLINO\Vln_Orchidea\ordinario\Vln_Orchidea_mf\_Sustains\Vn-ord-G#4-mf-3c-N_Sustains.wav,.wav,ordinario
orchidea,ordinario,mf,G#4,F:\DOUTORAMENTO_22\INSTRUMENTOS\Instrumentos_espectro_versão 3\CORDAS\VIOLINO\Vln_Orchidea\ordinario\Vln_Orchidea_mf\_Sustains\Vn-ord-G#4-mf-4c-N_Sustains.wav,.wav,ordinario
orchidea,ordinario,mf,G#5,F:\DOUTORAMENTO_22\INSTRUMENTOS\Instrumentos_espectro_versão 3\CORDAS\VIOLINO\Vln_Orchidea\ordinario\Vln_Orchidea_mf\_Sustains\Vn-ord-G#5-mf-1c-N_Sustains.wav,.wav,ordinario
orchidea,ordinario,mf,G#5,F:\DOUTORAMENTO_22\INSTRUMENTOS\Instrumentos_espectro_versão 3\CORDAS\VIOLINO\Vln_Orchidea\ordinario\Vln_Orchidea_mf\_Sustains\Vn-ord-G#5-mf-2c-N_Sustains.wav,.wav,ordinario
orchidea,ordinario,mf,G#5,F:\DOUTORAMENTO_22\INSTRUMENTOS\Instrumentos_espectro_versão 3\CORDAS\VIOLINO\Vln_Orchidea\ordinario\Vln_Orchidea_mf\_Sustains\Vn-ord-G#5-mf-3c-N_Sustains.wav,.wav,ordinario
orchidea,ordinario,mf,G#6,F:\DOUTORAMENTO_22\INSTRUMENTOS\Instrumentos_espectro_versão 3\CORDAS\VIOLINO\Vln_Orchidea\ordinario\Vln_Orchidea_mf\_Sustains\Vn-ord-G#6-mf-1c-T11d_R100d_Sustains.wav,.wav,ordinario
orchidea,ordinario,mf,G#6,F:\DOUTORAMENTO_22\INSTRUMENTOS\Instrumentos_espectro_versão 3\CORDAS\VIOLINO\Vln_Orchidea\ordinario\Vln_Orchidea_mf\_Sustains\Vn-ord-G#6-mf-2c-T21d_Sustains.wav,.wav,ordinario
orchidea,ordinario,mf,G3,F:\DOUTORAMENTO_22\INSTRUMENTOS\Instrumentos_espectro_versão 3\CORDAS\VIOLINO\Vln_Orchidea\ordinario\Vln_Orchidea_mf\_Sustains\Vn-ord-G3-mf-4c-N_Sustains.wav,.wav,ordinario
orchidea,ordinario,mf,G4,F:\DOUTORAMENTO_22\INSTRUMENTOS\Instrumentos_espectro_versão 3\CORDAS\VIOLINO\Vln_Orchidea\ordinario\Vln_Orchidea_mf\_Sustains\Vn-ord-G4-mf-3c-N_Sustains.wav,.wav,ordinario
orchidea,ordinario,mf,G4,F:\DOUTORAMENTO_22\INSTRUMENTOS\Instrumentos_espectro_versão 3\CORDAS\VIOLINO\Vln_Orchidea\ordinario\Vln_Orchidea_mf\_Sustains\Vn-ord-G4-mf-4c-N_Sustains.wav,.wav,ordinario
orchidea,ordinario,mf,G5,F:\DOUTORAMENTO_22\INSTRUMENTOS\Instrumentos_espectro_versão 3\CORDAS\VIOLINO\Vln_Orchidea\ordinario\Vln_Orchidea_mf\_Sustains\Vn-ord-G5-mf-1c-N_Sustains.wav,.wav,ordinario
orchidea,ordinario,mf,G5,F:\DOUTORAMENTO_22\INSTRUMENTOS\Instrumentos_espectro_versão 3\CORDAS\VIOLINO\Vln_Orchidea\ordinario\Vln_Orchidea_mf\_Sustains\Vn-ord-G5-mf-2c-N_Sustains.wav,.wav,ordinario
orchidea,ordinario,mf,G5,F:\DOUTORAMENTO_22\INSTRUMENTOS\Instrumentos_espectro_versão 3\CORDAS\VIOLINO\Vln_Orchidea\ordinario\Vln_Orchidea_mf\_Sustains\Vn-ord-G5-mf-3c-N_Sustains.wav,.wav,ordinario
orchidea,ordinario,mf,G6,F:\DOUTORAMENTO_22\INSTRUMENTOS\Instrumentos_espectro_versão 3\CORDAS\VIOLINO\Vln_Orchidea\ordinario\Vln_Orchidea_mf\_Sustains\Vn-ord-G6-mf-1c-T15d_Sustains.wav,.wav,ordinario
orchidea,ordinario,mf,G6,F:\DOUTORAMENTO_22\INSTRUMENTOS\Instrumentos_espectro_versão 3\CORDAS\VIOLINO\Vln_Orchidea\ordinario\Vln_Orchidea_mf\_Sustains\Vn-ord-G6-mf-2c-T12d_Sustains.wav,.wav,ordinario
orchidea,ordinario,pp,A#3,F:\DOUTORAMENTO_22\INSTRUMENTOS\Instrumentos_espectro_versão 3\CORDAS\VIOLINO\Vln_Orchidea\ordinario\Vln_Orchidea_pp\Vn-ord-A#3-pp-4c-N.wav,.wav,ordinario
orchidea,ordinario,pp,A#4,F:\DOUTORAMENTO_22\INSTRUMENTOS\Instrumentos_espectro_versão 3\CORDAS\VIOLINO\Vln_Orchidea\ordinario\Vln_Orchidea_pp\Vn-ord-A#4-pp-2c-N.wav,.wav,ordinario
orchidea,ordinario,pp,A#4,F:\DOUTORAMENTO_22\INSTRUMENTOS\Instrumentos_espectro_versão 3\CORDAS\VIOLINO\Vln_Orchidea\ordinario\Vln_Orchidea_pp\Vn-ord-A#4-pp-3c-N.wav,.wav,ordinario
orchidea,ordinario,pp,A#4,F:\DOUTORAMENTO_22\INSTRUMENTOS\Instrumentos_espectro_versão 3\CORDAS\VIOLINO\Vln_Orchidea\ordinario\Vln_Orchidea_pp\Vn-ord-A#4-pp-4c-N.wav,.wav,ordinario
orchidea,ordinario,pp,A#5,F:\DOUTORAMENTO_22\INSTRUMENTOS\Instrumentos_espectro_versão 3\CORDAS\VIOLINO\Vln_Orchidea\ordinario\Vln_Orchidea_pp\Vn-ord-A#5-pp-1c-N.wav,.wav,ordinario
orchidea,ordinario,pp,A#5,F:\DOUTORAMENTO_22\INSTRUMENTOS\Instrumentos_espectro_versão 3\CORDAS\VIOLINO\Vln_Orchidea\ordinario\Vln_Orchidea_pp\Vn-ord-A#5-pp-2c-N.wav,.wav,ordinario
orchidea,ordinario,pp,A#5,F:\DOUTORAMENTO_22\INSTRUMENTOS\Instrumentos_espectro_versão 3\CORDAS\VIOLINO\Vln_Orchidea\ordinario\Vln_Orchidea_pp\Vn-ord-A#5-pp-3c-T10u.wav,.wav,ordinario
orchidea,ordinario,pp,A#6,F:\DOUTORAMENTO_22\INSTRUMENTOS\Instrumentos_espectro_versão 3\CORDAS\VIOLINO\Vln_Orchidea\ordinario\Vln_Orchidea_pp\Vn-ord-A#6-pp-1c-N.wav,.wav,ordinario
orchidea,ordinario,pp,A3,F:\DOUTORAMENTO_22\INSTRUMENTOS\Instrumentos_espectro_versão 3\CORDAS\VIOLINO\Vln_Orchidea\ordinario\Vln_Orchidea_pp\Vn-ord-A3-pp-4c-N.wav,.wav,ordinario
orchidea,ordinario,pp,A4,F:\DOUTORAMENTO_22\INSTRUMENTOS\Instrumentos_espectro_versão 3\CORDAS\VIOLINO\Vln_Orchidea\ordinario\Vln_Orchidea_pp\Vn-ord-A4-pp-2c-N.wav,.wav,ordinario
orchidea,ordinario,pp,A4,F:\DOUTORAMENTO_22\INSTRUMENTOS\Instrumentos_espectro_versão 3\CORDAS\VIOLINO\Vln_Orchidea\ordinario\Vln_Orchidea_pp\Vn-ord-A4-pp-3c-N.wav,.wav,ordinario
orchidea,ordinario,pp,A4,F:\DOUTORAMENTO_22\INSTRUMENTOS\Instrumentos_espectro_versão 3\CORDAS\VIOLINO\Vln_Orchidea\ordinario\Vln_Orchidea_pp\Vn-ord-A4-pp-4c-N.wav,.wav,ordinario
orchidea,ordinario,pp,A5,F:\DOUTORAMENTO_22\INSTRUMENTOS\Instrumentos_espectro_versão 3\CORDAS\VIOLINO\Vln_Orchidea\ordinario\Vln_Orchidea_pp\Vn-ord-A5-pp-1c-N.wav,.wav,ordinario
orchidea,ordinario,pp,A5,F:\DOUTORAMENTO_22\INSTRUMENTOS\Instrumentos_espectro_versão 3\CORDAS\VIOLINO\Vln_Orchidea\ordinario\Vln_Orchidea_pp\Vn-ord-A5-pp-2c-N.wav,.wav,ordinario
orchidea,ordinario,pp,A5,F:\DOUTORAMENTO_22\INSTRUMENTOS\Instrumentos_espectro_versão 3\CORDAS\VIOLINO\Vln_Orchidea\ordinario\Vln_Orchidea_pp\Vn-ord-A5-pp-3c-N.wav,.wav,ordinario
orchidea,ordinario,pp,A6,F:\DOUTORAMENTO_22\INSTRUMENTOS\Instrumentos_espectro_versão 3\CORDAS\VIOLINO\Vln_Orchidea\ordinario\Vln_Orchidea_pp\Vn-ord-A6-pp-1c-N.wav,.wav,ordinario
orchidea,ordinario,pp,A6,F:\DOUTORAMENTO_22\INSTRUMENTOS\Instrumentos_espectro_versão 3\CORDAS\VIOLINO\Vln_Orchidea\ordinario\Vln_Orchidea_pp\Vn-ord-A6-pp-2c-N.wav,.wav,ordinario
orchidea,ordinario,pp,B3,F:\DOUTORAMENTO_22\INSTRUMENTOS\Instrumentos_espectro_versão 3\CORDAS\VIOLINO\Vln_Orchidea\ordinario\Vln_Orchidea_pp\Vn-ord-B3-pp-4c-T10u.wav,.wav,ordinario
orchidea,ordinario,pp,B4,F:\DOUTORAMENTO_22\INSTRUMENTOS\Instrumentos_espectro_versão 3\CORDAS\VIOLINO\Vln_Orchidea\ordinario\Vln_Orchidea_pp\Vn-ord-B4-pp-2c-N.wav,.wav,ordinario
orchidea,ordinario,pp,B4,F:\DOUTORAMENTO_22\INSTRUMENTOS\Instrumentos_espectro_versão 3\CORDAS\VIOLINO\Vln_Orchidea\ordinario\Vln_Orchidea_pp\Vn-ord-B4-pp-3c-N.wav,.wav,ordinario
orchidea,ordinario,pp,B4,F:\DOUTORAMENTO_22\INSTRUMENTOS\Instrumentos_espectro_versão 3\CORDAS\VIOLINO\Vln_Orchidea\ordinario\Vln_Orchidea_pp\Vn-ord-B4-pp-4c-N.wav,.wav,ordinario
orchidea,ordinario,pp,B5,F:\DOUTORAMENTO_22\INSTRUMENTOS\Instrumentos_espectro_versão 3\CORDAS\VIOLINO\Vln_Orchidea\ordinario\Vln_Orchidea_pp\Vn-ord-B5-pp-1c-N.wav,.wav,ordinario
orchidea,ordinario,pp,B5,F:\DOUTORAMENTO_22\INSTRUMENTOS\Instrumentos_espectro_versão 3\CORDAS\VIOLINO\Vln_Orchidea\ordinario\Vln_Orchidea_pp\Vn-ord-B5-pp-2c-N.wav,.wav,ordinario
orchidea,ordinario,pp,B5,F:\DOUTORAMENTO_22\INSTRUMENTOS\Instrumentos_espectro_versão 3\CORDAS\VIOLINO\Vln_Orchidea\ordinario\Vln_Orchidea_pp\Vn-ord-B5-pp-3c-N.wav,.wav,ordinario
orchidea,ordinario,pp,B6,F:\DOUTORAMENTO_22\INSTRUMENTOS\Instrumentos_espectro_versão 3\CORDAS\VIOLINO\Vln_Orchidea\ordinario\Vln_Orchidea_pp\Vn-ord-B6-pp-1c-T12d.wav,.wav,ordinario
orchidea,ordinario,pp,C#4,F:\DOUTORAMENTO_22\INSTRUMENTOS\Instrumentos_espectro_versão 3\CORDAS\VIOLINO\Vln_Orchidea\ordinario\Vln_Orchidea_pp\Vn-ord-C#4-pp-4c-N.wav,.wav,ordinario
orchidea,ordinario,pp,C#5,F:\DOUTORAMENTO_22\INSTRUMENTOS\Instrumentos_espectro_versão 3\CORDAS\VIOLINO\Vln_Orchidea\ordinario\Vln_Orchidea_pp\Vn-ord-C#5-pp-2c-N.wav,.wav,ordinario
orchidea,ordinario,pp,C#5,F:\DOUTORAMENTO_22\INSTRUMENTOS\Instrumentos_espectro_versão 3\CORDAS\VIOLINO\Vln_Orchidea\ordinario\Vln_Orchidea_pp\Vn-ord-C#5-pp-3c-N.wav,.wav,ordinario
orchidea,ordinario,pp,C#5,F:\DOUTORAMENTO_22\INSTRUMENTOS\Instrumentos_espectro_versão 3\CORDAS\VIOLINO\Vln_Orchidea\ordinario\Vln_Orchidea_pp\Vn-ord-C#5-pp-4c-N.wav,.wav,ordinario
orchidea,ordinario,pp,C#6,F:\DOUTORAMENTO_22\INSTRUMENTOS\Instrumentos_espectro_versão 3\CORDAS\VIOLINO\Vln_Orchidea\ordinario\Vln_Orchidea_pp\Vn-ord-C#6-pp-1c-N.wav,.wav,ordinario
orchidea,ordinario,pp,C#6,F:\DOUTORAMENTO_22\INSTRUMENTOS\Instrumentos_espectro_versão 3\CORDAS\VIOLINO\Vln_Orchidea\ordinario\Vln_Orchidea_pp\Vn-ord-C#6-pp-2c-N.wav,.wav,ordinario
orchidea,ordinario,pp,C#7,F:\DOUTORAMENTO_22\INSTRUMENTOS\Instrumentos_espectro_versão 3\CORDAS\VIOLINO\Vln_Orchidea\ordinario\Vln_Orchidea_pp\Vn-ord-C#7-pp-1c-T15d.wav,.wav,ordinario
orchidea,ordinario,pp,C4,F:\DOUTORAMENTO_22\INSTRUMENTOS\Instrumentos_espectro_versão 3\CORDAS\VIOLINO\Vln_Orchidea\ordinario\Vln_Orchidea_pp\Vn-ord-C4-pp-4c-N.wav,.wav,ordinario
orchidea,ordinario,pp,C5,F:\DOUTORAMENTO_22\INSTRUMENTOS\Instrumentos_espectro_versão 3\CORDAS\VIOLINO\Vln_Orchidea\ordinario\Vln_Orchidea_pp\Vn-ord-C5-pp-2c-N.wav,.wav,ordinario
orchidea,ordinario,pp,C5,F:\DOUTORAMENTO_22\INSTRUMENTOS\Instrumentos_espectro_versão 3\CORDAS\VIOLINO\Vln_Orchidea\ordinario\Vln_Orchidea_pp\Vn-ord-C5-pp-3c-N.wav,.wav,ordinario
orchidea,ordinario,pp,C5,F:\DOUTORAMENTO_22\INSTRUMENTOS\Instrumentos_espectro_versão 3\CORDAS\VIOLINO\Vln_Orchidea\ordinario\Vln_Orchidea_pp\Vn-ord-C5-pp-4c-N.wav,.wav,ordinario
orchidea,ordinario,pp,C6,F:\DOUTORAMENTO_22\INSTRUMENTOS\Instrumentos_espectro_versão 3\CORDAS\VIOLINO\Vln_Orchidea\ordinario\Vln_Orchidea_pp\Vn-ord-C6-pp-1c-T11d.wav,.wav,ordinario
orchidea,ordinario,pp,C6,F:\DOUTORAMENTO_22\INSTRUMENTOS\Instrumentos_espectro_versão 3\CORDAS\VIOLINO\Vln_Orchidea\ordinario\Vln_Orchidea_pp\Vn-ord-C6-pp-2c-N.wav,.wav,ordinario
orchidea,ordinario,pp,C6,F:\DOUTORAMENTO_22\INSTRUMENTOS\Instrumentos_espectro_versão 3\CORDAS\VIOLINO\Vln_Orchidea\ordinario\Vln_Orchidea_pp\Vn-ord-C6-pp-3c-T14d.wav,.wav,ordinario
orchidea,ordinario,pp,C7,F:\DOUTORAMENTO_22\INSTRUMENTOS\Instrumentos_espectro_versão 3\CORDAS\VIOLINO\Vln_Orchidea\ordinario\Vln_Orchidea_pp\Vn-ord-C7-pp-1c-T28d.wav,.wav,ordinario
orchidea,ordinario,pp,D#4,F:\DOUTORAMENTO_22\INSTRUMENTOS\Instrumentos_espectro_versão 3\CORDAS\VIOLINO\Vln_Orchidea\ordinario\Vln_Orchidea_pp\Vn-ord-D#4-pp-3c-N.wav,.wav,ordinario
orchidea,ordinario,pp,D#4,F:\DOUTORAMENTO_22\INSTRUMENTOS\Instrumentos_espectro_versão 3\CORDAS\VIOLINO\Vln_Orchidea\ordinario\Vln_Orchidea_pp\Vn-ord-D#4-pp-4c-N.wav,.wav,ordinario
orchidea,ordinario,pp,D#5,F:\DOUTORAMENTO_22\INSTRUMENTOS\Instrumentos_espectro_versão 3\CORDAS\VIOLINO\Vln_Orchidea\ordinario\Vln_Orchidea_pp\Vn-ord-D#5-pp-2c-N.wav,.wav,ordinario
orchidea,ordinario,pp,D#5,F:\DOUTORAMENTO_22\INSTRUMENTOS\Instrumentos_espectro_versão 3\CORDAS\VIOLINO\Vln_Orchidea\ordinario\Vln_Orchidea_pp\Vn-ord-D#5-pp-3c-N.wav,.wav,ordinario
orchidea,ordinario,pp,D#5,F:\DOUTORAMENTO_22\INSTRUMENTOS\Instrumentos_espectro_versão 3\CORDAS\VIOLINO\Vln_Orchidea\ordinario\Vln_Orchidea_pp\Vn-ord-D#5-pp-4c-N.wav,.wav,ordinario
orchidea,ordinario,pp,D#6,F:\DOUTORAMENTO_22\INSTRUMENTOS\Instrumentos_espectro_versão 3\CORDAS\VIOLINO\Vln_Orchidea\ordinario\Vln_Orchidea_pp\Vn-ord-D#6-pp-1c-N.wav,.wav,ordinario
orchidea,ordinario,pp,D#6,F:\DOUTORAMENTO_22\INSTRUMENTOS\Instrumentos_espectro_versão 3\CORDAS\VIOLINO\Vln_Orchidea\ordinario\Vln_Orchidea_pp\Vn-ord-D#6-pp-2c-N.wav,.wav,ordinario
orchidea,ordinario,pp,D#7,F:\DOUTORAMENTO_22\INSTRUMENTOS\Instrumentos_espectro_versão 3\CORDAS\VIOLINO\Vln_Orchidea\ordinario\Vln_Orchidea_pp\Vn-ord-D#7-pp-1c-T16d.wav,.wav,ordinario
orchidea,ordinario,pp,D4,F:\DOUTORAMENTO_22\INSTRUMENTOS\Instrumentos_espectro_versão 3\CORDAS\VIOLINO\Vln_Orchidea\ordinario\Vln_Orchidea_pp\Vn-ord-D4-pp-3c-N.wav,.wav,ordinario
orchidea,ordinario,pp,D4,F:\DOUTORAMENTO_22\INSTRUMENTOS\Instrumentos_espectro_versão 3\CORDAS\VIOLINO\Vln_Orchidea\ordinario\Vln_Orchidea_pp\Vn-ord-D4-pp-4c-N.wav,.wav,ordinario
orchidea,ordinario,pp,D5,F:\DOUTORAMENTO_22\INSTRUMENTOS\Instrumentos_espectro_versão 3\CORDAS\VIOLINO\Vln_Orchidea\ordinario\Vln_Orchidea_pp\Vn-ord-D5-pp-2c-N.wav,.wav,ordinario
orchidea,ordinario,pp,D5,F:\DOUTORAMENTO_22\INSTRUMENTOS\Instrumentos_espectro_versão 3\CORDAS\VIOLINO\Vln_Orchidea\ordinario\Vln_Orchidea_pp\Vn-ord-D5-pp-3c-N.wav,.wav,ordinario
orchidea,ordinario,pp,D5,F:\DOUTORAMENTO_22\INSTRUMENTOS\Instrumentos_espectro_versão 3\CORDAS\VIOLINO\Vln_Orchidea\ordinario\Vln_Orchidea_pp\Vn-ord-D5-pp-4c-N.wav,.wav,ordinario
orchidea,ordinario,pp,D6,F:\DOUTORAMENTO_22\INSTRUMENTOS\Instrumentos_espectro_versão 3\CORDAS\VIOLINO\Vln_Orchidea\ordinario\Vln_Orchidea_pp\Vn-ord-D6-pp-1c-N.wav,.wav,ordinario
orchidea,ordinario,pp,D6,F:\DOUTORAMENTO_22\INSTRUMENTOS\Instrumentos_espectro_versão 3\CORDAS\VIOLINO\Vln_Orchidea\ordinario\Vln_Orchidea_pp\Vn-ord-D6-pp-2c-N.wav,.wav,ordinario
orchidea,ordinario,pp,D7,F:\DOUTORAMENTO_22\INSTRUMENTOS\Instrumentos_espectro_versão 3\CORDAS\VIOLINO\Vln_Orchidea\ordinario\Vln_Orchidea_pp\Vn-ord-D7-pp-1c-T17d.wav,.wav,ordinario
orchidea,ordinario,pp,E4,F:\DOUTORAMENTO_22\INSTRUMENTOS\Instrumentos_espectro_versão 3\CORDAS\VIOLINO\Vln_Orchidea\ordinario\Vln_Orchidea_pp\Vn-ord-E4-pp-3c-N.wav,.wav,ordinario
orchidea,ordinario,pp,E4,F:\DOUTORAMENTO_22\INSTRUMENTOS\Instrumentos_espectro_versão 3\CORDAS\VIOLINO\Vln_Orchidea\ordinario\Vln_Orchidea_pp\Vn-ord-E4-pp-4c-N.wav,.wav,ordinario
orchidea,ordinario,pp,E5,F:\DOUTORAMENTO_22\INSTRUMENTOS\Instrumentos_espectro_versão 3\CORDAS\VIOLINO\Vln_Orchidea\ordinario\Vln_Orchidea_pp\Vn-ord-E5-pp-1c-N.wav,.wav,ordinario
orchidea,ordinario,pp,E5,F:\DOUTORAMENTO_22\INSTRUMENTOS\Instrumentos_espectro_versão 3\CORDAS\VIOLINO\Vln_Orchidea\ordinario\Vln_Orchidea_pp\Vn-ord-E5-pp-2c-N.wav,.wav,ordinario
orchidea,ordinario,pp,E5,F:\DOUTORAMENTO_22\INSTRUMENTOS\Instrumentos_espectro_versão 3\CORDAS\VIOLINO\Vln_Orchidea\ordinario\Vln_Orchidea_pp\Vn-ord-E5-pp-3c-N.wav,.wav,ordinario
orchidea,ordinario,pp,E5,F:\DOUTORAMENTO_22\INSTRUMENTOS\Instrumentos_espectro_versão 3\CORDAS\VIOLINO\Vln_Orchidea\ordinario\Vln_Orchidea_pp\Vn-ord-E5-pp-4c-N.wav,.wav,ordinario
orchidea,ordinario,pp,E6,F:\DOUTORAMENTO_22\INSTRUMENTOS\Instrumentos_espectro_versão 3\CORDAS\VIOLINO\Vln_Orchidea\ordinario\Vln_Orchidea_pp\Vn-ord-E6-pp-1c-N.wav,.wav,ordinario
orchidea,ordinario,pp,E6,F:\DOUTORAMENTO_22\INSTRUMENTOS\Instrumentos_espectro_versão 3\CORDAS\VIOLINO\Vln_Orchidea\ordinario\Vln_Orchidea_pp\Vn-ord-E6-pp-2c-N.wav,.wav,ordinario
orchidea,ordinario,pp,E7,F:\DOUTORAMENTO_22\INSTRUMENTOS\Instrumentos_espectro_versão 3\CORDAS\VIOLINO\Vln_Orchidea\ordinario\Vln_Orchidea_pp\Vn-ord-E7-pp-1c-T21d.wav,.wav,ordinario
orchidea,ordinario,pp,F#4,F:\DOUTORAMENTO_22\INSTRUMENTOS\Instrumentos_espectro_versão 3\CORDAS\VIOLINO\Vln_Orchidea\ordinario\Vln_Orchidea_pp\Vn-ord-F#4-pp-3c-N.wav,.wav,ordinario
orchidea,ordinario,pp,F#4,F:\DOUTORAMENTO_22\INSTRUMENTOS\Instrumentos_espectro_versão 3\CORDAS\VIOLINO\Vln_Orchidea\ordinario\Vln_Orchidea_pp\Vn-ord-F#4-pp-4c-N.wav,.wav,ordinario
orchidea,ordinario,pp,F#5,F:\DOUTORAMENTO_22\INSTRUMENTOS\Instrumentos_espectro_versão 3\CORDAS\VIOLINO\Vln_Orchidea\ordinario\Vln_Orchidea_pp\Vn-ord-F#5-pp-1c-N.wav,.wav,ordinario
orchidea,ordinario,pp,F#5,F:\DOUTORAMENTO_22\INSTRUMENTOS\Instrumentos_espectro_versão 3\CORDAS\VIOLINO\Vln_Orchidea\ordinario\Vln_Orchidea_pp\Vn-ord-F#5-pp-2c-N.wav,.wav,ordinario
orchidea,ordinario,pp,F#5,F:\DOUTORAMENTO_22\INSTRUMENTOS\Instrumentos_espectro_versão 3\CORDAS\VIOLINO\Vln_Orchidea\ordinario\Vln_Orchidea_pp\Vn-ord-F#5-pp-3c-N.wav,.wav,ordinario
orchidea,ordinario,pp,F#6,F:\DOUTORAMENTO_22\INSTRUMENTOS\Instrumentos_espectro_versão 3\CORDAS\VIOLINO\Vln_Orchidea\ordinario\Vln_Orchidea_pp\Vn-ord-F#6-pp-1c-T12d.wav,.wav,ordinario
orchidea,ordinario,pp,F#6,F:\DOUTORAMENTO_22\INSTRUMENTOS\Instrumentos_espectro_versão 3\CORDAS\VIOLINO\Vln_Orchidea\ordinario\Vln_Orchidea_pp\Vn-ord-F#6-pp-2c-N.wav,.wav,ordinario
orchidea,ordinario,pp,F4,F:\DOUTORAMENTO_22\INSTRUMENTOS\Instrumentos_espectro_versão 3\CORDAS\VIOLINO\Vln_Orchidea\ordinario\Vln_Orchidea_pp\Vn-ord-F4-pp-3c-N.wav,.wav,ordinario
orchidea,ordinario,pp,F4,F:\DOUTORAMENTO_22\INSTRUMENTOS\Instrumentos_espectro_versão 3\CORDAS\VIOLINO\Vln_Orchidea\ordinario\Vln_Orchidea_pp\Vn-ord-F4-pp-4c-N.wav,.wav,ordinario
orchidea,ordinario,pp,F5,F:\DOUTORAMENTO_22\INSTRUMENTOS\Instrumentos_espectro_versão 3\CORDAS\VIOLINO\Vln_Orchidea\ordinario\Vln_Orchidea_pp\Vn-ord-F5-pp-1c-N.wav,.wav,ordinario
orchidea,ordinario,pp,F5,F:\DOUTORAMENTO_22\INSTRUMENTOS\Instrumentos_espectro_versão 3\CORDAS\VIOLINO\Vln_Orchidea\ordinario\Vln_Orchidea_pp\Vn-ord-F5-pp-2c-N.wav,.wav,ordinario
orchidea,ordinario,pp,F5,F:\DOUTORAMENTO_22\INSTRUMENTOS\Instrumentos_espectro_versão 3\CORDAS\VIOLINO\Vln_Orchidea\ordinario\Vln_Orchidea_pp\Vn-ord-F5-pp-3c-N.wav,.wav,ordinario
orchidea,ordinario,pp,F6,F:\DOUTORAMENTO_22\INSTRUMENTOS\Instrumentos_espectro_versão 3\CORDAS\VIOLINO\Vln_Orchidea\ordinario\Vln_Orchidea_pp\Vn-ord-F6-pp-1c-N.wav,.wav,ordinario
orchidea,ordinario,pp,F6,F:\DOUTORAMENTO_22\INSTRUMENTOS\Instrumentos_espectro_versão 3\CORDAS\VIOLINO\Vln_Orchidea\ordinario\Vln_Orchidea_pp\Vn-ord-F6-pp-2c-N.wav,.wav,ordinario
orchidea,ordinario,pp,G#3,F:\DOUTORAMENTO_22\INSTRUMENTOS\Instrumentos_espectro_versão 3\CORDAS\VIOLINO\Vln_Orchidea\ordinario\Vln_Orchidea_pp\Vn-ord-G#3-pp-4c-T15u.wav,.wav,ordinario
orchidea,ordinario,pp,G#4,F:\DOUTORAMENTO_22\INSTRUMENTOS\Instrumentos_espectro_versão 3\CORDAS\VIOLINO\Vln_Orchidea\ordinario\Vln_Orchidea_pp\Vn-ord-G#4-pp-3c-N.wav,.wav,ordinario
orchidea,ordinario,pp,G#4,F:\DOUTORAMENTO_22\INSTRUMENTOS\Instrumentos_espectro_versão 3\CORDAS\VIOLINO\Vln_Orchidea\ordinario\Vln_Orchidea_pp\Vn-ord-G#4-pp-4c-N.wav,.wav,ordinario
orchidea,ordinario,pp,G#5,F:\DOUTORAMENTO_22\INSTRUMENTOS\Instrumentos_espectro_versão 3\CORDAS\VIOLINO\Vln_Orchidea\ordinario\Vln_Orchidea_pp\Vn-ord-G#5-pp-1c-N.wav,.wav,ordinario
orchidea,ordinario,pp,G#5,F:\DOUTORAMENTO_22\INSTRUMENTOS\Instrumentos_espectro_versão 3\CORDAS\VIOLINO\Vln_Orchidea\ordinario\Vln_Orchidea_pp\Vn-ord-G#5-pp-2c-N.wav,.wav,ordinario
orchidea,ordinario,pp,G#5,F:\DOUTORAMENTO_22\INSTRUMENTOS\Instrumentos_espectro_versão 3\CORDAS\VIOLINO\Vln_Orchidea\ordinario\Vln_Orchidea_pp\Vn-ord-G#5-pp-3c-N.wav,.wav,ordinario
orchidea,ordinario,pp,G#6,F:\DOUTORAMENTO_22\INSTRUMENTOS\Instrumentos_espectro_versão 3\CORDAS\VIOLINO\Vln_Orchidea\ordinario\Vln_Orchidea_pp\Vn-ord-G#6-pp-1c-N.wav,.wav,ordinario
orchidea,ordinario,pp,G#6,F:\DOUTORAMENTO_22\INSTRUMENTOS\Instrumentos_espectro_versão 3\CORDAS\VIOLINO\Vln_Orchidea\ordinario\Vln_Orchidea_pp\Vn-ord-G#6-pp-2c-N.wav,.wav,ordinario
orchidea,ordinario,pp,G3,F:\DOUTORAMENTO_22\INSTRUMENTOS\Instrumentos_espectro_versão 3\CORDAS\VIOLINO\Vln_Orchidea\ordinario\Vln_Orchidea_pp\Vn-ord-G3-pp-4c-N.wav,.wav,ordinario
orchidea,ordinario,pp,G4,F:\DOUTORAMENTO_22\INSTRUMENTOS\Instrumentos_espectro_versão 3\CORDAS\VIOLINO\Vln_Orchidea\ordinario\Vln_Orchidea_pp\Vn-ord-G4-pp-3c-N.wav,.wav,ordinario
orchidea,ordinario,pp,G4,F:\DOUTORAMENTO_22\INSTRUMENTOS\Instrumentos_espectro_versão 3\CORDAS\VIOLINO\Vln_Orchidea\ordinario\Vln_Orchidea_pp\Vn-ord-G4-pp-4c-N.wav,.wav,ordinario
orchidea,ordinario,pp,G5,F:\DOUTORAMENTO_22\INSTRUMENTOS\Instrumentos_espectro_versão 3\CORDAS\VIOLINO\Vln_Orchidea\ordinario\Vln_Orchidea_pp\Vn-ord-G5-pp-1c-N.wav,.wav,ordinario
orchidea,ordinario,pp,G5,F:\DOUTORAMENTO_22\INSTRUMENTOS\Instrumentos_espectro_versão 3\CORDAS\VIOLINO\Vln_Orchidea\ordinario\Vln_Orchidea_pp\Vn-ord-G5-pp-2c-N.wav,.wav,ordinario
orchidea,ordinario,pp,G5,F:\DOUTORAMENTO_22\INSTRUMENTOS\Instrumentos_espectro_versão 3\CORDAS\VIOLINO\Vln_Orchidea\ordinario\Vln_Orchidea_pp\Vn-ord-G5-pp-3c-N.wav,.wav,ordinario
orchidea,ordinario,pp,G6,F:\DOUTORAMENTO_22\INSTRUMENTOS\Instrumentos_espectro_versão 3\CORDAS\VIOLINO\Vln_Orchidea\ordinario\Vln_Orchidea_pp\Vn-ord-G6-pp-1c-T12d.wav,.wav,ordinario
orchidea,ordinario,pp,G6,F:\DOUTORAMENTO_22\INSTRUMENTOS\Instrumentos_espectro_versão 3\CORDAS\VIOLINO\Vln_Orchidea\ordinario\Vln_Orchidea_pp\Vn-ord-G6-pp-2c-N.wav,.wav,ordinario
orchidea,ordinario,pp,A#3,F:\DOUTORAMENTO_22\INSTRUMENTOS\Instrumentos_espectro_versão 3\CORDAS\VIOLINO\Vln_Orchidea\ordinario\Vln_Orchidea_pp\_Attacks\Vn-ord-A#3-pp-4c-N_Attacks.wav,.wav,ordinario
orchidea,ordinario,pp,A#4,F:\DOUTORAMENTO_22\INSTRUMENTOS\Instrumentos_espectro_versão 3\CORDAS\VIOLINO\Vln_Orchidea\ordinario\Vln_Orchidea_pp\_Attacks\Vn-ord-A#4-pp-2c-N_Attacks.wav,.wav,ordinario
orchidea,ordinario,pp,A#4,F:\DOUTORAMENTO_22\INSTRUMENTOS\Instrumentos_espectro_versão 3\CORDAS\VIOLINO\Vln_Orchidea\ordinario\Vln_Orchidea_pp\_Attacks\Vn-ord-A#4-pp-3c-N_Attacks.wav,.wav,ordinario
orchidea,ordinario,pp,A#4,F:\DOUTORAMENTO_22\INSTRUMENTOS\Instrumentos_espectro_versão 3\CORDAS\VIOLINO\Vln_Orchidea\ordinario\Vln_Orchidea_pp\_Attacks\Vn-ord-A#4-pp-4c-N_Attacks.wav,.wav,ordinario
orchidea,ordinario,pp,A#5,F:\DOUTORAMENTO_22\INSTRUMENTOS\Instrumentos_espectro_versão 3\CORDAS\VIOLINO\Vln_Orchidea\ordinario\Vln_Orchidea_pp\_Attacks\Vn-ord-A#5-pp-1c-N_Attacks.wav,.wav,ordinario
orchidea,ordinario,pp,A#5,F:\DOUTORAMENTO_22\INSTRUMENTOS\Instrumentos_espectro_versão 3\CORDAS\VIOLINO\Vln_Orchidea\ordinario\Vln_Orchidea_pp\_Attacks\Vn-ord-A#5-pp-2c-N_Attacks.wav,.wav,ordinario
orchidea,ordinario,pp,A#5,F:\DOUTORAMENTO_22\INSTRUMENTOS\Instrumentos_espectro_versão 3\CORDAS\VIOLINO\Vln_Orchidea\ordinario\Vln_Orchidea_pp\_Attacks\Vn-ord-A#5-pp-3c-T10u_Attacks.wav,.wav,ordinario
orchidea,ordinario,pp,A#6,F:\DOUTORAMENTO_22\INSTRUMENTOS\Instrumentos_espectro_versão 3\CORDAS\VIOLINO\Vln_Orchidea\ordinario\Vln_Orchidea_pp\_Attacks\Vn-ord-A#6-pp-1c-N_Attacks.wav,.wav,ordinario
orchidea,ordinario,pp,A3,F:\DOUTORAMENTO_22\INSTRUMENTOS\Instrumentos_espectro_versão 3\CORDAS\VIOLINO\Vln_Orchidea\ordinario\Vln_Orchidea_pp\_Attacks\Vn-ord-A3-pp-4c-N_Attacks.wav,.wav,ordinario
orchidea,ordinario,pp,A4,F:\DOUTORAMENTO_22\INSTRUMENTOS\Instrumentos_espectro_versão 3\CORDAS\VIOLINO\Vln_Orchidea\ordinario\Vln_Orchidea_pp\_Attacks\Vn-ord-A4-pp-2c-N_Attacks.wav,.wav,ordinario
orchidea,ordinario,pp,A4,F:\DOUTORAMENTO_22\INSTRUMENTOS\Instrumentos_espectro_versão 3\CORDAS\VIOLINO\Vln_Orchidea\ordinario\Vln_Orchidea_pp\_Attacks\Vn-ord-A4-pp-3c-N_Attacks.wav,.wav,ordinario
orchidea,ordinario,pp,A4,F:\DOUTORAMENTO_22\INSTRUMENTOS\Instrumentos_espectro_versão 3\CORDAS\VIOLINO\Vln_Orchidea\ordinario\Vln_Orchidea_pp\_Attacks\Vn-ord-A4-pp-4c-N_Attacks.wav,.wav,ordinario
orchidea,ordinario,pp,A5,F:\DOUTORAMENTO_22\INSTRUMENTOS\Instrumentos_espectro_versão 3\CORDAS\VIOLINO\Vln_Orchidea\ordinario\Vln_Orchidea_pp\_Attacks\Vn-ord-A5-pp-1c-N_Attacks.wav,.wav,ordinario
orchidea,ordinario,pp,A5,F:\DOUTORAMENTO_22\INSTRUMENTOS\Instrumentos_espectro_versão 3\CORDAS\VIOLINO\Vln_Orchidea\ordinario\Vln_Orchidea_pp\_Attacks\Vn-ord-A5-pp-2c-N_Attacks.wav,.wav,ordinario
orchidea,ordinario,pp,A5,F:\DOUTORAMENTO_22\INSTRUMENTOS\Instrumentos_espectro_versão 3\CORDAS\VIOLINO\Vln_Orchidea\ordinario\Vln_Orchidea_pp\_Attacks\Vn-ord-A5-pp-3c-N_Attacks.wav,.wav,ordinario
orchidea,ordinario,pp,A6,F:\DOUTORAMENTO_22\INSTRUMENTOS\Instrumentos_espectro_versão 3\CORDAS\VIOLINO\Vln_Orchidea\ordinario\Vln_Orchidea_pp\_Attacks\Vn-ord-A6-pp-1c-N_Attacks.wav,.wav,ordinario
orchidea,ordinario,pp,A6,F:\DOUTORAMENTO_22\INSTRUMENTOS\Instrumentos_espectro_versão 3\CORDAS\VIOLINO\Vln_Orchidea\ordinario\Vln_Orchidea_pp\_Attacks\Vn-ord-A6-pp-2c-N_Attacks.wav,.wav,ordinario
orchidea,ordinario,pp,B3,F:\DOUTORAMENTO_22\INSTRUMENTOS\Instrumentos_espectro_versão 3\CORDAS\VIOLINO\Vln_Orchidea\ordinario\Vln_Orchidea_pp\_Attacks\Vn-ord-B3-pp-4c-T10u_Attacks.wav,.wav,ordinario
orchidea,ordinario,pp,B4,F:\DOUTORAMENTO_22\INSTRUMENTOS\Instrumentos_espectro_versão 3\CORDAS\VIOLINO\Vln_Orchidea\ordinario\Vln_Orchidea_pp\_Attacks\Vn-ord-B4-pp-2c-N_Attacks.wav,.wav,ordinario
orchidea,ordinario,pp,B4,F:\DOUTORAMENTO_22\INSTRUMENTOS\Instrumentos_espectro_versão 3\CORDAS\VIOLINO\Vln_Orchidea\ordinario\Vln_Orchidea_pp\_Attacks\Vn-ord-B4-pp-3c-N_Attacks.wav,.wav,ordinario
orchidea,ordinario,pp,B4,F:\DOUTORAMENTO_22\INSTRUMENTOS\Instrumentos_espectro_versão 3\CORDAS\VIOLINO\Vln_Orchidea\ordinario\Vln_Orchidea_pp\_Attacks\Vn-ord-B4-pp-4c-N_Attacks.wav,.wav,ordinario
orchidea,ordinario,pp,B5,F:\DOUTORAMENTO_22\INSTRUMENTOS\Instrumentos_espectro_versão 3\CORDAS\VIOLINO\Vln_Orchidea\ordinario\Vln_Orchidea_pp\_Attacks\Vn-ord-B5-pp-1c-N_Attacks.wav,.wav,ordinario
orchidea,ordinario,pp,B5,F:\DOUTORAMENTO_22\INSTRUMENTOS\Instrumentos_espectro_versão 3\CORDAS\VIOLINO\Vln_Orchidea\ordinario\Vln_Orchidea_pp\_Attacks\Vn-ord-B5-pp-2c-N_Attacks.wav,.wav,ordinario
orchidea,ordinario,pp,B5,F:\DOUTORAMENTO_22\INSTRUMENTOS\Instrumentos_espectro_versão 3\CORDAS\VIOLINO\Vln_Orchidea\ordinario\Vln_Orchidea_pp\_Attacks\Vn-ord-B5-pp-3c-N_Attacks.wav,.wav,ordinario
orchidea,ordinario,pp,B6,F:\DOUTORAMENTO_22\INSTRUMENTOS\Instrumentos_espectro_versão 3\CORDAS\VIOLINO\Vln_Orchidea\ordinario\Vln_Orchidea_pp\_Attacks\Vn-ord-B6-pp-1c-T12d_Attacks.wav,.wav,ordinario
orchidea,ordinario,pp,C#4,F:\DOUTORAMENTO_22\INSTRUMENTOS\Instrumentos_espectro_versão 3\CORDAS\VIOLINO\Vln_Orchidea\ordinario\Vln_Orchidea_pp\_Attacks\Vn-ord-C#4-pp-4c-N_Attacks.wav,.wav,ordinario
orchidea,ordinario,pp,C#5,F:\DOUTORAMENTO_22\INSTRUMENTOS\Instrumentos_espectro_versão 3\CORDAS\VIOLINO\Vln_Orchidea\ordinario\Vln_Orchidea_pp\_Attacks\Vn-ord-C#5-pp-2c-N_Attacks.wav,.wav,ordinario
orchidea,ordinario,pp,C#5,F:\DOUTORAMENTO_22\INSTRUMENTOS\Instrumentos_espectro_versão 3\CORDAS\VIOLINO\Vln_Orchidea\ordinario\Vln_Orchidea_pp\_Attacks\Vn-ord-C#5-pp-3c-N_Attacks.wav,.wav,ordinario
orchidea,ordinario,pp,C#5,F:\DOUTORAMENTO_22\INSTRUMENTOS\Instrumentos_espectro_versão 3\CORDAS\VIOLINO\Vln_Orchidea\ordinario\Vln_Orchidea_pp\_Attacks\Vn-ord-C#5-pp-4c-N_Attacks.wav,.wav,ordinario
orchidea,ordinario,pp,C#6,F:\DOUTORAMENTO_22\INSTRUMENTOS\Instrumentos_espectro_versão 3\CORDAS\VIOLINO\Vln_Orchidea\ordinario\Vln_Orchidea_pp\_Attacks\Vn-ord-C#6-pp-1c-N_Attacks.wav,.wav,ordinario
orchidea,ordinario,pp,C#6,F:\DOUTORAMENTO_22\INSTRUMENTOS\Instrumentos_espectro_versão 3\CORDAS\VIOLINO\Vln_Orchidea\ordinario\Vln_Orchidea_pp\_Attacks\Vn-ord-C#6-pp-2c-N_Attacks.wav,.wav,ordinario
orchidea,ordinario,pp,C#7,F:\DOUTORAMENTO_22\INSTRUMENTOS\Instrumentos_espectro_versão 3\CORDAS\VIOLINO\Vln_Orchidea\ordinario\Vln_Orchidea_pp\_Attacks\Vn-ord-C#7-pp-1c-T15d_Attacks.wav,.wav,ordinario
orchidea,ordinario,pp,C4,F:\DOUTORAMENTO_22\INSTRUMENTOS\Instrumentos_espectro_versão 3\CORDAS\VIOLINO\Vln_Orchidea\ordinario\Vln_Orchidea_pp\_Attacks\Vn-ord-C4-pp-4c-N_Attacks.wav,.wav,ordinario
orchidea,ordinario,pp,C5,F:\DOUTORAMENTO_22\INSTRUMENTOS\Instrumentos_espectro_versão 3\CORDAS\VIOLINO\Vln_Orchidea\ordinario\Vln_Orchidea_pp\_Attacks\Vn-ord-C5-pp-2c-N_Attacks.wav,.wav,ordinario
orchidea,ordinario,pp,C5,F:\DOUTORAMENTO_22\INSTRUMENTOS\Instrumentos_espectro_versão 3\CORDAS\VIOLINO\Vln_Orchidea\ordinario\Vln_Orchidea_pp\_Attacks\Vn-ord-C5-pp-3c-N_Attacks.wav,.wav,ordinario
orchidea,ordinario,pp,C5,F:\DOUTORAMENTO_22\INSTRUMENTOS\Instrumentos_espectro_versão 3\CORDAS\VIOLINO\Vln_Orchidea\ordinario\Vln_Orchidea_pp\_Attacks\Vn-ord-C5-pp-4c-N_Attacks.wav,.wav,ordinario
orchidea,ordinario,pp,C6,F:\DOUTORAMENTO_22\INSTRUMENTOS\Instrumentos_espectro_versão 3\CORDAS\VIOLINO\Vln_Orchidea\ordinario\Vln_Orchidea_pp\_Attacks\Vn-ord-C6-pp-1c-T11d_Attacks.wav,.wav,ordinario
orchidea,ordinario,pp,C6,F:\DOUTORAMENTO_22\INSTRUMENTOS\Instrumentos_espectro_versão 3\CORDAS\VIOLINO\Vln_Orchidea\ordinario\Vln_Orchidea_pp\_Attacks\Vn-ord-C6-pp-2c-N_Attacks.wav,.wav,ordinario
orchidea,ordinario,pp,C6,F:\DOUTORAMENTO_22\INSTRUMENTOS\Instrumentos_espectro_versão 3\CORDAS\VIOLINO\Vln_Orchidea\ordinario\Vln_Orchidea_pp\_Attacks\Vn-ord-C6-pp-3c-T14d_Attacks.wav,.wav,ordinario
orchidea,ordinario,pp,C7,F:\DOUTORAMENTO_22\INSTRUMENTOS\Instrumentos_espectro_versão 3\CORDAS\VIOLINO\Vln_Orchidea\ordinario\Vln_Orchidea_pp\_Attacks\Vn-ord-C7-pp-1c-T28d_Attacks.wav,.wav,ordinario
orchidea,ordinario,pp,D#4,F:\DOUTORAMENTO_22\INSTRUMENTOS\Instrumentos_espectro_versão 3\CORDAS\VIOLINO\Vln_Orchidea\ordinario\Vln_Orchidea_pp\_Attacks\Vn-ord-D#4-pp-3c-N_Attacks.wav,.wav,ordinario
orchidea,ordinario,pp,D#4,F:\DOUTORAMENTO_22\INSTRUMENTOS\Instrumentos_espectro_versão 3\CORDAS\VIOLINO\Vln_Orchidea\ordinario\Vln_Orchidea_pp\_Attacks\Vn-ord-D#4-pp-4c-N_Attacks.wav,.wav,ordinario
orchidea,ordinario,pp,D#5,F:\DOUTORAMENTO_22\INSTRUMENTOS\Instrumentos_espectro_versão 3\CORDAS\VIOLINO\Vln_Orchidea\ordinario\Vln_Orchidea_pp\_Attacks\Vn-ord-D#5-pp-2c-N_Attacks.wav,.wav,ordinario
orchidea,ordinario,pp,D#5,F:\DOUTORAMENTO_22\INSTRUMENTOS\Instrumentos_espectro_versão 3\CORDAS\VIOLINO\Vln_Orchidea\ordinario\Vln_Orchidea_pp\_Attacks\Vn-ord-D#5-pp-3c-N_Attacks.wav,.wav,ordinario
orchidea,ordinario,pp,D#5,F:\DOUTORAMENTO_22\INSTRUMENTOS\Instrumentos_espectro_versão 3\CORDAS\VIOLINO\Vln_Orchidea\ordinario\Vln_Orchidea_pp\_Attacks\Vn-ord-D#5-pp-4c-N_Attacks.wav,.wav,ordinario
orchidea,ordinario,pp,D#6,F:\DOUTORAMENTO_22\INSTRUMENTOS\Instrumentos_espectro_versão 3\CORDAS\VIOLINO\Vln_Orchidea\ordinario\Vln_Orchidea_pp\_Attacks\Vn-ord-D#6-pp-1c-N_Attacks.wav,.wav,ordinario
orchidea,ordinario,pp,D#6,F:\DOUTORAMENTO_22\INSTRUMENTOS\Instrumentos_espectro_versão 3\CORDAS\VIOLINO\Vln_Orchidea\ordinario\Vln_Orchidea_pp\_Attacks\Vn-ord-D#6-pp-2c-N_Attacks.wav,.wav,ordinario
orchidea,ordinario,pp,D#7,F:\DOUTORAMENTO_22\INSTRUMENTOS\Instrumentos_espectro_versão 3\CORDAS\VIOLINO\Vln_Orchidea\ordinario\Vln_Orchidea_pp\_Attacks\Vn-ord-D#7-pp-1c-T16d_Attacks.wav,.wav,ordinario
orchidea,ordinario,pp,D4,F:\DOUTORAMENTO_22\INSTRUMENTOS\Instrumentos_espectro_versão 3\CORDAS\VIOLINO\Vln_Orchidea\ordinario\Vln_Orchidea_pp\_Attacks\Vn-ord-D4-pp-3c-N_Attacks.wav,.wav,ordinario
orchidea,ordinario,pp,D4,F:\DOUTORAMENTO_22\INSTRUMENTOS\Instrumentos_espectro_versão 3\CORDAS\VIOLINO\Vln_Orchidea\ordinario\Vln_Orchidea_pp\_Attacks\Vn-ord-D4-pp-4c-N_Attacks.wav,.wav,ordinario
orchidea,ordinario,pp,D5,F:\DOUTORAMENTO_22\INSTRUMENTOS\Instrumentos_espectro_versão 3\CORDAS\VIOLINO\Vln_Orchidea\ordinario\Vln_Orchidea_pp\_Attacks\Vn-ord-D5-pp-2c-N_Attacks.wav,.wav,ordinario
orchidea,ordinario,pp,D5,F:\DOUTORAMENTO_22\INSTRUMENTOS\Instrumentos_espectro_versão 3\CORDAS\VIOLINO\Vln_Orchidea\ordinario\Vln_Orchidea_pp\_Attacks\Vn-ord-D5-pp-3c-N_Attacks.wav,.wav,ordinario
orchidea,ordinario,pp,D5,F:\DOUTORAMENTO_22\INSTRUMENTOS\Instrumentos_espectro_versão 3\CORDAS\VIOLINO\Vln_Orchidea\ordinario\Vln_Orchidea_pp\_Attacks\Vn-ord-D5-pp-4c-N_Attacks.wav,.wav,ordinario
orchidea,ordinario,pp,D6,F:\DOUTORAMENTO_22\INSTRUMENTOS\Instrumentos_espectro_versão 3\CORDAS\VIOLINO\Vln_Orchidea\ordinario\Vln_Orchidea_pp\_Attacks\Vn-ord-D6-pp-1c-N_Attacks.wav,.wav,ordinario
orchidea,ordinario,pp,D6,F:\DOUTORAMENTO_22\INSTRUMENTOS\Instrumentos_espectro_versão 3\CORDAS\VIOLINO\Vln_Orchidea\ordinario\Vln_Orchidea_pp\_Attacks\Vn-ord-D6-pp-2c-N_Attacks.wav,.wav,ordinario
orchidea,ordinario,pp,D7,F:\DOUTORAMENTO_22\INSTRUMENTOS\Instrumentos_espectro_versão 3\CORDAS\VIOLINO\Vln_Orchidea\ordinario\Vln_Orchidea_pp\_Attacks\Vn-ord-D7-pp-1c-T17d_Attacks.wav,.wav,ordinario
orchidea,ordinario,pp,E4,F:\DOUTORAMENTO_22\INSTRUMENTOS\Instrumentos_espectro_versão 3\CORDAS\VIOLINO\Vln_Orchidea\ordinario\Vln_Orchidea_pp\_Attacks\Vn-ord-E4-pp-3c-N_Attacks.wav,.wav,ordinario
orchidea,ordinario,pp,E4,F:\DOUTORAMENTO_22\INSTRUMENTOS\Instrumentos_espectro_versão 3\CORDAS\VIOLINO\Vln_Orchidea\ordinario\Vln_Orchidea_pp\_Attacks\Vn-ord-E4-pp-4c-N_Attacks.wav,.wav,ordinario
orchidea,ordinario,pp,E5,F:\DOUTORAMENTO_22\INSTRUMENTOS\Instrumentos_espectro_versão 3\CORDAS\VIOLINO\Vln_Orchidea\ordinario\Vln_Orchidea_pp\_Attacks\Vn-ord-E5-pp-1c-N_Attacks.wav,.wav,ordinario
orchidea,ordinario,pp,E5,F:\DOUTORAMENTO_22\INSTRUMENTOS\Instrumentos_espectro_versão 3\CORDAS\VIOLINO\Vln_Orchidea\ordinario\Vln_Orchidea_pp\_Attacks\Vn-ord-E5-pp-2c-N_Attacks.wav,.wav,ordinario
orchidea,ordinario,pp,E5,F:\DOUTORAMENTO_22\INSTRUMENTOS\Instrumentos_espectro_versão 3\CORDAS\VIOLINO\Vln_Orchidea\ordinario\Vln_Orchidea_pp\_Attacks\Vn-ord-E5-pp-3c-N_Attacks.wav,.wav,ordinario
orchidea,ordinario,pp,E5,F:\DOUTORAMENTO_22\INSTRUMENTOS\Instrumentos_espectro_versão 3\CORDAS\VIOLINO\Vln_Orchidea\ordinario\Vln_Orchidea_pp\_Attacks\Vn-ord-E5-pp-4c-N_Attacks.wav,.wav,ordinario
orchidea,ordinario,pp,E6,F:\DOUTORAMENTO_22\INSTRUMENTOS\Instrumentos_espectro_versão 3\CORDAS\VIOLINO\Vln_Orchidea\ordinario\Vln_Orchidea_pp\_Attacks\Vn-ord-E6-pp-1c-N_Attacks.wav,.wav,ordinario
orchidea,ordinario,pp,E6,F:\DOUTORAMENTO_22\INSTRUMENTOS\Instrumentos_espectro_versão 3\CORDAS\VIOLINO\Vln_Orchidea\ordinario\Vln_Orchidea_pp\_Attacks\Vn-ord-E6-pp-2c-N_Attacks.wav,.wav,ordinario
orchidea,ordinario,pp,E7,F:\DOUTORAMENTO_22\INSTRUMENTOS\Instrumentos_espectro_versão 3\CORDAS\VIOLINO\Vln_Orchidea\ordinario\Vln_Orchidea_pp\_Attacks\Vn-ord-E7-pp-1c-T21d_Attacks.wav,.wav,ordinario
orchidea,ordinario,pp,F#4,F:\DOUTORAMENTO_22\INSTRUMENTOS\Instrumentos_espectro_versão 3\CORDAS\VIOLINO\Vln_Orchidea\ordinario\Vln_Orchidea_pp\_Attacks\Vn-ord-F#4-pp-3c-N_Attacks.wav,.wav,ordinario
orchidea,ordinario,pp,F#4,F:\DOUTORAMENTO_22\INSTRUMENTOS\Instrumentos_espectro_versão 3\CORDAS\VIOLINO\Vln_Orchidea\ordinario\Vln_Orchidea_pp\_Attacks\Vn-ord-F#4-pp-4c-N_Attacks.wav,.wav,ordinario
orchidea,ordinario,pp,F#5,F:\DOUTORAMENTO_22\INSTRUMENTOS\Instrumentos_espectro_versão 3\CORDAS\VIOLINO\Vln_Orchidea\ordinario\Vln_Orchidea_pp\_Attacks\Vn-ord-F#5-pp-1c-N_Attacks.wav,.wav,ordinario
orchidea,ordinario,pp,F#5,F:\DOUTORAMENTO_22\INSTRUMENTOS\Instrumentos_espectro_versão 3\CORDAS\VIOLINO\Vln_Orchidea\ordinario\Vln_Orchidea_pp\_Attacks\Vn-ord-F#5-pp-2c-N_Attacks.wav,.wav,ordinario
orchidea,ordinario,pp,F#5,F:\DOUTORAMENTO_22\INSTRUMENTOS\Instrumentos_espectro_versão 3\CORDAS\VIOLINO\Vln_Orchidea\ordinario\Vln_Orchidea_pp\_Attacks\Vn-ord-F#5-pp-3c-N_Attacks.wav,.wav,ordinario
orchidea,ordinario,pp,F#6,F:\DOUTORAMENTO_22\INSTRUMENTOS\Instrumentos_espectro_versão 3\CORDAS\VIOLINO\Vln_Orchidea\ordinario\Vln_Orchidea_pp\_Attacks\Vn-ord-F#6-pp-1c-T12d_Attacks.wav,.wav,ordinario
orchidea,ordinario,pp,F#6,F:\DOUTORAMENTO_22\INSTRUMENTOS\Instrumentos_espectro_versão 3\CORDAS\VIOLINO\Vln_Orchidea\ordinario\Vln_Orchidea_pp\_Attacks\Vn-ord-F#6-pp-2c-N_Attacks.wav,.wav,ordinario
orchidea,ordinario,pp,F4,F:\DOUTORAMENTO_22\INSTRUMENTOS\Instrumentos_espectro_versão 3\CORDAS\VIOLINO\Vln_Orchidea\ordinario\Vln_Orchidea_pp\_Attacks\Vn-ord-F4-pp-3c-N_Attacks.wav,.wav,ordinario
orchidea,ordinario,pp,F4,F:\DOUTORAMENTO_22\INSTRUMENTOS\Instrumentos_espectro_versão 3\CORDAS\VIOLINO\Vln_Orchidea\ordinario\Vln_Orchidea_pp\_Attacks\Vn-ord-F4-pp-4c-N_Attacks.wav,.wav,ordinario
orchidea,ordinario,pp,F5,F:\DOUTORAMENTO_22\INSTRUMENTOS\Instrumentos_espectro_versão 3\CORDAS\VIOLINO\Vln_Orchidea\ordinario\Vln_Orchidea_pp\_Attacks\Vn-ord-F5-pp-1c-N_Attacks.wav,.wav,ordinario
orchidea,ordinario,pp,F5,F:\DOUTORAMENTO_22\INSTRUMENTOS\Instrumentos_espectro_versão 3\CORDAS\VIOLINO\Vln_Orchidea\ordinario\Vln_Orchidea_pp\_Attacks\Vn-ord-F5-pp-2c-N_Attacks.wav,.wav,ordinario
orchidea,ordinario,pp,F5,F:\DOUTORAMENTO_22\INSTRUMENTOS\Instrumentos_espectro_versão 3\CORDAS\VIOLINO\Vln_Orchidea\ordinario\Vln_Orchidea_pp\_Attacks\Vn-ord-F5-pp-3c-N_Attacks.wav,.wav,ordinario
orchidea,ordinario,pp,F6,F:\DOUTORAMENTO_22\INSTRUMENTOS\Instrumentos_espectro_versão 3\CORDAS\VIOLINO\Vln_Orchidea\ordinario\Vln_Orchidea_pp\_Attacks\Vn-ord-F6-pp-1c-N_Attacks.wav,.wav,ordinario
orchidea,ordinario,pp,F6,F:\DOUTORAMENTO_22\INSTRUMENTOS\Instrumentos_espectro_versão 3\CORDAS\VIOLINO\Vln_Orchidea\ordinario\Vln_Orchidea_pp\_Attacks\Vn-ord-F6-pp-2c-N_Attacks.wav,.wav,ordinario
orchidea,ordinario,pp,G#3,F:\DOUTORAMENTO_22\INSTRUMENTOS\Instrumentos_espectro_versão 3\CORDAS\VIOLINO\Vln_Orchidea\ordinario\Vln_Orchidea_pp\_Attacks\Vn-ord-G#3-pp-4c-T15u_Attacks.wav,.wav,ordinario
orchidea,ordinario,pp,G#4,F:\DOUTORAMENTO_22\INSTRUMENTOS\Instrumentos_espectro_versão 3\CORDAS\VIOLINO\Vln_Orchidea\ordinario\Vln_Orchidea_pp\_Attacks\Vn-ord-G#4-pp-3c-N_Attacks.wav,.wav,ordinario
orchidea,ordinario,pp,G#4,F:\DOUTORAMENTO_22\INSTRUMENTOS\Instrumentos_espectro_versão 3\CORDAS\VIOLINO\Vln_Orchidea\ordinario\Vln_Orchidea_pp\_Attacks\Vn-ord-G#4-pp-4c-N_Attacks.wav,.wav,ordinario
orchidea,ordinario,pp,G#5,F:\DOUTORAMENTO_22\INSTRUMENTOS\Instrumentos_espectro_versão 3\CORDAS\VIOLINO\Vln_Orchidea\ordinario\Vln_Orchidea_pp\_Attacks\Vn-ord-G#5-pp-1c-N_Attacks.wav,.wav,ordinario
orchidea,ordinario,pp,G#5,F:\DOUTORAMENTO_22\INSTRUMENTOS\Instrumentos_espectro_versão 3\CORDAS\VIOLINO\Vln_Orchidea\ordinario\Vln_Orchidea_pp\_Attacks\Vn-ord-G#5-pp-2c-N_Attacks.wav,.wav,ordinario
orchidea,ordinario,pp,G#5,F:\DOUTORAMENTO_22\INSTRUMENTOS\Instrumentos_espectro_versão 3\CORDAS\VIOLINO\Vln_Orchidea\ordinario\Vln_Orchidea_pp\_Attacks\Vn-ord-G#5-pp-3c-N_Attacks.wav,.wav,ordinario
orchidea,ordinario,pp,G#6,F:\DOUTORAMENTO_22\INSTRUMENTOS\Instrumentos_espectro_versão 3\CORDAS\VIOLINO\Vln_Orchidea\ordinario\Vln_Orchidea_pp\_Attacks\Vn-ord-G#6-pp-1c-N_Attacks.wav,.wav,ordinario
orchidea,ordinario,pp,G#6,F:\DOUTORAMENTO_22\INSTRUMENTOS\Instrumentos_espectro_versão 3\CORDAS\VIOLINO\Vln_Orchidea\ordinario\Vln_Orchidea_pp\_Attacks\Vn-ord-G#6-pp-2c-N_Attacks.wav,.wav,ordinario
orchidea,ordinario,pp,G3,F:\DOUTORAMENTO_22\INSTRUMENTOS\Instrumentos_espectro_versão 3\CORDAS\VIOLINO\Vln_Orchidea\ordinario\Vln_Orchidea_pp\_Attacks\Vn-ord-G3-pp-4c-N_Attacks.wav,.wav,ordinario
orchidea,ordinario,pp,G4,F:\DOUTORAMENTO_22\INSTRUMENTOS\Instrumentos_espectro_versão 3\CORDAS\VIOLINO\Vln_Orchidea\ordinario\Vln_Orchidea_pp\_Attacks\Vn-ord-G4-pp-3c-N_Attacks.wav,.wav,ordinario
orchidea,ordinario,pp,G4,F:\DOUTORAMENTO_22\INSTRUMENTOS\Instrumentos_espectro_versão 3\CORDAS\VIOLINO\Vln_Orchidea\ordinario\Vln_Orchidea_pp\_Attacks\Vn-ord-G4-pp-4c-N_Attacks.wav,.wav,ordinario
orchidea,ordinario,pp,G5,F:\DOUTORAMENTO_22\INSTRUMENTOS\Instrumentos_espectro_versão 3\CORDAS\VIOLINO\Vln_Orchidea\ordinario\Vln_Orchidea_pp\_Attacks\Vn-ord-G5-pp-1c-N_Attacks.wav,.wav,ordinario
orchidea,ordinario,pp,G5,F:\DOUTORAMENTO_22\INSTRUMENTOS\Instrumentos_espectro_versão 3\CORDAS\VIOLINO\Vln_Orchidea\ordinario\Vln_Orchidea_pp\_Attacks\Vn-ord-G5-pp-2c-N_Attacks.wav,.wav,ordinario
orchidea,ordinario,pp,G5,F:\DOUTORAMENTO_22\INSTRUMENTOS\Instrumentos_espectro_versão 3\CORDAS\VIOLINO\Vln_Orchidea\ordinario\Vln_Orchidea_pp\_Attacks\Vn-ord-G5-pp-3c-N_Attacks.wav,.wav,ordinario
orchidea,ordinario,pp,G6,F:\DOUTORAMENTO_22\INSTRUMENTOS\Instrumentos_espectro_versão 3\CORDAS\VIOLINO\Vln_Orchidea\ordinario\Vln_Orchidea_pp\_Attacks\Vn-ord-G6-pp-1c-T12d_Attacks.wav,.wav,ordinario
orchidea,ordinario,pp,G6,F:\DOUTORAMENTO_22\INSTRUMENTOS\Instrumentos_espectro_versão 3\CORDAS\VIOLINO\Vln_Orchidea\ordinario\Vln_Orchidea_pp\_Attacks\Vn-ord-G6-pp-2c-N_Attacks.wav,.wav,ordinario
orchidea,ordinario,pp,A#3,F:\DOUTORAMENTO_22\INSTRUMENTOS\Instrumentos_espectro_versão 3\CORDAS\VIOLINO\Vln_Orchidea\ordinario\Vln_Orchidea_pp\_Decays\Vn-ord-A#3-pp-4c-N_Decays.wav,.wav,ordinario
orchidea,ordinario,pp,A#4,F:\DOUTORAMENTO_22\INSTRUMENTOS\Instrumentos_espectro_versão 3\CORDAS\VIOLINO\Vln_Orchidea\ordinario\Vln_Orchidea_pp\_Decays\Vn-ord-A#4-pp-2c-N_Decays.wav,.wav,ordinario
orchidea,ordinario,pp,A#4,F:\DOUTORAMENTO_22\INSTRUMENTOS\Instrumentos_espectro_versão 3\CORDAS\VIOLINO\Vln_Orchidea\ordinario\Vln_Orchidea_pp\_Decays\Vn-ord-A#4-pp-3c-N_Decays.wav,.wav,ordinario
orchidea,ordinario,pp,A#4,F:\DOUTORAMENTO_22\INSTRUMENTOS\Instrumentos_espectro_versão 3\CORDAS\VIOLINO\Vln_Orchidea\ordinario\Vln_Orchidea_pp\_Decays\Vn-ord-A#4-pp-4c-N_Decays.wav,.wav,ordinario
orchidea,ordinario,pp,A#5,F:\DOUTORAMENTO_22\INSTRUMENTOS\Instrumentos_espectro_versão 3\CORDAS\VIOLINO\Vln_Orchidea\ordinario\Vln_Orchidea_pp\_Decays\Vn-ord-A#5-pp-1c-N_Decays.wav,.wav,ordinario
orchidea,ordinario,pp,A#5,F:\DOUTORAMENTO_22\INSTRUMENTOS\Instrumentos_espectro_versão 3\CORDAS\VIOLINO\Vln_Orchidea\ordinario\Vln_Orchidea_pp\_Decays\Vn-ord-A#5-pp-2c-N_Decays.wav,.wav,ordinario
orchidea,ordinario,pp,A#5,F:\DOUTORAMENTO_22\INSTRUMENTOS\Instrumentos_espectro_versão 3\CORDAS\VIOLINO\Vln_Orchidea\ordinario\Vln_Orchidea_pp\_Decays\Vn-ord-A#5-pp-3c-T10u_Decays.wav,.wav,ordinario
orchidea,ordinario,pp,A#6,F:\DOUTORAMENTO_22\INSTRUMENTOS\Instrumentos_espectro_versão 3\CORDAS\VIOLINO\Vln_Orchidea\ordinario\Vln_Orchidea_pp\_Decays\Vn-ord-A#6-pp-1c-N_Decays.wav,.wav,ordinario
orchidea,ordinario,pp,A3,F:\DOUTORAMENTO_22\INSTRUMENTOS\Instrumentos_espectro_versão 3\CORDAS\VIOLINO\Vln_Orchidea\ordinario\Vln_Orchidea_pp\_Decays\Vn-ord-A3-pp-4c-N_Decays.wav,.wav,ordinario
orchidea,ordinario,pp,A4,F:\DOUTORAMENTO_22\INSTRUMENTOS\Instrumentos_espectro_versão 3\CORDAS\VIOLINO\Vln_Orchidea\ordinario\Vln_Orchidea_pp\_Decays\Vn-ord-A4-pp-2c-N_Decays.wav,.wav,ordinario
orchidea,ordinario,pp,A4,F:\DOUTORAMENTO_22\INSTRUMENTOS\Instrumentos_espectro_versão 3\CORDAS\VIOLINO\Vln_Orchidea\ordinario\Vln_Orchidea_pp\_Decays\Vn-ord-A4-pp-3c-N_Decays.wav,.wav,ordinario
orchidea,ordinario,pp,A4,F:\DOUTORAMENTO_22\INSTRUMENTOS\Instrumentos_espectro_versão 3\CORDAS\VIOLINO\Vln_Orchidea\ordinario\Vln_Orchidea_pp\_Decays\Vn-ord-A4-pp-4c-N_Decays.wav,.wav,ordinario
orchidea,ordinario,pp,A5,F:\DOUTORAMENTO_22\INSTRUMENTOS\Instrumentos_espectro_versão 3\CORDAS\VIOLINO\Vln_Orchidea\ordinario\Vln_Orchidea_pp\_Decays\Vn-ord-A5-pp-1c-N_Decays.wav,.wav,ordinario
orchidea,ordinario,pp,A5,F:\DOUTORAMENTO_22\INSTRUMENTOS\Instrumentos_espectro_versão 3\CORDAS\VIOLINO\Vln_Orchidea\ordinario\Vln_Orchidea_pp\_Decays\Vn-ord-A5-pp-2c-N_Decays.wav,.wav,ordinario
orchidea,ordinario,pp,A5,F:\DOUTORAMENTO_22\INSTRUMENTOS\Instrumentos_espectro_versão 3\CORDAS\VIOLINO\Vln_Orchidea\ordinario\Vln_Orchidea_pp\_Decays\Vn-ord-A5-pp-3c-N_Decays.wav,.wav,ordinario
orchidea,ordinario,pp,A6,F:\DOUTORAMENTO_22\INSTRUMENTOS\Instrumentos_espectro_versão 3\CORDAS\VIOLINO\Vln_Orchidea\ordinario\Vln_Orchidea_pp\_Decays\Vn-ord-A6-pp-1c-N_Decays.wav,.wav,ordinario
orchidea,ordinario,pp,A6,F:\DOUTORAMENTO_22\INSTRUMENTOS\Instrumentos_espectro_versão 3\CORDAS\VIOLINO\Vln_Orchidea\ordinario\Vln_Orchidea_pp\_Decays\Vn-ord-A6-pp-2c-N_Decays.wav,.wav,ordinario
orchidea,ordinario,pp,B3,F:\DOUTORAMENTO_22\INSTRUMENTOS\Instrumentos_espectro_versão 3\CORDAS\VIOLINO\Vln_Orchidea\ordinario\Vln_Orchidea_pp\_Decays\Vn-ord-B3-pp-4c-T10u_Decays.wav,.wav,ordinario
orchidea,ordinario,pp,B4,F:\DOUTORAMENTO_22\INSTRUMENTOS\Instrumentos_espectro_versão 3\CORDAS\VIOLINO\Vln_Orchidea\ordinario\Vln_Orchidea_pp\_Decays\Vn-ord-B4-pp-2c-N_Decays.wav,.wav,ordinario
orchidea,ordinario,pp,B4,F:\DOUTORAMENTO_22\INSTRUMENTOS\Instrumentos_espectro_versão 3\CORDAS\VIOLINO\Vln_Orchidea\ordinario\Vln_Orchidea_pp\_Decays\Vn-ord-B4-pp-3c-N_Decays.wav,.wav,ordinario
orchidea,ordinario,pp,B4,F:\DOUTORAMENTO_22\INSTRUMENTOS\Instrumentos_espectro_versão 3\CORDAS\VIOLINO\Vln_Orchidea\ordinario\Vln_Orchidea_pp\_Decays\Vn-ord-B4-pp-4c-N_Decays.wav,.wav,ordinario
orchidea,ordinario,pp,B5,F:\DOUTORAMENTO_22\INSTRUMENTOS\Instrumentos_espectro_versão 3\CORDAS\VIOLINO\Vln_Orchidea\ordinario\Vln_Orchidea_pp\_Decays\Vn-ord-B5-pp-1c-N_Decays.wav,.wav,ordinario
orchidea,ordinario,pp,B5,F:\DOUTORAMENTO_22\INSTRUMENTOS\Instrumentos_espectro_versão 3\CORDAS\VIOLINO\Vln_Orchidea\ordinario\Vln_Orchidea_pp\_Decays\Vn-ord-B5-pp-2c-N_Decays.wav,.wav,ordinario
orchidea,ordinario,pp,B5,F:\DOUTORAMENTO_22\INSTRUMENTOS\Instrumentos_espectro_versão 3\CORDAS\VIOLINO\Vln_Orchidea\ordinario\Vln_Orchidea_pp\_Decays\Vn-ord-B5-pp-3c-N_Decays.wav,.wav,ordinario
orchidea,ordinario,pp,B6,F:\DOUTORAMENTO_22\INSTRUMENTOS\Instrumentos_espectro_versão 3\CORDAS\VIOLINO\Vln_Orchidea\ordinario\Vln_Orchidea_pp\_Decays\Vn-ord-B6-pp-1c-T12d_Decays.wav,.wav,ordinario
orchidea,ordinario,pp,C#4,F:\DOUTORAMENTO_22\INSTRUMENTOS\Instrumentos_espectro_versão 3\CORDAS\VIOLINO\Vln_Orchidea\ordinario\Vln_Orchidea_pp\_Decays\Vn-ord-C#4-pp-4c-N_Decays.wav,.wav,ordinario
orchidea,ordinario,pp,C#5,F:\DOUTORAMENTO_22\INSTRUMENTOS\Instrumentos_espectro_versão 3\CORDAS\VIOLINO\Vln_Orchidea\ordinario\Vln_Orchidea_pp\_Decays\Vn-ord-C#5-pp-2c-N_Decays.wav,.wav,ordinario
orchidea,ordinario,pp,C#5,F:\DOUTORAMENTO_22\INSTRUMENTOS\Instrumentos_espectro_versão 3\CORDAS\VIOLINO\Vln_Orchidea\ordinario\Vln_Orchidea_pp\_Decays\Vn-ord-C#5-pp-3c-N_Decays.wav,.wav,ordinario
orchidea,ordinario,pp,C#5,F:\DOUTORAMENTO_22\INSTRUMENTOS\Instrumentos_espectro_versão 3\CORDAS\VIOLINO\Vln_Orchidea\ordinario\Vln_Orchidea_pp\_Decays\Vn-ord-C#5-pp-4c-N_Decays.wav,.wav,ordinario
orchidea,ordinario,pp,C#6,F:\DOUTORAMENTO_22\INSTRUMENTOS\Instrumentos_espectro_versão 3\CORDAS\VIOLINO\Vln_Orchidea\ordinario\Vln_Orchidea_pp\_Decays\Vn-ord-C#6-pp-1c-N_Decays.wav,.wav,ordinario
orchidea,ordinario,pp,C#6,F:\DOUTORAMENTO_22\INSTRUMENTOS\Instrumentos_espectro_versão 3\CORDAS\VIOLINO\Vln_Orchidea\ordinario\Vln_Orchidea_pp\_Decays\Vn-ord-C#6-pp-2c-N_Decays.wav,.wav,ordinario
orchidea,ordinario,pp,C#7,F:\DOUTORAMENTO_22\INSTRUMENTOS\Instrumentos_espectro_versão 3\CORDAS\VIOLINO\Vln_Orchidea\ordinario\Vln_Orchidea_pp\_Decays\Vn-ord-C#7-pp-1c-T15d_Decays.wav,.wav,ordinario
orchidea,ordinario,pp,C4,F:\DOUTORAMENTO_22\INSTRUMENTOS\Instrumentos_espectro_versão 3\CORDAS\VIOLINO\Vln_Orchidea\ordinario\Vln_Orchidea_pp\_Decays\Vn-ord-C4-pp-4c-N_Decays.wav,.wav,ordinario
orchidea,ordinario,pp,C5,F:\DOUTORAMENTO_22\INSTRUMENTOS\Instrumentos_espectro_versão 3\CORDAS\VIOLINO\Vln_Orchidea\ordinario\Vln_Orchidea_pp\_Decays\Vn-ord-C5-pp-2c-N_Decays.wav,.wav,ordinario
orchidea,ordinario,pp,C5,F:\DOUTORAMENTO_22\INSTRUMENTOS\Instrumentos_espectro_versão 3\CORDAS\VIOLINO\Vln_Orchidea\ordinario\Vln_Orchidea_pp\_Decays\Vn-ord-C5-pp-3c-N_Decays.wav,.wav,ordinario
orchidea,ordinario,pp,C5,F:\DOUTORAMENTO_22\INSTRUMENTOS\Instrumentos_espectro_versão 3\CORDAS\VIOLINO\Vln_Orchidea\ordinario\Vln_Orchidea_pp\_Decays\Vn-ord-C5-pp-4c-N_Decays.wav,.wav,ordinario
orchidea,ordinario,pp,C6,F:\DOUTORAMENTO_22\INSTRUMENTOS\Instrumentos_espectro_versão 3\CORDAS\VIOLINO\Vln_Orchidea\ordinario\Vln_Orchidea_pp\_Decays\Vn-ord-C6-pp-1c-T11d_Decays.wav,.wav,ordinario
orchidea,ordinario,pp,C6,F:\DOUTORAMENTO_22\INSTRUMENTOS\Instrumentos_espectro_versão 3\CORDAS\VIOLINO\Vln_Orchidea\ordinario\Vln_Orchidea_pp\_Decays\Vn-ord-C6-pp-2c-N_Decays.wav,.wav,ordinario
orchidea,ordinario,pp,C6,F:\DOUTORAMENTO_22\INSTRUMENTOS\Instrumentos_espectro_versão 3\CORDAS\VIOLINO\Vln_Orchidea\ordinario\Vln_Orchidea_pp\_Decays\Vn-ord-C6-pp-3c-T14d_Decays.wav,.wav,ordinario
orchidea,ordinario,pp,C7,F:\DOUTORAMENTO_22\INSTRUMENTOS\Instrumentos_espectro_versão 3\CORDAS\VIOLINO\Vln_Orchidea\ordinario\Vln_Orchidea_pp\_Decays\Vn-ord-C7-pp-1c-T28d_Decays.wav,.wav,ordinario
orchidea,ordinario,pp,D#4,F:\DOUTORAMENTO_22\INSTRUMENTOS\Instrumentos_espectro_versão 3\CORDAS\VIOLINO\Vln_Orchidea\ordinario\Vln_Orchidea_pp\_Decays\Vn-ord-D#4-pp-3c-N_Decays.wav,.wav,ordinario
orchidea,ordinario,pp,D#4,F:\DOUTORAMENTO_22\INSTRUMENTOS\Instrumentos_espectro_versão 3\CORDAS\VIOLINO\Vln_Orchidea\ordinario\Vln_Orchidea_pp\_Decays\Vn-ord-D#4-pp-4c-N_Decays.wav,.wav,ordinario
orchidea,ordinario,pp,D#5,F:\DOUTORAMENTO_22\INSTRUMENTOS\Instrumentos_espectro_versão 3\CORDAS\VIOLINO\Vln_Orchidea\ordinario\Vln_Orchidea_pp\_Decays\Vn-ord-D#5-pp-2c-N_Decays.wav,.wav,ordinario
orchidea,ordinario,pp,D#5,F:\DOUTORAMENTO_22\INSTRUMENTOS\Instrumentos_espectro_versão 3\CORDAS\VIOLINO\Vln_Orchidea\ordinario\Vln_Orchidea_pp\_Decays\Vn-ord-D#5-pp-3c-N_Decays.wav,.wav,ordinario
orchidea,ordinario,pp,D#5,F:\DOUTORAMENTO_22\INSTRUMENTOS\Instrumentos_espectro_versão 3\CORDAS\VIOLINO\Vln_Orchidea\ordinario\Vln_Orchidea_pp\_Decays\Vn-ord-D#5-pp-4c-N_Decays.wav,.wav,ordinario
orchidea,ordinario,pp,D#6,F:\DOUTORAMENTO_22\INSTRUMENTOS\Instrumentos_espectro_versão 3\CORDAS\VIOLINO\Vln_Orchidea\ordinario\Vln_Orchidea_pp\_Decays\Vn-ord-D#6-pp-1c-N_Decays.wav,.wav,ordinario
orchidea,ordinario,pp,D#6,F:\DOUTORAMENTO_22\INSTRUMENTOS\Instrumentos_espectro_versão 3\CORDAS\VIOLINO\Vln_Orchidea\ordinario\Vln_Orchidea_pp\_Decays\Vn-ord-D#6-pp-2c-N_Decays.wav,.wav,ordinario
orchidea,ordinario,pp,D#7,F:\DOUTORAMENTO_22\INSTRUMENTOS\Instrumentos_espectro_versão 3\CORDAS\VIOLINO\Vln_Orchidea\ordinario\Vln_Orchidea_pp\_Decays\Vn-ord-D#7-pp-1c-T16d_Decays.wav,.wav,ordinario
orchidea,ordinario,pp,D4,F:\DOUTORAMENTO_22\INSTRUMENTOS\Instrumentos_espectro_versão 3\CORDAS\VIOLINO\Vln_Orchidea\ordinario\Vln_Orchidea_pp\_Decays\Vn-ord-D4-pp-3c-N_Decays.wav,.wav,ordinario
orchidea,ordinario,pp,D4,F:\DOUTORAMENTO_22\INSTRUMENTOS\Instrumentos_espectro_versão 3\CORDAS\VIOLINO\Vln_Orchidea\ordinario\Vln_Orchidea_pp\_Decays\Vn-ord-D4-pp-4c-N_Decays.wav,.wav,ordinario
orchidea,ordinario,pp,D5,F:\DOUTORAMENTO_22\INSTRUMENTOS\Instrumentos_espectro_versão 3\CORDAS\VIOLINO\Vln_Orchidea\ordinario\Vln_Orchidea_pp\_Decays\Vn-ord-D5-pp-2c-N_Decays.wav,.wav,ordinario
orchidea,ordinario,pp,D5,F:\DOUTORAMENTO_22\INSTRUMENTOS\Instrumentos_espectro_versão 3\CORDAS\VIOLINO\Vln_Orchidea\ordinario\Vln_Orchidea_pp\_Decays\Vn-ord-D5-pp-3c-N_Decays.wav,.wav,ordinario
orchidea,ordinario,pp,D5,F:\DOUTORAMENTO_22\INSTRUMENTOS\Instrumentos_espectro_versão 3\CORDAS\VIOLINO\Vln_Orchidea\ordinario\Vln_Orchidea_pp\_Decays\Vn-ord-D5-pp-4c-N_Decays.wav,.wav,ordinario
orchidea,ordinario,pp,D6,F:\DOUTORAMENTO_22\INSTRUMENTOS\Instrumentos_espectro_versão 3\CORDAS\VIOLINO\Vln_Orchidea\ordinario\Vln_Orchidea_pp\_Decays\Vn-ord-D6-pp-1c-N_Decays.wav,.wav,ordinario
orchidea,ordinario,pp,D6,F:\DOUTORAMENTO_22\INSTRUMENTOS\Instrumentos_espectro_versão 3\CORDAS\VIOLINO\Vln_Orchidea\ordinario\Vln_Orchidea_pp\_Decays\Vn-ord-D6-pp-2c-N_Decays.wav,.wav,ordinario
orchidea,ordinario,pp,D7,F:\DOUTORAMENTO_22\INSTRUMENTOS\Instrumentos_espectro_versão 3\CORDAS\VIOLINO\Vln_Orchidea\ordinario\Vln_Orchidea_pp\_Decays\Vn-ord-D7-pp-1c-T17d_Decays.wav,.wav,ordinario
orchidea,ordinario,pp,E4,F:\DOUTORAMENTO_22\INSTRUMENTOS\Instrumentos_espectro_versão 3\CORDAS\VIOLINO\Vln_Orchidea\ordinario\Vln_Orchidea_pp\_Decays\Vn-ord-E4-pp-3c-N_Decays.wav,.wav,ordinario
orchidea,ordinario,pp,E4,F:\DOUTORAMENTO_22\INSTRUMENTOS\Instrumentos_espectro_versão 3\CORDAS\VIOLINO\Vln_Orchidea\ordinario\Vln_Orchidea_pp\_Decays\Vn-ord-E4-pp-4c-N_Decays.wav,.wav,ordinario
orchidea,ordinario,pp,E5,F:\DOUTORAMENTO_22\INSTRUMENTOS\Instrumentos_espectro_versão 3\CORDAS\VIOLINO\Vln_Orchidea\ordinario\Vln_Orchidea_pp\_Decays\Vn-ord-E5-pp-1c-N_Decays.wav,.wav,ordinario
orchidea,ordinario,pp,E5,F:\DOUTORAMENTO_22\INSTRUMENTOS\Instrumentos_espectro_versão 3\CORDAS\VIOLINO\Vln_Orchidea\ordinario\Vln_Orchidea_pp\_Decays\Vn-ord-E5-pp-2c-N_Decays.wav,.wav,ordinario
orchidea,ordinario,pp,E5,F:\DOUTORAMENTO_22\INSTRUMENTOS\Instrumentos_espectro_versão 3\CORDAS\VIOLINO\Vln_Orchidea\ordinario\Vln_Orchidea_pp\_Decays\Vn-ord-E5-pp-3c-N_Decays.wav,.wav,ordinario
orchidea,ordinario,pp,E5,F:\DOUTORAMENTO_22\INSTRUMENTOS\Instrumentos_espectro_versão 3\CORDAS\VIOLINO\Vln_Orchidea\ordinario\Vln_Orchidea_pp\_Decays\Vn-ord-E5-pp-4c-N_Decays.wav,.wav,ordinario
orchidea,ordinario,pp,E6,F:\DOUTORAMENTO_22\INSTRUMENTOS\Instrumentos_espectro_versão 3\CORDAS\VIOLINO\Vln_Orchidea\ordinario\Vln_Orchidea_pp\_Decays\Vn-ord-E6-pp-1c-N_Decays.wav,.wav,ordinario
orchidea,ordinario,pp,E6,F:\DOUTORAMENTO_22\INSTRUMENTOS\Instrumentos_espectro_versão 3\CORDAS\VIOLINO\Vln_Orchidea\ordinario\Vln_Orchidea_pp\_Decays\Vn-ord-E6-pp-2c-N_Decays.wav,.wav,ordinario
orchidea,ordinario,pp,E7,F:\DOUTORAMENTO_22\INSTRUMENTOS\Instrumentos_espectro_versão 3\CORDAS\VIOLINO\Vln_Orchidea\ordinario\Vln_Orchidea_pp\_Decays\Vn-ord-E7-pp-1c-T21d_Decays.wav,.wav,ordinario
orchidea,ordinario,pp,F#4,F:\DOUTORAMENTO_22\INSTRUMENTOS\Instrumentos_espectro_versão 3\CORDAS\VIOLINO\Vln_Orchidea\ordinario\Vln_Orchidea_pp\_Decays\Vn-ord-F#4-pp-3c-N_Decays.wav,.wav,ordinario
orchidea,ordinario,pp,F#4,F:\DOUTORAMENTO_22\INSTRUMENTOS\Instrumentos_espectro_versão 3\CORDAS\VIOLINO\Vln_Orchidea\ordinario\Vln_Orchidea_pp\_Decays\Vn-ord-F#4-pp-4c-N_Decays.wav,.wav,ordinario
orchidea,ordinario,pp,F#5,F:\DOUTORAMENTO_22\INSTRUMENTOS\Instrumentos_espectro_versão 3\CORDAS\VIOLINO\Vln_Orchidea\ordinario\Vln_Orchidea_pp\_Decays\Vn-ord-F#5-pp-1c-N_Decays.wav,.wav,ordinario
orchidea,ordinario,pp,F#5,F:\DOUTORAMENTO_22\INSTRUMENTOS\Instrumentos_espectro_versão 3\CORDAS\VIOLINO\Vln_Orchidea\ordinario\Vln_Orchidea_pp\_Decays\Vn-ord-F#5-pp-2c-N_Decays.wav,.wav,ordinario
orchidea,ordinario,pp,F#5,F:\DOUTORAMENTO_22\INSTRUMENTOS\Instrumentos_espectro_versão 3\CORDAS\VIOLINO\Vln_Orchidea\ordinario\Vln_Orchidea_pp\_Decays\Vn-ord-F#5-pp-3c-N_Decays.wav,.wav,ordinario
orchidea,ordinario,pp,F#6,F:\DOUTORAMENTO_22\INSTRUMENTOS\Instrumentos_espectro_versão 3\CORDAS\VIOLINO\Vln_Orchidea\ordinario\Vln_Orchidea_pp\_Decays\Vn-ord-F#6-pp-1c-T12d_Decays.wav,.wav,ordinario
orchidea,ordinario,pp,F#6,F:\DOUTORAMENTO_22\INSTRUMENTOS\Instrumentos_espectro_versão 3\CORDAS\VIOLINO\Vln_Orchidea\ordinario\Vln_Orchidea_pp\_Decays\Vn-ord-F#6-pp-2c-N_Decays.wav,.wav,ordinario
orchidea,ordinario,pp,F4,F:\DOUTORAMENTO_22\INSTRUMENTOS\Instrumentos_espectro_versão 3\CORDAS\VIOLINO\Vln_Orchidea\ordinario\Vln_Orchidea_pp\_Decays\Vn-ord-F4-pp-3c-N_Decays.wav,.wav,ordinario
orchidea,ordinario,pp,F4,F:\DOUTORAMENTO_22\INSTRUMENTOS\Instrumentos_espectro_versão 3\CORDAS\VIOLINO\Vln_Orchidea\ordinario\Vln_Orchidea_pp\_Decays\Vn-ord-F4-pp-4c-N_Decays.wav,.wav,ordinario
orchidea,ordinario,pp,F5,F:\DOUTORAMENTO_22\INSTRUMENTOS\Instrumentos_espectro_versão 3\CORDAS\VIOLINO\Vln_Orchidea\ordinario\Vln_Orchidea_pp\_Decays\Vn-ord-F5-pp-1c-N_Decays.wav,.wav,ordinario
orchidea,ordinario,pp,F5,F:\DOUTORAMENTO_22\INSTRUMENTOS\Instrumentos_espectro_versão 3\CORDAS\VIOLINO\Vln_Orchidea\ordinario\Vln_Orchidea_pp\_Decays\Vn-ord-F5-pp-2c-N_Decays.wav,.wav,ordinario
orchidea,ordinario,pp,F5,F:\DOUTORAMENTO_22\INSTRUMENTOS\Instrumentos_espectro_versão 3\CORDAS\VIOLINO\Vln_Orchidea\ordinario\Vln_Orchidea_pp\_Decays\Vn-ord-F5-pp-3c-N_Decays.wav,.wav,ordinario
orchidea,ordinario,pp,F6,F:\DOUTORAMENTO_22\INSTRUMENTOS\Instrumentos_espectro_versão 3\CORDAS\VIOLINO\Vln_Orchidea\ordinario\Vln_Orchidea_pp\_Decays\Vn-ord-F6-pp-1c-N_Decays.wav,.wav,ordinario
orchidea,ordinario,pp,F6,F:\DOUTORAMENTO_22\INSTRUMENTOS\Instrumentos_espectro_versão 3\CORDAS\VIOLINO\Vln_Orchidea\ordinario\Vln_Orchidea_pp\_Decays\Vn-ord-F6-pp-2c-N_Decays.wav,.wav,ordinario
orchidea,ordinario,pp,G#3,F:\DOUTORAMENTO_22\INSTRUMENTOS\Instrumentos_espectro_versão 3\CORDAS\VIOLINO\Vln_Orchidea\ordinario\Vln_Orchidea_pp\_Decays\Vn-ord-G#3-pp-4c-T15u_Decays.wav,.wav,ordinario
orchidea,ordinario,pp,G#4,F:\DOUTORAMENTO_22\INSTRUMENTOS\Instrumentos_espectro_versão 3\CORDAS\VIOLINO\Vln_Orchidea\ordinario\Vln_Orchidea_pp\_Decays\Vn-ord-G#4-pp-3c-N_Decays.wav,.wav,ordinario
orchidea,ordinario,pp,G#4,F:\DOUTORAMENTO_22\INSTRUMENTOS\Instrumentos_espectro_versão 3\CORDAS\VIOLINO\Vln_Orchidea\ordinario\Vln_Orchidea_pp\_Decays\Vn-ord-G#4-pp-4c-N_Decays.wav,.wav,ordinario
orchidea,ordinario,pp,G#5,F:\DOUTORAMENTO_22\INSTRUMENTOS\Instrumentos_espectro_versão 3\CORDAS\VIOLINO\Vln_Orchidea\ordinario\Vln_Orchidea_pp\_Decays\Vn-ord-G#5-pp-1c-N_Decays.wav,.wav,ordinario
orchidea,ordinario,pp,G#5,F:\DOUTORAMENTO_22\INSTRUMENTOS\Instrumentos_espectro_versão 3\CORDAS\VIOLINO\Vln_Orchidea\ordinario\Vln_Orchidea_pp\_Decays\Vn-ord-G#5-pp-2c-N_Decays.wav,.wav,ordinario
orchidea,ordinario,pp,G#5,F:\DOUTORAMENTO_22\INSTRUMENTOS\Instrumentos_espectro_versão 3\CORDAS\VIOLINO\Vln_Orchidea\ordinario\Vln_Orchidea_pp\_Decays\Vn-ord-G#5-pp-3c-N_Decays.wav,.wav,ordinario
orchidea,ordinario,pp,G#6,F:\DOUTORAMENTO_22\INSTRUMENTOS\Instrumentos_espectro_versão 3\CORDAS\VIOLINO\Vln_Orchidea\ordinario\Vln_Orchidea_pp\_Decays\Vn-ord-G#6-pp-1c-N_Decays.wav,.wav,ordinario
orchidea,ordinario,pp,G#6,F:\DOUTORAMENTO_22\INSTRUMENTOS\Instrumentos_espectro_versão 3\CORDAS\VIOLINO\Vln_Orchidea\ordinario\Vln_Orchidea_pp\_Decays\Vn-ord-G#6-pp-2c-N_Decays.wav,.wav,ordinario
orchidea,ordinario,pp,G3,F:\DOUTORAMENTO_22\INSTRUMENTOS\Instrumentos_espectro_versão 3\CORDAS\VIOLINO\Vln_Orchidea\ordinario\Vln_Orchidea_pp\_Decays\Vn-ord-G3-pp-4c-N_Decays.wav,.wav,ordinario
orchidea,ordinario,pp,G4,F:\DOUTORAMENTO_22\INSTRUMENTOS\Instrumentos_espectro_versão 3\CORDAS\VIOLINO\Vln_Orchidea\ordinario\Vln_Orchidea_pp\_Decays\Vn-ord-G4-pp-3c-N_Decays.wav,.wav,ordinario
orchidea,ordinario,pp,G4,F:\DOUTORAMENTO_22\INSTRUMENTOS\Instrumentos_espectro_versão 3\CORDAS\VIOLINO\Vln_Orchidea\ordinario\Vln_Orchidea_pp\_Decays\Vn-ord-G4-pp-4c-N_Decays.wav,.wav,ordinario
orchidea,ordinario,pp,G5,F:\DOUTORAMENTO_22\INSTRUMENTOS\Instrumentos_espectro_versão 3\CORDAS\VIOLINO\Vln_Orchidea\ordinario\Vln_Orchidea_pp\_Decays\Vn-ord-G5-pp-1c-N_Decays.wav,.wav,ordinario
orchidea,ordinario,pp,G5,F:\DOUTORAMENTO_22\INSTRUMENTOS\Instrumentos_espectro_versão 3\CORDAS\VIOLINO\Vln_Orchidea\ordinario\Vln_Orchidea_pp\_Decays\Vn-ord-G5-pp-2c-N_Decays.wav,.wav,ordinario
orchidea,ordinario,pp,G5,F:\DOUTORAMENTO_22\INSTRUMENTOS\Instrumentos_espectro_versão 3\CORDAS\VIOLINO\Vln_Orchidea\ordinario\Vln_Orchidea_pp\_Decays\Vn-ord-G5-pp-3c-N_Decays.wav,.wav,ordinario
orchidea,ordinario,pp,G6,F:\DOUTORAMENTO_22\INSTRUMENTOS\Instrumentos_espectro_versão 3\CORDAS\VIOLINO\Vln_Orchidea\ordinario\Vln_Orchidea_pp\_Decays\Vn-ord-G6-pp-1c-T12d_Decays.wav,.wav,ordinario
orchidea,ordinario,pp,G6,F:\DOUTORAMENTO_22\INSTRUMENTOS\Instrumentos_espectro_versão 3\CORDAS\VIOLINO\Vln_Orchidea\ordinario\Vln_Orchidea_pp\_Decays\Vn-ord-G6-pp-2c-N_Decays.wav,.wav,ordinario
orchidea,ordinario,pp,A#3,F:\DOUTORAMENTO_22\INSTRUMENTOS\Instrumentos_espectro_versão 3\CORDAS\VIOLINO\Vln_Orchidea\ordinario\Vln_Orchidea_pp\_Sustains\Vn-ord-A#3-pp-4c-N_Sustains.wav,.wav,ordinario
orchidea,ordinario,pp,A#4,F:\DOUTORAMENTO_22\INSTRUMENTOS\Instrumentos_espectro_versão 3\CORDAS\VIOLINO\Vln_Orchidea\ordinario\Vln_Orchidea_pp\_Sustains\Vn-ord-A#4-pp-2c-N_Sustains.wav,.wav,ordinario
orchidea,ordinario,pp,A#4,F:\DOUTORAMENTO_22\INSTRUMENTOS\Instrumentos_espectro_versão 3\CORDAS\VIOLINO\Vln_Orchidea\ordinario\Vln_Orchidea_pp\_Sustains\Vn-ord-A#4-pp-3c-N_Sustains.wav,.wav,ordinario
orchidea,ordinario,pp,A#4,F:\DOUTORAMENTO_22\INSTRUMENTOS\Instrumentos_espectro_versão 3\CORDAS\VIOLINO\Vln_Orchidea\ordinario\Vln_Orchidea_pp\_Sustains\Vn-ord-A#4-pp-4c-N_Sustains.wav,.wav,ordinario
orchidea,ordinario,pp,A#5,F:\DOUTORAMENTO_22\INSTRUMENTOS\Instrumentos_espectro_versão 3\CORDAS\VIOLINO\Vln_Orchidea\ordinario\Vln_Orchidea_pp\_Sustains\Vn-ord-A#5-pp-1c-N_Sustains.wav,.wav,ordinario
orchidea,ordinario,pp,A#5,F:\DOUTORAMENTO_22\INSTRUMENTOS\Instrumentos_espectro_versão 3\CORDAS\VIOLINO\Vln_Orchidea\ordinario\Vln_Orchidea_pp\_Sustains\Vn-ord-A#5-pp-2c-N_Sustains.wav,.wav,ordinario
orchidea,ordinario,pp,A#5,F:\DOUTORAMENTO_22\INSTRUMENTOS\Instrumentos_espectro_versão 3\CORDAS\VIOLINO\Vln_Orchidea\ordinario\Vln_Orchidea_pp\_Sustains\Vn-ord-A#5-pp-3c-T10u_Sustains.wav,.wav,ordinario
orchidea,ordinario,pp,A#6,F:\DOUTORAMENTO_22\INSTRUMENTOS\Instrumentos_espectro_versão 3\CORDAS\VIOLINO\Vln_Orchidea\ordinario\Vln_Orchidea_pp\_Sustains\Vn-ord-A#6-pp-1c-N_Sustains.wav,.wav,ordinario
orchidea,ordinario,pp,A3,F:\DOUTORAMENTO_22\INSTRUMENTOS\Instrumentos_espectro_versão 3\CORDAS\VIOLINO\Vln_Orchidea\ordinario\Vln_Orchidea_pp\_Sustains\Vn-ord-A3-pp-4c-N_Sustains.wav,.wav,ordinario
orchidea,ordinario,pp,A4,F:\DOUTORAMENTO_22\INSTRUMENTOS\Instrumentos_espectro_versão 3\CORDAS\VIOLINO\Vln_Orchidea\ordinario\Vln_Orchidea_pp\_Sustains\Vn-ord-A4-pp-2c-N_Sustains.wav,.wav,ordinario
orchidea,ordinario,pp,A4,F:\DOUTORAMENTO_22\INSTRUMENTOS\Instrumentos_espectro_versão 3\CORDAS\VIOLINO\Vln_Orchidea\ordinario\Vln_Orchidea_pp\_Sustains\Vn-ord-A4-pp-3c-N_Sustains.wav,.wav,ordinario
orchidea,ordinario,pp,A4,F:\DOUTORAMENTO_22\INSTRUMENTOS\Instrumentos_espectro_versão 3\CORDAS\VIOLINO\Vln_Orchidea\ordinario\Vln_Orchidea_pp\_Sustains\Vn-ord-A4-pp-4c-N_Sustains.wav,.wav,ordinario
orchidea,ordinario,pp,A5,F:\DOUTORAMENTO_22\INSTRUMENTOS\Instrumentos_espectro_versão 3\CORDAS\VIOLINO\Vln_Orchidea\ordinario\Vln_Orchidea_pp\_Sustains\Vn-ord-A5-pp-1c-N_Sustains.wav,.wav,ordinario
orchidea,ordinario,pp,A5,F:\DOUTORAMENTO_22\INSTRUMENTOS\Instrumentos_espectro_versão 3\CORDAS\VIOLINO\Vln_Orchidea\ordinario\Vln_Orchidea_pp\_Sustains\Vn-ord-A5-pp-2c-N_Sustains.wav,.wav,ordinario
orchidea,ordinario,pp,A5,F:\DOUTORAMENTO_22\INSTRUMENTOS\Instrumentos_espectro_versão 3\CORDAS\VIOLINO\Vln_Orchidea\ordinario\Vln_Orchidea_pp\_Sustains\Vn-ord-A5-pp-3c-N_Sustains.wav,.wav,ordinario
orchidea,ordinario,pp,A6,F:\DOUTORAMENTO_22\INSTRUMENTOS\Instrumentos_espectro_versão 3\CORDAS\VIOLINO\Vln_Orchidea\ordinario\Vln_Orchidea_pp\_Sustains\Vn-ord-A6-pp-1c-N_Sustains.wav,.wav,ordinario
orchidea,ordinario,pp,A6,F:\DOUTORAMENTO_22\INSTRUMENTOS\Instrumentos_espectro_versão 3\CORDAS\VIOLINO\Vln_Orchidea\ordinario\Vln_Orchidea_pp\_Sustains\Vn-ord-A6-pp-2c-N_Sustains.wav,.wav,ordinario
orchidea,ordinario,pp,B3,F:\DOUTORAMENTO_22\INSTRUMENTOS\Instrumentos_espectro_versão 3\CORDAS\VIOLINO\Vln_Orchidea\ordinario\Vln_Orchidea_pp\_Sustains\Vn-ord-B3-pp-4c-T10u_Sustains.wav,.wav,ordinario
orchidea,ordinario,pp,B4,F:\DOUTORAMENTO_22\INSTRUMENTOS\Instrumentos_espectro_versão 3\CORDAS\VIOLINO\Vln_Orchidea\ordinario\Vln_Orchidea_pp\_Sustains\Vn-ord-B4-pp-2c-N_Sustains.wav,.wav,ordinario
orchidea,ordinario,pp,B4,F:\DOUTORAMENTO_22\INSTRUMENTOS\Instrumentos_espectro_versão 3\CORDAS\VIOLINO\Vln_Orchidea\ordinario\Vln_Orchidea_pp\_Sustains\Vn-ord-B4-pp-3c-N_Sustains.wav,.wav,ordinario
orchidea,ordinario,pp,B4,F:\DOUTORAMENTO_22\INSTRUMENTOS\Instrumentos_espectro_versão 3\CORDAS\VIOLINO\Vln_Orchidea\ordinario\Vln_Orchidea_pp\_Sustains\Vn-ord-B4-pp-4c-N_Sustains.wav,.wav,ordinario
orchidea,ordinario,pp,B5,F:\DOUTORAMENTO_22\INSTRUMENTOS\Instrumentos_espectro_versão 3\CORDAS\VIOLINO\Vln_Orchidea\ordinario\Vln_Orchidea_pp\_Sustains\Vn-ord-B5-pp-1c-N_Sustains.wav,.wav,ordinario
orchidea,ordinario,pp,B5,F:\DOUTORAMENTO_22\INSTRUMENTOS\Instrumentos_espectro_versão 3\CORDAS\VIOLINO\Vln_Orchidea\ordinario\Vln_Orchidea_pp\_Sustains\Vn-ord-B5-pp-2c-N_Sustains.wav,.wav,ordinario
orchidea,ordinario,pp,B5,F:\DOUTORAMENTO_22\INSTRUMENTOS\Instrumentos_espectro_versão 3\CORDAS\VIOLINO\Vln_Orchidea\ordinario\Vln_Orchidea_pp\_Sustains\Vn-ord-B5-pp-3c-N_Sustains.wav,.wav,ordinario
orchidea,ordinario,pp,B6,F:\DOUTORAMENTO_22\INSTRUMENTOS\Instrumentos_espectro_versão 3\CORDAS\VIOLINO\Vln_Orchidea\ordinario\Vln_Orchidea_pp\_Sustains\Vn-ord-B6-pp-1c-T12d_Sustains.wav,.wav,ordinario
orchidea,ordinario,pp,C#4,F:\DOUTORAMENTO_22\INSTRUMENTOS\Instrumentos_espectro_versão 3\CORDAS\VIOLINO\Vln_Orchidea\ordinario\Vln_Orchidea_pp\_Sustains\Vn-ord-C#4-pp-4c-N_Sustains.wav,.wav,ordinario
orchidea,ordinario,pp,C#5,F:\DOUTORAMENTO_22\INSTRUMENTOS\Instrumentos_espectro_versão 3\CORDAS\VIOLINO\Vln_Orchidea\ordinario\Vln_Orchidea_pp\_Sustains\Vn-ord-C#5-pp-2c-N_Sustains.wav,.wav,ordinario
orchidea,ordinario,pp,C#5,F:\DOUTORAMENTO_22\INSTRUMENTOS\Instrumentos_espectro_versão 3\CORDAS\VIOLINO\Vln_Orchidea\ordinario\Vln_Orchidea_pp\_Sustains\Vn-ord-C#5-pp-3c-N_Sustains.wav,.wav,ordinario
orchidea,ordinario,pp,C#5,F:\DOUTORAMENTO_22\INSTRUMENTOS\Instrumentos_espectro_versão 3\CORDAS\VIOLINO\Vln_Orchidea\ordinario\Vln_Orchidea_pp\_Sustains\Vn-ord-C#5-pp-4c-N_Sustains.wav,.wav,ordinario
orchidea,ordinario,pp,C#6,F:\DOUTORAMENTO_22\INSTRUMENTOS\Instrumentos_espectro_versão 3\CORDAS\VIOLINO\Vln_Orchidea\ordinario\Vln_Orchidea_pp\_Sustains\Vn-ord-C#6-pp-1c-N_Sustains.wav,.wav,ordinario
orchidea,ordinario,pp,C#6,F:\DOUTORAMENTO_22\INSTRUMENTOS\Instrumentos_espectro_versão 3\CORDAS\VIOLINO\Vln_Orchidea\ordinario\Vln_Orchidea_pp\_Sustains\Vn-ord-C#6-pp-2c-N_Sustains.wav,.wav,ordinario
orchidea,ordinario,pp,C#7,F:\DOUTORAMENTO_22\INSTRUMENTOS\Instrumentos_espectro_versão 3\CORDAS\VIOLINO\Vln_Orchidea\ordinario\Vln_Orchidea_pp\_Sustains\Vn-ord-C#7-pp-1c-T15d_Sustains.wav,.wav,ordinario
orchidea,ordinario,pp,C4,F:\DOUTORAMENTO_22\INSTRUMENTOS\Instrumentos_espectro_versão 3\CORDAS\VIOLINO\Vln_Orchidea\ordinario\Vln_Orchidea_pp\_Sustains\Vn-ord-C4-pp-4c-N_Sustains.wav,.wav,ordinario
orchidea,ordinario,pp,C5,F:\DOUTORAMENTO_22\INSTRUMENTOS\Instrumentos_espectro_versão 3\CORDAS\VIOLINO\Vln_Orchidea\ordinario\Vln_Orchidea_pp\_Sustains\Vn-ord-C5-pp-2c-N_Sustains.wav,.wav,ordinario
orchidea,ordinario,pp,C5,F:\DOUTORAMENTO_22\INSTRUMENTOS\Instrumentos_espectro_versão 3\CORDAS\VIOLINO\Vln_Orchidea\ordinario\Vln_Orchidea_pp\_Sustains\Vn-ord-C5-pp-3c-N_Sustains.wav,.wav,ordinario
orchidea,ordinario,pp,C5,F:\DOUTORAMENTO_22\INSTRUMENTOS\Instrumentos_espectro_versão 3\CORDAS\VIOLINO\Vln_Orchidea\ordinario\Vln_Orchidea_pp\_Sustains\Vn-ord-C5-pp-4c-N_Sustains.wav,.wav,ordinario
orchidea,ordinario,pp,C6,F:\DOUTORAMENTO_22\INSTRUMENTOS\Instrumentos_espectro_versão 3\CORDAS\VIOLINO\Vln_Orchidea\ordinario\Vln_Orchidea_pp\_Sustains\Vn-ord-C6-pp-1c-T11d_Sustains.wav,.wav,ordinario
orchidea,ordinario,pp,C6,F:\DOUTORAMENTO_22\INSTRUMENTOS\Instrumentos_espectro_versão 3\CORDAS\VIOLINO\Vln_Orchidea\ordinario\Vln_Orchidea_pp\_Sustains\Vn-ord-C6-pp-2c-N_Sustains.wav,.wav,ordinario
orchidea,ordinario,pp,C6,F:\DOUTORAMENTO_22\INSTRUMENTOS\Instrumentos_espectro_versão 3\CORDAS\VIOLINO\Vln_Orchidea\ordinario\Vln_Orchidea_pp\_Sustains\Vn-ord-C6-pp-3c-T14d_Sustains.wav,.wav,ordinario
orchidea,ordinario,pp,C7,F:\DOUTORAMENTO_22\INSTRUMENTOS\Instrumentos_espectro_versão 3\CORDAS\VIOLINO\Vln_Orchidea\ordinario\Vln_Orchidea_pp\_Sustains\Vn-ord-C7-pp-1c-T28d_Sustains.wav,.wav,ordinario
orchidea,ordinario,pp,D#4,F:\DOUTORAMENTO_22\INSTRUMENTOS\Instrumentos_espectro_versão 3\CORDAS\VIOLINO\Vln_Orchidea\ordinario\Vln_Orchidea_pp\_Sustains\Vn-ord-D#4-pp-3c-N_Sustains.wav,.wav,ordinario
orchidea,ordinario,pp,D#4,F:\DOUTORAMENTO_22\INSTRUMENTOS\Instrumentos_espectro_versão 3\CORDAS\VIOLINO\Vln_Orchidea\ordinario\Vln_Orchidea_pp\_Sustains\Vn-ord-D#4-pp-4c-N_Sustains.wav,.wav,ordinario
orchidea,ordinario,pp,D#5,F:\DOUTORAMENTO_22\INSTRUMENTOS\Instrumentos_espectro_versão 3\CORDAS\VIOLINO\Vln_Orchidea\ordinario\Vln_Orchidea_pp\_Sustains\Vn-ord-D#5-pp-2c-N_Sustains.wav,.wav,ordinario
orchidea,ordinario,pp,D#5,F:\DOUTORAMENTO_22\INSTRUMENTOS\Instrumentos_espectro_versão 3\CORDAS\VIOLINO\Vln_Orchidea\ordinario\Vln_Orchidea_pp\_Sustains\Vn-ord-D#5-pp-3c-N_Sustains.wav,.wav,ordinario
orchidea,ordinario,pp,D#5,F:\DOUTORAMENTO_22\INSTRUMENTOS\Instrumentos_espectro_versão 3\CORDAS\VIOLINO\Vln_Orchidea\ordinario\Vln_Orchidea_pp\_Sustains\Vn-ord-D#5-pp-4c-N_Sustains.wav,.wav,ordinario
orchidea,ordinario,pp,D#6,F:\DOUTORAMENTO_22\INSTRUMENTOS\Instrumentos_espectro_versão 3\CORDAS\VIOLINO\Vln_Orchidea\ordinario\Vln_Orchidea_pp\_Sustains\Vn-ord-D#6-pp-1c-N_Sustains.wav,.wav,ordinario
orchidea,ordinario,pp,D#6,F:\DOUTORAMENTO_22\INSTRUMENTOS\Instrumentos_espectro_versão 3\CORDAS\VIOLINO\Vln_Orchidea\ordinario\Vln_Orchidea_pp\_Sustains\Vn-ord-D#6-pp-2c-N_Sustains.wav,.wav,ordinario
orchidea,ordinario,pp,D#7,F:\DOUTORAMENTO_22\INSTRUMENTOS\Instrumentos_espectro_versão 3\CORDAS\VIOLINO\Vln_Orchidea\ordinario\Vln_Orchidea_pp\_Sustains\Vn-ord-D#7-pp-1c-T16d_Sustains.wav,.wav,ordinario
orchidea,ordinario,pp,D4,F:\DOUTORAMENTO_22\INSTRUMENTOS\Instrumentos_espectro_versão 3\CORDAS\VIOLINO\Vln_Orchidea\ordinario\Vln_Orchidea_pp\_Sustains\Vn-ord-D4-pp-3c-N_Sustains.wav,.wav,ordinario
orchidea,ordinario,pp,D4,F:\DOUTORAMENTO_22\INSTRUMENTOS\Instrumentos_espectro_versão 3\CORDAS\VIOLINO\Vln_Orchidea\ordinario\Vln_Orchidea_pp\_Sustains\Vn-ord-D4-pp-4c-N_Sustains.wav,.wav,ordinario
orchidea,ordinario,pp,D5,F:\DOUTORAMENTO_22\INSTRUMENTOS\Instrumentos_espectro_versão 3\CORDAS\VIOLINO\Vln_Orchidea\ordinario\Vln_Orchidea_pp\_Sustains\Vn-ord-D5-pp-2c-N_Sustains.wav,.wav,ordinario
orchidea,ordinario,pp,D5,F:\DOUTORAMENTO_22\INSTRUMENTOS\Instrumentos_espectro_versão 3\CORDAS\VIOLINO\Vln_Orchidea\ordinario\Vln_Orchidea_pp\_Sustains\Vn-ord-D5-pp-3c-N_Sustains.wav,.wav,ordinario
orchidea,ordinario,pp,D5,F:\DOUTORAMENTO_22\INSTRUMENTOS\Instrumentos_espectro_versão 3\CORDAS\VIOLINO\Vln_Orchidea\ordinario\Vln_Orchidea_pp\_Sustains\Vn-ord-D5-pp-4c-N_Sustains.wav,.wav,ordinario
orchidea,ordinario,pp,D6,F:\DOUTORAMENTO_22\INSTRUMENTOS\Instrumentos_espectro_versão 3\CORDAS\VIOLINO\Vln_Orchidea\ordinario\Vln_Orchidea_pp\_Sustains\Vn-ord-D6-pp-1c-N_Sustains.wav,.wav,ordinario
orchidea,ordinario,pp,D6,F:\DOUTORAMENTO_22\INSTRUMENTOS\Instrumentos_espectro_versão 3\CORDAS\VIOLINO\Vln_Orchidea\ordinario\Vln_Orchidea_pp\_Sustains\Vn-ord-D6-pp-2c-N_Sustains.wav,.wav,ordinario
orchidea,ordinario,pp,D7,F:\DOUTORAMENTO_22\INSTRUMENTOS\Instrumentos_espectro_versão 3\CORDAS\VIOLINO\Vln_Orchidea\ordinario\Vln_Orchidea_pp\_Sustains\Vn-ord-D7-pp-1c-T17d_Sustains.wav,.wav,ordinario
orchidea,ordinario,pp,E4,F:\DOUTORAMENTO_22\INSTRUMENTOS\Instrumentos_espectro_versão 3\CORDAS\VIOLINO\Vln_Orchidea\ordinario\Vln_Orchidea_pp\_Sustains\Vn-ord-E4-pp-3c-N_Sustains.wav,.wav,ordinario
orchidea,ordinario,pp,E4,F:\DOUTORAMENTO_22\INSTRUMENTOS\Instrumentos_espectro_versão 3\CORDAS\VIOLINO\Vln_Orchidea\ordinario\Vln_Orchidea_pp\_Sustains\Vn-ord-E4-pp-4c-N_Sustains.wav,.wav,ordinario
orchidea,ordinario,pp,E5,F:\DOUTORAMENTO_22\INSTRUMENTOS\Instrumentos_espectro_versão 3\CORDAS\VIOLINO\Vln_Orchidea\ordinario\Vln_Orchidea_pp\_Sustains\Vn-ord-E5-pp-1c-N_Sustains.wav,.wav,ordinario
orchidea,ordinario,pp,E5,F:\DOUTORAMENTO_22\INSTRUMENTOS\Instrumentos_espectro_versão 3\CORDAS\VIOLINO\Vln_Orchidea\ordinario\Vln_Orchidea_pp\_Sustains\Vn-ord-E5-pp-2c-N_Sustains.wav,.wav,ordinario
orchidea,ordinario,pp,E5,F:\DOUTORAMENTO_22\INSTRUMENTOS\Instrumentos_espectro_versão 3\CORDAS\VIOLINO\Vln_Orchidea\ordinario\Vln_Orchidea_pp\_Sustains\Vn-ord-E5-pp-3c-N_Sustains.wav,.wav,ordinario
orchidea,ordinario,pp,E5,F:\DOUTORAMENTO_22\INSTRUMENTOS\Instrumentos_espectro_versão 3\CORDAS\VIOLINO\Vln_Orchidea\ordinario\Vln_Orchidea_pp\_Sustains\Vn-ord-E5-pp-4c-N_Sustains.wav,.wav,ordinario
orchidea,ordinario,pp,E6,F:\DOUTORAMENTO_22\INSTRUMENTOS\Instrumentos_espectro_versão 3\CORDAS\VIOLINO\Vln_Orchidea\ordinario\Vln_Orchidea_pp\_Sustains\Vn-ord-E6-pp-1c-N_Sustains.wav,.wav,ordinario
orchidea,ordinario,pp,E6,F:\DOUTORAMENTO_22\INSTRUMENTOS\Instrumentos_espectro_versão 3\CORDAS\VIOLINO\Vln_Orchidea\ordinario\Vln_Orchidea_pp\_Sustains\Vn-ord-E6-pp-2c-N_Sustains.wav,.wav,ordinario
orchidea,ordinario,pp,E7,F:\DOUTORAMENTO_22\INSTRUMENTOS\Instrumentos_espectro_versão 3\CORDAS\VIOLINO\Vln_Orchidea\ordinario\Vln_Orchidea_pp\_Sustains\Vn-ord-E7-pp-1c-T21d_Sustains.wav,.wav,ordinario
orchidea,ordinario,pp,F#4,F:\DOUTORAMENTO_22\INSTRUMENTOS\Instrumentos_espectro_versão 3\CORDAS\VIOLINO\Vln_Orchidea\ordinario\Vln_Orchidea_pp\_Sustains\Vn-ord-F#4-pp-3c-N_Sustains.wav,.wav,ordinario
orchidea,ordinario,pp,F#4,F:\DOUTORAMENTO_22\INSTRUMENTOS\Instrumentos_espectro_versão 3\CORDAS\VIOLINO\Vln_Orchidea\ordinario\Vln_Orchidea_pp\_Sustains\Vn-ord-F#4-pp-4c-N_Sustains.wav,.wav,ordinario
orchidea,ordinario,pp,F#5,F:\DOUTORAMENTO_22\INSTRUMENTOS\Instrumentos_espectro_versão 3\CORDAS\VIOLINO\Vln_Orchidea\ordinario\Vln_Orchidea_pp\_Sustains\Vn-ord-F#5-pp-1c-N_Sustains.wav,.wav,ordinario
orchidea,ordinario,pp,F#5,F:\DOUTORAMENTO_22\INSTRUMENTOS\Instrumentos_espectro_versão 3\CORDAS\VIOLINO\Vln_Orchidea\ordinario\Vln_Orchidea_pp\_Sustains\Vn-ord-F#5-pp-2c-N_Sustains.wav,.wav,ordinario
orchidea,ordinario,pp,F#5,F:\DOUTORAMENTO_22\INSTRUMENTOS\Instrumentos_espectro_versão 3\CORDAS\VIOLINO\Vln_Orchidea\ordinario\Vln_Orchidea_pp\_Sustains\Vn-ord-F#5-pp-3c-N_Sustains.wav,.wav,ordinario
orchidea,ordinario,pp,F#6,F:\DOUTORAMENTO_22\INSTRUMENTOS\Instrumentos_espectro_versão 3\CORDAS\VIOLINO\Vln_Orchidea\ordinario\Vln_Orchidea_pp\_Sustains\Vn-ord-F#6-pp-1c-T12d_Sustains.wav,.wav,ordinario
orchidea,ordinario,pp,F#6,F:\DOUTORAMENTO_22\INSTRUMENTOS\Instrumentos_espectro_versão 3\CORDAS\VIOLINO\Vln_Orchidea\ordinario\Vln_Orchidea_pp\_Sustains\Vn-ord-F#6-pp-2c-N_Sustains.wav,.wav,ordinario
orchidea,ordinario,pp,F4,F:\DOUTORAMENTO_22\INSTRUMENTOS\Instrumentos_espectro_versão 3\CORDAS\VIOLINO\Vln_Orchidea\ordinario\Vln_Orchidea_pp\_Sustains\Vn-ord-F4-pp-3c-N_Sustains.wav,.wav,ordinario
orchidea,ordinario,pp,F4,F:\DOUTORAMENTO_22\INSTRUMENTOS\Instrumentos_espectro_versão 3\CORDAS\VIOLINO\Vln_Orchidea\ordinario\Vln_Orchidea_pp\_Sustains\Vn-ord-F4-pp-4c-N_Sustains.wav,.wav,ordinario
orchidea,ordinario,pp,F5,F:\DOUTORAMENTO_22\INSTRUMENTOS\Instrumentos_espectro_versão 3\CORDAS\VIOLINO\Vln_Orchidea\ordinario\Vln_Orchidea_pp\_Sustains\Vn-ord-F5-pp-1c-N_Sustains.wav,.wav,ordinario
orchidea,ordinario,pp,F5,F:\DOUTORAMENTO_22\INSTRUMENTOS\Instrumentos_espectro_versão 3\CORDAS\VIOLINO\Vln_Orchidea\ordinario\Vln_Orchidea_pp\_Sustains\Vn-ord-F5-pp-2c-N_Sustains.wav,.wav,ordinario
orchidea,ordinario,pp,F5,F:\DOUTORAMENTO_22\INSTRUMENTOS\Instrumentos_espectro_versão 3\CORDAS\VIOLINO\Vln_Orchidea\ordinario\Vln_Orchidea_pp\_Sustains\Vn-ord-F5-pp-3c-N_Sustains.wav,.wav,ordinario
orchidea,ordinario,pp,F6,F:\DOUTORAMENTO_22\INSTRUMENTOS\Instrumentos_espectro_versão 3\CORDAS\VIOLINO\Vln_Orchidea\ordinario\Vln_Orchidea_pp\_Sustains\Vn-ord-F6-pp-1c-N_Sustains.wav,.wav,ordinario
orchidea,ordinario,pp,F6,F:\DOUTORAMENTO_22\INSTRUMENTOS\Instrumentos_espectro_versão 3\CORDAS\VIOLINO\Vln_Orchidea\ordinario\Vln_Orchidea_pp\_Sustains\Vn-ord-F6-pp-2c-N_Sustains.wav,.wav,ordinario
orchidea,ordinario,pp,G#3,F:\DOUTORAMENTO_22\INSTRUMENTOS\Instrumentos_espectro_versão 3\CORDAS\VIOLINO\Vln_Orchidea\ordinario\Vln_Orchidea_pp\_Sustains\Vn-ord-G#3-pp-4c-T15u_Sustains.wav,.wav,ordinario
orchidea,ordinario,pp,G#4,F:\DOUTORAMENTO_22\INSTRUMENTOS\Instrumentos_espectro_versão 3\CORDAS\VIOLINO\Vln_Orchidea\ordinario\Vln_Orchidea_pp\_Sustains\Vn-ord-G#4-pp-3c-N_Sustains.wav,.wav,ordinario
orchidea,ordinario,pp,G#4,F:\DOUTORAMENTO_22\INSTRUMENTOS\Instrumentos_espectro_versão 3\CORDAS\VIOLINO\Vln_Orchidea\ordinario\Vln_Orchidea_pp\_Sustains\Vn-ord-G#4-pp-4c-N_Sustains.wav,.wav,ordinario
orchidea,ordinario,pp,G#5,F:\DOUTORAMENTO_22\INSTRUMENTOS\Instrumentos_espectro_versão 3\CORDAS\VIOLINO\Vln_Orchidea\ordinario\Vln_Orchidea_pp\_Sustains\Vn-ord-G#5-pp-1c-N_Sustains.wav,.wav,ordinario
orchidea,ordinario,pp,G#5,F:\DOUTORAMENTO_22\INSTRUMENTOS\Instrumentos_espectro_versão 3\CORDAS\VIOLINO\Vln_Orchidea\ordinario\Vln_Orchidea_pp\_Sustains\Vn-ord-G#5-pp-2c-N_Sustains.wav,.wav,ordinario
orchidea,ordinario,pp,G#5,F:\DOUTORAMENTO_22\INSTRUMENTOS\Instrumentos_espectro_versão 3\CORDAS\VIOLINO\Vln_Orchidea\ordinario\Vln_Orchidea_pp\_Sustains\Vn-ord-G#5-pp-3c-N_Sustains.wav,.wav,ordinario
orchidea,ordinario,pp,G#6,F:\DOUTORAMENTO_22\INSTRUMENTOS\Instrumentos_espectro_versão 3\CORDAS\VIOLINO\Vln_Orchidea\ordinario\Vln_Orchidea_pp\_Sustains\Vn-ord-G#6-pp-1c-N_Sustains.wav,.wav,ordinario
orchidea,ordinario,pp,G#6,F:\DOUTORAMENTO_22\INSTRUMENTOS\Instrumentos_espectro_versão 3\CORDAS\VIOLINO\Vln_Orchidea\ordinario\Vln_Orchidea_pp\_Sustains\Vn-ord-G#6-pp-2c-N_Sustains.wav,.wav,ordinario
orchidea,ordinario,pp,G3,F:\DOUTORAMENTO_22\INSTRUMENTOS\Instrumentos_espectro_versão 3\CORDAS\VIOLINO\Vln_Orchidea\ordinario\Vln_Orchidea_pp\_Sustains\Vn-ord-G3-pp-4c-N_Sustains.wav,.wav,ordinario
orchidea,ordinario,pp,G4,F:\DOUTORAMENTO_22\INSTRUMENTOS\Instrumentos_espectro_versão 3\CORDAS\VIOLINO\Vln_Orchidea\ordinario\Vln_Orchidea_pp\_Sustains\Vn-ord-G4-pp-3c-N_Sustains.wav,.wav,ordinario
orchidea,ordinario,pp,G4,F:\DOUTORAMENTO_22\INSTRUMENTOS\Instrumentos_espectro_versão 3\CORDAS\VIOLINO\Vln_Orchidea\ordinario\Vln_Orchidea_pp\_Sustains\Vn-ord-G4-pp-4c-N_Sustains.wav,.wav,ordinario
orchidea,ordinario,pp,G5,F:\DOUTORAMENTO_22\INSTRUMENTOS\Instrumentos_espectro_versão 3\CORDAS\VIOLINO\Vln_Orchidea\ordinario\Vln_Orchidea_pp\_Sustains\Vn-ord-G5-pp-1c-N_Sustains.wav,.wav,ordinario
orchidea,ordinario,pp,G5,F:\DOUTORAMENTO_22\INSTRUMENTOS\Instrumentos_espectro_versão 3\CORDAS\VIOLINO\Vln_Orchidea\ordinario\Vln_Orchidea_pp\_Sustains\Vn-ord-G5-pp-2c-N_Sustains.wav,.wav,ordinario
orchidea,ordinario,pp,G5,F:\DOUTORAMENTO_22\INSTRUMENTOS\Instrumentos_espectro_versão 3\CORDAS\VIOLINO\Vln_Orchidea\ordinario\Vln_Orchidea_pp\_Sustains\Vn-ord-G5-pp-3c-N_Sustains.wav,.wav,ordinario
orchidea,ordinario,pp,G6,F:\DOUTORAMENTO_22\INSTRUMENTOS\Instrumentos_espectro_versão 3\CORDAS\VIOLINO\Vln_Orchidea\ordinario\Vln_Orchidea_pp\_Sustains\Vn-ord-G6-pp-1c-T12d_Sustains.wav,.wav,ordinario
orchidea,ordinario,pp,G6,F:\DOUTORAMENTO_22\INSTRUMENTOS\Instrumentos_espectro_versão 3\CORDAS\VIOLINO\Vln_Orchidea\ordinario\Vln_Orchidea_pp\_Sustains\Vn-ord-G6-pp-2c-N_Sustains.wav,.wav,ordinario
