collection,instrument,technique,dynamic,note,path,ext,source_kind
philharmonia,vla,artificial_harmonic,mf,A#5,F:\DOUTORAMENTO_22\INSTRUMENTOS\Instrumentos_espectro_versão 3\CORDAS\VIOLA\Phillarmonia\viola\viola_harmonics\viola_long_mezzo-forte_artificial-harmonic\viola_A#5_long_mezzo-forte_artificial-harmonic.mp3,.mp3,harmonic
philharmonia,vla,artificial_harmonic,mf,A5,F:\DOUTORAMENTO_22\INSTRUMENTOS\Instrumentos_espectro_versão 3\CORDAS\VIOLA\Phillarmonia\viola\viola_harmonics\viola_long_mezzo-forte_artificial-harmonic\viola_A5_long_mezzo-forte_artificial-harmonic.mp3,.mp3,harmonic
philharmonia,vla,artificial_harmonic,mf,A6,F:\DOUTORAMENTO_22\INSTRUMENTOS\Instrumentos_espectro_versão 3\CORDAS\VIOLA\Phillarmonia\viola\viola_harmonics\viola_long_mezzo-forte_artificial-harmonic\viola_A6_long_mezzo-forte_artificial-harmonic.mp3,.mp3,harmonic
philharmonia,vla,artificial_harmonic,mf,B5,F:\DOUTORAMENTO_22\INSTRUMENTOS\Instrumentos_espectro_versão 3\CORDAS\VIOLA\Phillarmonia\viola\viola_harmonics\viola_long_mezzo-forte_artificial-harmonic\viola_B5_long_mezzo-forte_artificial-harmonic.mp3,.mp3,harmonic
philharmonia,vla,artificial_harmonic,mf,C#5,F:\DOUTORAMENTO_22\INSTRUMENTOS\Instrumentos_espectro_versão 3\CORDAS\VIOLA\Phillarmonia\viola\viola_harmonics\viola_long_mezzo-forte_artificial-harmonic\viola_C#5_long_mezzo-forte_artificial-harmonic.mp3,.mp3,harmonic
philharmonia,vla,artificial_harmonic,mf,C5,F:\DOUTORAMENTO_22\INSTRUMENTOS\Instrumentos_espectro_versão 3\CORDAS\VIOLA\Phillarmonia\viola\viola_harmonics\viola_long_mezzo-forte_artificial-harmonic\viola_C5_long_mezzo-forte_artificial-harmonic.mp3,.mp3,harmonic
philharmonia,vla,artificial_harmonic,mf,C6,F:\DOUTORAMENTO_22\INSTRUMENTOS\Instrumentos_espectro_versão 3\CORDAS\VIOLA\Phillarmonia\viola\viola_harmonics\viola_long_mezzo-forte_artificial-harmonic\viola_C6_long_mezzo-forte_artificial-harmonic.mp3,.mp3,harmonic
philharmonia,vla,artificial_harmonic,mf,D#5,F:\DOUTORAMENTO_22\INSTRUMENTOS\Instrumentos_espectro_versão 3\CORDAS\VIOLA\Phillarmonia\viola\viola_harmonics\viola_long_mezzo-forte_artificial-harmonic\viola_D#5_long_mezzo-forte_artificial-harmonic.mp3,.mp3,harmonic
philharmonia,vla,artificial_harmonic,mf,D#6,F:\DOUTORAMENTO_22\INSTRUMENTOS\Instrumentos_espectro_versão 3\CORDAS\VIOLA\Phillarmonia\viola\viola_harmonics\viola_long_mezzo-forte_artificial-harmonic\viola_D#6_long_mezzo-forte_artificial-harmonic.mp3,.mp3,harmonic
philharmonia,vla,artificial_harmonic,mf,D#7,F:\DOUTORAMENTO_22\INSTRUMENTOS\Instrumentos_espectro_versão 3\CORDAS\VIOLA\Phillarmonia\viola\viola_harmonics\viola_long_mezzo-forte_artificial-harmonic\viola_D#7_long_mezzo-forte_artificial-harmonic.mp3,.mp3,harmonic
philharmonia,vla,artificial_harmonic,mf,E6,F:\DOUTORAMENTO_22\INSTRUMENTOS\Instrumentos_espectro_versão 3\CORDAS\VIOLA\Phillarmonia\viola\viola_harmonics\viola_long_mezzo-forte_artificial-harmonic\viola_E6_long_mezzo-forte_artificial-harmonic.mp3,.mp3,harmonic
philharmonia,vla,artificial_harmonic,mf,E7,F:\DOUTORAMENTO_22\INSTRUMENTOS\Instrumentos_espectro_versão 3\CORDAS\VIOLA\Phillarmonia\viola\viola_harmonics\viola_long_mezzo-forte_artificial-harmonic\viola_E7_long_mezzo-forte_artificial-harmonic.mp3,.mp3,harmonic
philharmonia,vla,artificial_harmonic,mf,F#5,F:\DOUTORAMENTO_22\INSTRUMENTOS\Instrumentos_espectro_versão 3\CORDAS\VIOLA\Phillarmonia\viola\viola_harmonics\viola_long_mezzo-forte_artificial-harmonic\viola_F#5_long_mezzo-forte_artificial-harmonic.mp3,.mp3,harmonic
philharmonia,vla,artificial_harmonic,mf,F#7,F:\DOUTORAMENTO_22\INSTRUMENTOS\Instrumentos_espectro_versão 3\CORDAS\VIOLA\Phillarmonia\viola\viola_harmonics\viola_long_mezzo-forte_artificial-harmonic\viola_F#7_long_mezzo-forte_artificial-harmonic.mp3,.mp3,harmonic
philharmonia,vla,artificial_harmonic,mf,F6,F:\DOUTORAMENTO_22\INSTRUMENTOS\Instrumentos_espectro_versão 3\CORDAS\VIOLA\Phillarmonia\viola\viola_harmonics\viola_long_mezzo-forte_artificial-harmonic\viola_F6_long_mezzo-forte_artificial-harmonic.mp3,.mp3,harmonic
philharmonia,vla,artificial_harmonic,mf,G5,F:\DOUTORAMENTO_22\INSTRUMENTOS\Instrumentos_espectro_versão 3\CORDAS\VIOLA\Phillarmonia\viola\viola_harmonics\viola_long_mezzo-forte_artificial-harmonic\viola_G5_long_mezzo-forte_artificial-harmonic.mp3,.mp3,harmonic
philharmonia,vla,natural_harmonic,mf,A#5,F:\DOUTORAMENTO_22\INSTRUMENTOS\Instrumentos_espectro_versão 3\CORDAS\VIOLA\Phillarmonia\viola\viola_harmonics\viola_mezzo-forte_natural-harmonic\viola_A#5_long_mezzo-forte_natural-harmonic.mp3,.mp3,harmonic
philharmonia,vla,natural_harmonic,mf,A5,F:\DOUTORAMENTO_22\INSTRUMENTOS\Instrumentos_espectro_versão 3\CORDAS\VIOLA\Phillarmonia\viola\viola_harmonics\viola_mezzo-forte_natural-harmonic\viola_A5_long_mezzo-forte_natural-harmonic.mp3,.mp3,harmonic
philharmonia,vla,natural_harmonic,mf,A6,F:\DOUTORAMENTO_22\INSTRUMENTOS\Instrumentos_espectro_versão 3\CORDAS\VIOLA\Phillarmonia\viola\viola_harmonics\viola_mezzo-forte_natural-harmonic\viola_A6_long_mezzo-forte_natural-harmonic.mp3,.mp3,harmonic
philharmonia,vla,natural_harmonic,mf,B5,F:\DOUTORAMENTO_22\INSTRUMENTOS\Instrumentos_espectro_versão 3\CORDAS\VIOLA\Phillarmonia\viola\viola_harmonics\viola_mezzo-forte_natural-harmonic\viola_B5_long_mezzo-forte_natural-harmonic.mp3,.mp3,harmonic
philharmonia,vla,natural_harmonic,mf,C#6,F:\DOUTORAMENTO_22\INSTRUMENTOS\Instrumentos_espectro_versão 3\CORDAS\VIOLA\Phillarmonia\viola\viola_harmonics\viola_mezzo-forte_natural-harmonic\viola_C#6_long_mezzo-forte_natural-harmonic.mp3,.mp3,harmonic
philharmonia,vla,natural_harmonic,mf,C#7,F:\DOUTORAMENTO_22\INSTRUMENTOS\Instrumentos_espectro_versão 3\CORDAS\VIOLA\Phillarmonia\viola\viola_harmonics\viola_mezzo-forte_natural-harmonic\viola_C#7_long_mezzo-forte_natural-harmonic.mp3,.mp3,harmonic
philharmonia,vla,natural_harmonic,mf,C4,F:\DOUTORAMENTO_22\INSTRUMENTOS\Instrumentos_espectro_versão 3\CORDAS\VIOLA\Phillarmonia\viola\viola_harmonics\viola_mezzo-forte_natural-harmonic\viola_C4_long_mezzo-forte_natural-harmonic.mp3,.mp3,harmonic
philharmonia,vla,natural_harmonic,mf,C5,F:\DOUTORAMENTO_22\INSTRUMENTOS\Instrumentos_espectro_versão 3\CORDAS\VIOLA\Phillarmonia\viola\viola_harmonics\viola_mezzo-forte_natural-harmonic\viola_C5_long_mezzo-forte_natural-harmonic.mp3,.mp3,harmonic
philharmonia,vla,natural_harmonic,mf,C6,F:\DOUTORAMENTO_22\INSTRUMENTOS\Instrumentos_espectro_versão 3\CORDAS\VIOLA\Phillarmonia\viola\viola_harmonics\viola_mezzo-forte_natural-harmonic\viola_C6_long_mezzo-forte_natural-harmonic.mp3,.mp3,harmonic
philharmonia,vla,natural_harmonic,mf,D#6,F:\DOUTORAMENTO_22\INSTRUMENTOS\Instrumentos_espectro_versão 3\CORDAS\VIOLA\Phillarmonia\viola\viola_harmonics\viola_mezzo-forte_natural-harmonic\viola_D#6_long_mezzo-forte_natural-harmonic.mp3,.mp3,harmonic
philharmonia,vla,natural_harmonic,mf,D5,F:\DOUTORAMENTO_22\INSTRUMENTOS\Instrumentos_espectro_versão 3\CORDAS\VIOLA\Phillarmonia\viola\viola_harmonics\viola_mezzo-forte_natural-harmonic\viola_D5_long_mezzo-forte_natural-harmonic.mp3,.mp3,harmonic
philharmonia,vla,natural_harmonic,mf,D6,F:\DOUTORAMENTO_22\INSTRUMENTOS\Instrumentos_espectro_versão 3\CORDAS\VIOLA\Phillarmonia\viola\viola_harmonics\viola_mezzo-forte_natural-harmonic\viola_D6_long_mezzo-forte_natural-harmonic.mp3,.mp3,harmonic
philharmonia,vla,natural_harmonic,mf,E5,F:\DOUTORAMENTO_22\INSTRUMENTOS\Instrumentos_espectro_versão 3\CORDAS\VIOLA\Phillarmonia\viola\viola_harmonics\viola_mezzo-forte_natural-harmonic\viola_E5_long_mezzo-forte_natural-harmonic.mp3,.mp3,harmonic
philharmonia,vla,natural_harmonic,mf,E6,F:\DOUTORAMENTO_22\INSTRUMENTOS\Instrumentos_espectro_versão 3\CORDAS\VIOLA\Phillarmonia\viola\viola_harmonics\viola_mezzo-forte_natural-harmonic\viola_E6_long_mezzo-forte_natural-harmonic.mp3,.mp3,harmonic
philharmonia,vla,natural_harmonic,mf,E7,F:\DOUTORAMENTO_22\INSTRUMENTOS\Instrumentos_espectro_versão 3\CORDAS\VIOLA\Phillarmonia\viola\viola_harmonics\viola_mezzo-forte_natural-harmonic\viola_E7_long_mezzo-forte_natural-harmonic.mp3,.mp3,harmonic
philharmonia,vla,natural_harmonic,mf,F#5,F:\DOUTORAMENTO_22\INSTRUMENTOS\Instrumentos_espectro_versão 3\CORDAS\VIOLA\Phillarmonia\viola\viola_harmonics\viola_mezzo-forte_natural-harmonic\viola_F#5_long_mezzo-forte_natural-harmonic.mp3,.mp3,harmonic
philharmonia,vla,natural_harmonic,mf,F#6,F:\DOUTORAMENTO_22\INSTRUMENTOS\Instrumentos_espectro_versão 3\CORDAS\VIOLA\Phillarmonia\viola\viola_harmonics\viola_mezzo-forte_natural-harmonic\viola_F#6_long_mezzo-forte_natural-harmonic.mp3,.mp3,harmonic
philharmonia,vla,natural_harmonic,mf,F6,F:\DOUTORAMENTO_22\INSTRUMENTOS\Instrumentos_espectro_versão 3\CORDAS\VIOLA\Phillarmonia\viola\viola_harmonics\viola_mezzo-forte_natural-harmonic\viola_F6_long_mezzo-forte_natural-harmonic.mp3,.mp3,harmonic
philharmonia,vla,natural_harmonic,mf,G4,F:\DOUTORAMENTO_22\INSTRUMENTOS\Instrumentos_espectro_versão 3\CORDAS\VIOLA\Phillarmonia\viola\viola_harmonics\viola_mezzo-forte_natural-harmonic\viola_G4_long_mezzo-forte_natural-harmonic.mp3,.mp3,harmonic
philharmonia,vla,natural_harmonic,mf,G5,F:\DOUTORAMENTO_22\INSTRUMENTOS\Instrumentos_espectro_versão 3\CORDAS\VIOLA\Phillarmonia\viola\viola_harmonics\viola_mezzo-forte_natural-harmonic\viola_G5_long_mezzo-forte_natural-harmonic.mp3,.mp3,harmonic
philharmonia,vla,ordinario,f,A#3,F:\DOUTORAMENTO_22\INSTRUMENTOS\Instrumentos_espectro_versão 3\CORDAS\VIOLA\Phillarmonia\viola\viola forte_arco-normal\viola_forte_arco-normal15\viola_A#3_05_forte_arco-normal.mp3,.mp3,ordinario
philharmonia,vla,ordinario,f,A#4,F:\DOUTORAMENTO_22\INSTRUMENTOS\Instrumentos_espectro_versão 3\CORDAS\VIOLA\Phillarmonia\viola\viola forte_arco-normal\viola_forte_arco-normal15\viola_A#4_15_forte_arco-normal.mp3,.mp3,ordinario
philharmonia,vla,ordinario,f,A#5,F:\DOUTORAMENTO_22\INSTRUMENTOS\Instrumentos_espectro_versão 3\CORDAS\VIOLA\Phillarmonia\viola\viola forte_arco-normal\viola_forte_arco-normal15\viola_A#5_05_forte_arco-normal.mp3,.mp3,ordinario
philharmonia,vla,ordinario,f,A#6,F:\DOUTORAMENTO_22\INSTRUMENTOS\Instrumentos_espectro_versão 3\CORDAS\VIOLA\Phillarmonia\viola\viola forte_arco-normal\viola_forte_arco-normal15\viola_A#6_15_forte_arco-normal.mp3,.mp3,ordinario
philharmonia,vla,ordinario,f,A3,F:\DOUTORAMENTO_22\INSTRUMENTOS\Instrumentos_espectro_versão 3\CORDAS\VIOLA\Phillarmonia\viola\viola forte_arco-normal\viola_forte_arco-normal15\viola_A3_15_forte_arco-normal.mp3,.mp3,ordinario
philharmonia,vla,ordinario,f,A4,F:\DOUTORAMENTO_22\INSTRUMENTOS\Instrumentos_espectro_versão 3\CORDAS\VIOLA\Phillarmonia\viola\viola forte_arco-normal\viola_forte_arco-normal15\viola_A4_1_forte_arco-normal.mp3,.mp3,ordinario
philharmonia,vla,ordinario,f,A5,F:\DOUTORAMENTO_22\INSTRUMENTOS\Instrumentos_espectro_versão 3\CORDAS\VIOLA\Phillarmonia\viola\viola forte_arco-normal\viola_forte_arco-normal15\viola_A5_15_forte_arco-normal.mp3,.mp3,ordinario
philharmonia,vla,ordinario,f,A6,F:\DOUTORAMENTO_22\INSTRUMENTOS\Instrumentos_espectro_versão 3\CORDAS\VIOLA\Phillarmonia\viola\viola forte_arco-normal\viola_forte_arco-normal15\viola_A6_15_forte_arco-normal.mp3,.mp3,ordinario
philharmonia,vla,ordinario,f,B4,F:\DOUTORAMENTO_22\INSTRUMENTOS\Instrumentos_espectro_versão 3\CORDAS\VIOLA\Phillarmonia\viola\viola forte_arco-normal\viola_forte_arco-normal15\viola_B4_025_forte_arco-normal.mp3,.mp3,ordinario
philharmonia,vla,ordinario,f,B5,F:\DOUTORAMENTO_22\INSTRUMENTOS\Instrumentos_espectro_versão 3\CORDAS\VIOLA\Phillarmonia\viola\viola forte_arco-normal\viola_forte_arco-normal15\viola_B5_1_forte_arco-normal.mp3,.mp3,ordinario
philharmonia,vla,ordinario,f,B6,F:\DOUTORAMENTO_22\INSTRUMENTOS\Instrumentos_espectro_versão 3\CORDAS\VIOLA\Phillarmonia\viola\viola forte_arco-normal\viola_forte_arco-normal15\viola_B6_15_forte_arco-normal.mp3,.mp3,ordinario
philharmonia,vla,ordinario,f,C#4,F:\DOUTORAMENTO_22\INSTRUMENTOS\Instrumentos_espectro_versão 3\CORDAS\VIOLA\Phillarmonia\viola\viola forte_arco-normal\viola_forte_arco-normal15\viola_C#4_1_forte_arco-normal.mp3,.mp3,ordinario
philharmonia,vla,ordinario,f,C#5,F:\DOUTORAMENTO_22\INSTRUMENTOS\Instrumentos_espectro_versão 3\CORDAS\VIOLA\Phillarmonia\viola\viola forte_arco-normal\viola_forte_arco-normal15\viola_C#5_1_forte_arco-normal.mp3,.mp3,ordinario
philharmonia,vla,ordinario,f,C#6,F:\DOUTORAMENTO_22\INSTRUMENTOS\Instrumentos_espectro_versão 3\CORDAS\VIOLA\Phillarmonia\viola\viola forte_arco-normal\viola_forte_arco-normal15\viola_C#6_1_forte_arco-normal.mp3,.mp3,ordinario
philharmonia,vla,ordinario,f,C3,F:\DOUTORAMENTO_22\INSTRUMENTOS\Instrumentos_espectro_versão 3\CORDAS\VIOLA\Phillarmonia\viola\viola forte_arco-normal\viola_forte_arco-normal15\viola_C3_1_forte_arco-normal.mp3,.mp3,ordinario
philharmonia,vla,ordinario,mf,C4,F:\DOUTORAMENTO_22\INSTRUMENTOS\Instrumentos_espectro_versão 3\CORDAS\VIOLA\Phillarmonia\viola\viola forte_arco-normal\viola_forte_arco-normal15\viola_C4_very-long_mezzo-forte_arco-normal.mp3,.mp3,ordinario
philharmonia,vla,ordinario,f,C5,F:\DOUTORAMENTO_22\INSTRUMENTOS\Instrumentos_espectro_versão 3\CORDAS\VIOLA\Phillarmonia\viola\viola forte_arco-normal\viola_forte_arco-normal15\viola_C5_15_forte_arco-normal.mp3,.mp3,ordinario
philharmonia,vla,ordinario,f,C6,F:\DOUTORAMENTO_22\INSTRUMENTOS\Instrumentos_espectro_versão 3\CORDAS\VIOLA\Phillarmonia\viola\viola forte_arco-normal\viola_forte_arco-normal15\viola_C6_1_forte_arco-normal.mp3,.mp3,ordinario
philharmonia,vla,ordinario,f,C7,F:\DOUTORAMENTO_22\INSTRUMENTOS\Instrumentos_espectro_versão 3\CORDAS\VIOLA\Phillarmonia\viola\viola forte_arco-normal\viola_forte_arco-normal15\viola_C7_15_forte_arco-normal.mp3,.mp3,ordinario
philharmonia,vla,ordinario,f,D#3,F:\DOUTORAMENTO_22\INSTRUMENTOS\Instrumentos_espectro_versão 3\CORDAS\VIOLA\Phillarmonia\viola\viola forte_arco-normal\viola_forte_arco-normal15\viola_D#3_025_forte_arco-normal.mp3,.mp3,ordinario
philharmonia,vla,ordinario,f,D#6,F:\DOUTORAMENTO_22\INSTRUMENTOS\Instrumentos_espectro_versão 3\CORDAS\VIOLA\Phillarmonia\viola\viola forte_arco-normal\viola_forte_arco-normal15\viola_D#6_15_forte_arco-normal.mp3,.mp3,ordinario
philharmonia,vla,ordinario,f,D3,F:\DOUTORAMENTO_22\INSTRUMENTOS\Instrumentos_espectro_versão 3\CORDAS\VIOLA\Phillarmonia\viola\viola forte_arco-normal\viola_forte_arco-normal15\viola_D3_1_forte_arco-normal.mp3,.mp3,ordinario
philharmonia,vla,ordinario,f,D5,F:\DOUTORAMENTO_22\INSTRUMENTOS\Instrumentos_espectro_versão 3\CORDAS\VIOLA\Phillarmonia\viola\viola forte_arco-normal\viola_forte_arco-normal15\viola_D5_1_forte_arco-normal.mp3,.mp3,ordinario
philharmonia,vla,ordinario,f,D6,F:\DOUTORAMENTO_22\INSTRUMENTOS\Instrumentos_espectro_versão 3\CORDAS\VIOLA\Phillarmonia\viola\viola forte_arco-normal\viola_forte_arco-normal15\viola_D6_025_forte_arco-normal.mp3,.mp3,ordinario
philharmonia,vla,ordinario,f,D6,F:\DOUTORAMENTO_22\INSTRUMENTOS\Instrumentos_espectro_versão 3\CORDAS\VIOLA\Phillarmonia\viola\viola forte_arco-normal\viola_forte_arco-normal15\viola_D6_15_forte_arco-normal.mp3,.mp3,ordinario
philharmonia,vla,ordinario,f,E6,F:\DOUTORAMENTO_22\INSTRUMENTOS\Instrumentos_espectro_versão 3\CORDAS\VIOLA\Phillarmonia\viola\viola forte_arco-normal\viola_forte_arco-normal15\viola_E6_1_forte_arco-normal.mp3,.mp3,ordinario
philharmonia,vla,ordinario,f,F#3,F:\DOUTORAMENTO_22\INSTRUMENTOS\Instrumentos_espectro_versão 3\CORDAS\VIOLA\Phillarmonia\viola\viola forte_arco-normal\viola_forte_arco-normal15\viola_F#3_1_forte_arco-normal.mp3,.mp3,ordinario
philharmonia,vla,ordinario,f,F#4,F:\DOUTORAMENTO_22\INSTRUMENTOS\Instrumentos_espectro_versão 3\CORDAS\VIOLA\Phillarmonia\viola\viola forte_arco-normal\viola_forte_arco-normal15\viola_F#4_05_forte_arco-normal.mp3,.mp3,ordinario
philharmonia,vla,ordinario,f,F#5,F:\DOUTORAMENTO_22\INSTRUMENTOS\Instrumentos_espectro_versão 3\CORDAS\VIOLA\Phillarmonia\viola\viola forte_arco-normal\viola_forte_arco-normal15\viola_F#5_15_forte_arco-normal.mp3,.mp3,ordinario
philharmonia,vla,ordinario,f,F#6,F:\DOUTORAMENTO_22\INSTRUMENTOS\Instrumentos_espectro_versão 3\CORDAS\VIOLA\Phillarmonia\viola\viola forte_arco-normal\viola_forte_arco-normal15\viola_F#6_05_forte_arco-normal.mp3,.mp3,ordinario
philharmonia,vla,ordinario,f,F3,F:\DOUTORAMENTO_22\INSTRUMENTOS\Instrumentos_espectro_versão 3\CORDAS\VIOLA\Phillarmonia\viola\viola forte_arco-normal\viola_forte_arco-normal15\viola_F3_05_forte_arco-normal.mp3,.mp3,ordinario
philharmonia,vla,ordinario,f,F5,F:\DOUTORAMENTO_22\INSTRUMENTOS\Instrumentos_espectro_versão 3\CORDAS\VIOLA\Phillarmonia\viola\viola forte_arco-normal\viola_forte_arco-normal15\viola_F5_15_forte_arco-normal.mp3,.mp3,ordinario
philharmonia,vla,ordinario,f,F6,F:\DOUTORAMENTO_22\INSTRUMENTOS\Instrumentos_espectro_versão 3\CORDAS\VIOLA\Phillarmonia\viola\viola forte_arco-normal\viola_forte_arco-normal15\viola_F6_1_forte_arco-normal.mp3,.mp3,ordinario
philharmonia,vla,ordinario,f,G#3,F:\DOUTORAMENTO_22\INSTRUMENTOS\Instrumentos_espectro_versão 3\CORDAS\VIOLA\Phillarmonia\viola\viola forte_arco-normal\viola_forte_arco-normal15\viola_G#3_1_forte_arco-normal.mp3,.mp3,ordinario
philharmonia,vla,ordinario,f,G#5,F:\DOUTORAMENTO_22\INSTRUMENTOS\Instrumentos_espectro_versão 3\CORDAS\VIOLA\Phillarmonia\viola\viola forte_arco-normal\viola_forte_arco-normal15\viola_G#5_1_forte_arco-normal.mp3,.mp3,ordinario
philharmonia,vla,ordinario,f,G#6,F:\DOUTORAMENTO_22\INSTRUMENTOS\Instrumentos_espectro_versão 3\CORDAS\VIOLA\Phillarmonia\viola\viola forte_arco-normal\viola_forte_arco-normal15\viola_G#6_025_forte_arco-normal.mp3,.mp3,ordinario
philharmonia,vla,ordinario,f,G#6,F:\DOUTORAMENTO_22\INSTRUMENTOS\Instrumentos_espectro_versão 3\CORDAS\VIOLA\Phillarmonia\viola\viola forte_arco-normal\viola_forte_arco-normal15\viola_G#6_15_forte_arco-normal.mp3,.mp3,ordinario
philharmonia,vla,ordinario,f,G3,F:\DOUTORAMENTO_22\INSTRUMENTOS\Instrumentos_espectro_versão 3\CORDAS\VIOLA\Phillarmonia\viola\viola forte_arco-normal\viola_forte_arco-normal15\viola_G3_05_forte_arco-normal.mp3,.mp3,ordinario
philharmonia,vla,ordinario,f,G4,F:\DOUTORAMENTO_22\INSTRUMENTOS\Instrumentos_espectro_versão 3\CORDAS\VIOLA\Phillarmonia\viola\viola forte_arco-normal\viola_forte_arco-normal15\viola_G4_15_forte_arco-normal.mp3,.mp3,ordinario
philharmonia,vla,ordinario,f,G5,F:\DOUTORAMENTO_22\INSTRUMENTOS\Instrumentos_espectro_versão 3\CORDAS\VIOLA\Phillarmonia\viola\viola forte_arco-normal\viola_forte_arco-normal15\viola_G5_1_forte_arco-normal.mp3,.mp3,ordinario
philharmonia,vla,ordinario,f,G6,F:\DOUTORAMENTO_22\INSTRUMENTOS\Instrumentos_espectro_versão 3\CORDAS\VIOLA\Phillarmonia\viola\viola forte_arco-normal\viola_forte_arco-normal15\viola_G6_1_forte_arco-normal.mp3,.mp3,ordinario
philharmonia,vla,ordinario,ff,A#3,F:\DOUTORAMENTO_22\INSTRUMENTOS\Instrumentos_espectro_versão 3\CORDAS\VIOLA\Phillarmonia\viola\viola fortissimo_arco-normal\viola_fortissimo_arco-normal15\viola_A#3_15_fortissimo_arco-normal.mp3,.mp3,ordinario
philharmonia,vla,ordinario,ff,A#4,F:\DOUTORAMENTO_22\INSTRUMENTOS\Instrumentos_espectro_versão 3\CORDAS\VIOLA\Phillarmonia\viola\viola fortissimo_arco-normal\viola_fortissimo_arco-normal15\viola_A#4_15_fortissimo_arco-normal.mp3,.mp3,ordinario
philharmonia,vla,ordinario,ff,A#5,F:\DOUTORAMENTO_22\INSTRUMENTOS\Instrumentos_espectro_versão 3\CORDAS\VIOLA\Phillarmonia\viola\viola fortissimo_arco-normal\viola_fortissimo_arco-normal15\viola_A#5_15_fortissimo_arco-normal.mp3,.mp3,ordinario
philharmonia,vla,ordinario,ff,A#6,F:\DOUTORAMENTO_22\INSTRUMENTOS\Instrumentos_espectro_versão 3\CORDAS\VIOLA\Phillarmonia\viola\viola fortissimo_arco-normal\viola_fortissimo_arco-normal15\viola_A#6_15_fortissimo_arco-normal.mp3,.mp3,ordinario
philharmonia,vla,ordinario,ff,A3,F:\DOUTORAMENTO_22\INSTRUMENTOS\Instrumentos_espectro_versão 3\CORDAS\VIOLA\Phillarmonia\viola\viola fortissimo_arco-normal\viola_fortissimo_arco-normal15\viola_A3_15_fortissimo_arco-normal.mp3,.mp3,ordinario
philharmonia,vla,ordinario,ff,A4,F:\DOUTORAMENTO_22\INSTRUMENTOS\Instrumentos_espectro_versão 3\CORDAS\VIOLA\Phillarmonia\viola\viola fortissimo_arco-normal\viola_fortissimo_arco-normal15\viola_A4_15_fortissimo_arco-normal.mp3,.mp3,ordinario
philharmonia,vla,ordinario,ff,A5,F:\DOUTORAMENTO_22\INSTRUMENTOS\Instrumentos_espectro_versão 3\CORDAS\VIOLA\Phillarmonia\viola\viola fortissimo_arco-normal\viola_fortissimo_arco-normal15\viola_A5_15_fortissimo_arco-normal.mp3,.mp3,ordinario
philharmonia,vla,ordinario,ff,A6,F:\DOUTORAMENTO_22\INSTRUMENTOS\Instrumentos_espectro_versão 3\CORDAS\VIOLA\Phillarmonia\viola\viola fortissimo_arco-normal\viola_fortissimo_arco-normal15\viola_A6_1_fortissimo_arco-normal.mp3,.mp3,ordinario
philharmonia,vla,ordinario,ff,B3,F:\DOUTORAMENTO_22\INSTRUMENTOS\Instrumentos_espectro_versão 3\CORDAS\VIOLA\Phillarmonia\viola\viola fortissimo_arco-normal\viola_fortissimo_arco-normal15\viola_B3_1_fortissimo_arco-normal.mp3,.mp3,ordinario
philharmonia,vla,ordinario,ff,B4,F:\DOUTORAMENTO_22\INSTRUMENTOS\Instrumentos_espectro_versão 3\CORDAS\VIOLA\Phillarmonia\viola\viola fortissimo_arco-normal\viola_fortissimo_arco-normal15\viola_B4_15_fortissimo_arco-normal.mp3,.mp3,ordinario
philharmonia,vla,ordinario,ff,B5,F:\DOUTORAMENTO_22\INSTRUMENTOS\Instrumentos_espectro_versão 3\CORDAS\VIOLA\Phillarmonia\viola\viola fortissimo_arco-normal\viola_fortissimo_arco-normal15\viola_B5_15_fortissimo_arco-normal.mp3,.mp3,ordinario
philharmonia,vla,ordinario,ff,B6,F:\DOUTORAMENTO_22\INSTRUMENTOS\Instrumentos_espectro_versão 3\CORDAS\VIOLA\Phillarmonia\viola\viola fortissimo_arco-normal\viola_fortissimo_arco-normal15\viola_B6_15_fortissimo_arco-normal.mp3,.mp3,ordinario
philharmonia,vla,ordinario,ff,C#3,F:\DOUTORAMENTO_22\INSTRUMENTOS\Instrumentos_espectro_versão 3\CORDAS\VIOLA\Phillarmonia\viola\viola fortissimo_arco-normal\viola_fortissimo_arco-normal15\viola_C#3_15_fortissimo_arco-normal.mp3,.mp3,ordinario
philharmonia,vla,ordinario,ff,C#4,F:\DOUTORAMENTO_22\INSTRUMENTOS\Instrumentos_espectro_versão 3\CORDAS\VIOLA\Phillarmonia\viola\viola fortissimo_arco-normal\viola_fortissimo_arco-normal15\viola_C#4_15_fortissimo_arco-normal.mp3,.mp3,ordinario
philharmonia,vla,ordinario,ff,C#5,F:\DOUTORAMENTO_22\INSTRUMENTOS\Instrumentos_espectro_versão 3\CORDAS\VIOLA\Phillarmonia\viola\viola fortissimo_arco-normal\viola_fortissimo_arco-normal15\viola_C#5_15_fortissimo_arco-normal.mp3,.mp3,ordinario
philharmonia,vla,ordinario,ff,C#6,F:\DOUTORAMENTO_22\INSTRUMENTOS\Instrumentos_espectro_versão 3\CORDAS\VIOLA\Phillarmonia\viola\viola fortissimo_arco-normal\viola_fortissimo_arco-normal15\viola_C#6_15_fortissimo_arco-normal.mp3,.mp3,ordinario
philharmonia,vla,ordinario,ff,C3,F:\DOUTORAMENTO_22\INSTRUMENTOS\Instrumentos_espectro_versão 3\CORDAS\VIOLA\Phillarmonia\viola\viola fortissimo_arco-normal\viola_fortissimo_arco-normal15\viola_C3_1_fortissimo_arco-normal.mp3,.mp3,ordinario
philharmonia,vla,ordinario,ff,C4,F:\DOUTORAMENTO_22\INSTRUMENTOS\Instrumentos_espectro_versão 3\CORDAS\VIOLA\Phillarmonia\viola\viola fortissimo_arco-normal\viola_fortissimo_arco-normal15\viola_C4_1_fortissimo_arco-normal.mp3,.mp3,ordinario
philharmonia,vla,ordinario,ff,C5,F:\DOUTORAMENTO_22\INSTRUMENTOS\Instrumentos_espectro_versão 3\CORDAS\VIOLA\Phillarmonia\viola\viola fortissimo_arco-normal\viola_fortissimo_arco-normal15\viola_C5_1_fortissimo_arco-normal.mp3,.mp3,ordinario
philharmonia,vla,ordinario,ff,C6,F:\DOUTORAMENTO_22\INSTRUMENTOS\Instrumentos_espectro_versão 3\CORDAS\VIOLA\Phillarmonia\viola\viola fortissimo_arco-normal\viola_fortissimo_arco-normal15\viola_C6_15_fortissimo_arco-normal.mp3,.mp3,ordinario
philharmonia,vla,ordinario,ff,C7,F:\DOUTORAMENTO_22\INSTRUMENTOS\Instrumentos_espectro_versão 3\CORDAS\VIOLA\Phillarmonia\viola\viola fortissimo_arco-normal\viola_fortissimo_arco-normal15\viola_C7_15_fortissimo_arco-normal.mp3,.mp3,ordinario
philharmonia,vla,ordinario,ff,D#3,F:\DOUTORAMENTO_22\INSTRUMENTOS\Instrumentos_espectro_versão 3\CORDAS\VIOLA\Phillarmonia\viola\viola fortissimo_arco-normal\viola_fortissimo_arco-normal15\viola_D#3_15_fortissimo_arco-normal.mp3,.mp3,ordinario
philharmonia,vla,ordinario,ff,D#4,F:\DOUTORAMENTO_22\INSTRUMENTOS\Instrumentos_espectro_versão 3\CORDAS\VIOLA\Phillarmonia\viola\viola fortissimo_arco-normal\viola_fortissimo_arco-normal15\viola_D#4_1_fortissimo_arco-normal.mp3,.mp3,ordinario
philharmonia,vla,ordinario,ff,D#5,F:\DOUTORAMENTO_22\INSTRUMENTOS\Instrumentos_espectro_versão 3\CORDAS\VIOLA\Phillarmonia\viola\viola fortissimo_arco-normal\viola_fortissimo_arco-normal15\viola_D#5_1_fortissimo_arco-normal.mp3,.mp3,ordinario
philharmonia,vla,ordinario,ff,D#6,F:\DOUTORAMENTO_22\INSTRUMENTOS\Instrumentos_espectro_versão 3\CORDAS\VIOLA\Phillarmonia\viola\viola fortissimo_arco-normal\viola_fortissimo_arco-normal15\viola_D#6_15_fortissimo_arco-normal.mp3,.mp3,ordinario
philharmonia,vla,ordinario,ff,D3,F:\DOUTORAMENTO_22\INSTRUMENTOS\Instrumentos_espectro_versão 3\CORDAS\VIOLA\Phillarmonia\viola\viola fortissimo_arco-normal\viola_fortissimo_arco-normal15\viola_D3_1_fortissimo_arco-normal.mp3,.mp3,ordinario
philharmonia,vla,ordinario,ff,D4,F:\DOUTORAMENTO_22\INSTRUMENTOS\Instrumentos_espectro_versão 3\CORDAS\VIOLA\Phillarmonia\viola\viola fortissimo_arco-normal\viola_fortissimo_arco-normal15\viola_D4_1_fortissimo_arco-normal.mp3,.mp3,ordinario
philharmonia,vla,ordinario,ff,D5,F:\DOUTORAMENTO_22\INSTRUMENTOS\Instrumentos_espectro_versão 3\CORDAS\VIOLA\Phillarmonia\viola\viola fortissimo_arco-normal\viola_fortissimo_arco-normal15\viola_D5_15_fortissimo_arco-normal.mp3,.mp3,ordinario
philharmonia,vla,ordinario,ff,D6,F:\DOUTORAMENTO_22\INSTRUMENTOS\Instrumentos_espectro_versão 3\CORDAS\VIOLA\Phillarmonia\viola\viola fortissimo_arco-normal\viola_fortissimo_arco-normal15\viola_D6_1_fortissimo_arco-normal.mp3,.mp3,ordinario
philharmonia,vla,ordinario,ff,E3,F:\DOUTORAMENTO_22\INSTRUMENTOS\Instrumentos_espectro_versão 3\CORDAS\VIOLA\Phillarmonia\viola\viola fortissimo_arco-normal\viola_fortissimo_arco-normal15\viola_E3_15_fortissimo_arco-normal.mp3,.mp3,ordinario
philharmonia,vla,ordinario,ff,E4,F:\DOUTORAMENTO_22\INSTRUMENTOS\Instrumentos_espectro_versão 3\CORDAS\VIOLA\Phillarmonia\viola\viola fortissimo_arco-normal\viola_fortissimo_arco-normal15\viola_E4_15_fortissimo_arco-normal.mp3,.mp3,ordinario
philharmonia,vla,ordinario,ff,E5,F:\DOUTORAMENTO_22\INSTRUMENTOS\Instrumentos_espectro_versão 3\CORDAS\VIOLA\Phillarmonia\viola\viola fortissimo_arco-normal\viola_fortissimo_arco-normal15\viola_E5_15_fortissimo_arco-normal.mp3,.mp3,ordinario
philharmonia,vla,ordinario,ff,E6,F:\DOUTORAMENTO_22\INSTRUMENTOS\Instrumentos_espectro_versão 3\CORDAS\VIOLA\Phillarmonia\viola\viola fortissimo_arco-normal\viola_fortissimo_arco-normal15\viola_E6_15_fortissimo_arco-normal.mp3,.mp3,ordinario
philharmonia,vla,ordinario,ff,F#3,F:\DOUTORAMENTO_22\INSTRUMENTOS\Instrumentos_espectro_versão 3\CORDAS\VIOLA\Phillarmonia\viola\viola fortissimo_arco-normal\viola_fortissimo_arco-normal15\viola_F#3_15_fortissimo_arco-normal.mp3,.mp3,ordinario
philharmonia,vla,ordinario,ff,F#4,F:\DOUTORAMENTO_22\INSTRUMENTOS\Instrumentos_espectro_versão 3\CORDAS\VIOLA\Phillarmonia\viola\viola fortissimo_arco-normal\viola_fortissimo_arco-normal15\viola_F#4_15_fortissimo_arco-normal.mp3,.mp3,ordinario
philharmonia,vla,ordinario,ff,F#5,F:\DOUTORAMENTO_22\INSTRUMENTOS\Instrumentos_espectro_versão 3\CORDAS\VIOLA\Phillarmonia\viola\viola fortissimo_arco-normal\viola_fortissimo_arco-normal15\viola_F#5_1_fortissimo_arco-normal.mp3,.mp3,ordinario
philharmonia,vla,ordinario,ff,F#6,F:\DOUTORAMENTO_22\INSTRUMENTOS\Instrumentos_espectro_versão 3\CORDAS\VIOLA\Phillarmonia\viola\viola fortissimo_arco-normal\viola_fortissimo_arco-normal15\viola_F#6_15_fortissimo_arco-normal.mp3,.mp3,ordinario
philharmonia,vla,ordinario,ff,F3,F:\DOUTORAMENTO_22\INSTRUMENTOS\Instrumentos_espectro_versão 3\CORDAS\VIOLA\Phillarmonia\viola\viola fortissimo_arco-normal\viola_fortissimo_arco-normal15\viola_F3_15_fortissimo_arco-normal.mp3,.mp3,ordinario
philharmonia,vla,ordinario,ff,F4,F:\DOUTORAMENTO_22\INSTRUMENTOS\Instrumentos_espectro_versão 3\CORDAS\VIOLA\Phillarmonia\viola\viola fortissimo_arco-normal\viola_fortissimo_arco-normal15\viola_F4_1_fortissimo_arco-normal.mp3,.mp3,ordinario
philharmonia,vla,ordinario,ff,F5,F:\DOUTORAMENTO_22\INSTRUMENTOS\Instrumentos_espectro_versão 3\CORDAS\VIOLA\Phillarmonia\viola\viola fortissimo_arco-normal\viola_fortissimo_arco-normal15\viola_F5_15_fortissimo_arco-normal.mp3,.mp3,ordinario
philharmonia,vla,ordinario,ff,F6,F:\DOUTORAMENTO_22\INSTRUMENTOS\Instrumentos_espectro_versão 3\CORDAS\VIOLA\Phillarmonia\viola\viola fortissimo_arco-normal\viola_fortissimo_arco-normal15\viola_F6_15_fortissimo_arco-normal.mp3,.mp3,ordinario
philharmonia,vla,ordinario,ff,G#3,F:\DOUTORAMENTO_22\INSTRUMENTOS\Instrumentos_espectro_versão 3\CORDAS\VIOLA\Phillarmonia\viola\viola fortissimo_arco-normal\viola_fortissimo_arco-normal15\viola_G#3_15_fortissimo_arco-normal.mp3,.mp3,ordinario
philharmonia,vla,ordinario,ff,G#4,F:\DOUTORAMENTO_22\INSTRUMENTOS\Instrumentos_espectro_versão 3\CORDAS\VIOLA\Phillarmonia\viola\viola fortissimo_arco-normal\viola_fortissimo_arco-normal15\viola_G#4_15_fortissimo_arco-normal.mp3,.mp3,ordinario
philharmonia,vla,ordinario,ff,G#5,F:\DOUTORAMENTO_22\INSTRUMENTOS\Instrumentos_espectro_versão 3\CORDAS\VIOLA\Phillarmonia\viola\viola fortissimo_arco-normal\viola_fortissimo_arco-normal15\viola_G#5_15_fortissimo_arco-normal.mp3,.mp3,ordinario
philharmonia,vla,ordinario,ff,G#6,F:\DOUTORAMENTO_22\INSTRUMENTOS\Instrumentos_espectro_versão 3\CORDAS\VIOLA\Phillarmonia\viola\viola fortissimo_arco-normal\viola_fortissimo_arco-normal15\viola_G#6_15_fortissimo_arco-normal.mp3,.mp3,ordinario
philharmonia,vla,ordinario,ff,G3,F:\DOUTORAMENTO_22\INSTRUMENTOS\Instrumentos_espectro_versão 3\CORDAS\VIOLA\Phillarmonia\viola\viola fortissimo_arco-normal\viola_fortissimo_arco-normal15\viola_G3_1_fortissimo_arco-normal.mp3,.mp3,ordinario
philharmonia,vla,ordinario,ff,G4,F:\DOUTORAMENTO_22\INSTRUMENTOS\Instrumentos_espectro_versão 3\CORDAS\VIOLA\Phillarmonia\viola\viola fortissimo_arco-normal\viola_fortissimo_arco-normal15\viola_G4_15_fortissimo_arco-normal.mp3,.mp3,ordinario
philharmonia,vla,ordinario,ff,G5,F:\DOUTORAMENTO_22\INSTRUMENTOS\Instrumentos_espectro_versão 3\CORDAS\VIOLA\Phillarmonia\viola\viola fortissimo_arco-normal\viola_fortissimo_arco-normal15\viola_G5_15_fortissimo_arco-normal.mp3,.mp3,ordinario
philharmonia,vla,ordinario,ff,G6,F:\DOUTORAMENTO_22\INSTRUMENTOS\Instrumentos_espectro_versão 3\CORDAS\VIOLA\Phillarmonia\viola\viola fortissimo_arco-normal\viola_fortissimo_arco-normal15\viola_G6_15_fortissimo_arco-normal.mp3,.mp3,ordinario
philharmonia,vla,ordinario,mf,A4,F:\DOUTORAMENTO_22\INSTRUMENTOS\Instrumentos_espectro_versão 3\CORDAS\VIOLA\Phillarmonia\viola\viola mezzo-forte_arco-normal\viola_A4_very-long_mezzo-forte_arco-normal.mp3,.mp3,ordinario
philharmonia,vla,ordinario,mf,C4,F:\DOUTORAMENTO_22\INSTRUMENTOS\Instrumentos_espectro_versão 3\CORDAS\VIOLA\Phillarmonia\viola\viola mezzo-forte_arco-normal\viola_C4_very-long_mezzo-forte_arco-normal.mp3,.mp3,ordinario
philharmonia,vla,ordinario,mf,D4,F:\DOUTORAMENTO_22\INSTRUMENTOS\Instrumentos_espectro_versão 3\CORDAS\VIOLA\Phillarmonia\viola\viola mezzo-forte_arco-normal\viola_D4_very-long_mezzo-forte_arco-normal.mp3,.mp3,ordinario
philharmonia,vla,ordinario,mf,D5,F:\DOUTORAMENTO_22\INSTRUMENTOS\Instrumentos_espectro_versão 3\CORDAS\VIOLA\Phillarmonia\viola\viola mezzo-forte_arco-normal\viola_D5_very-long_mezzo-forte_arco-normal.mp3,.mp3,ordinario
philharmonia,vla,ordinario,mf,E5,F:\DOUTORAMENTO_22\INSTRUMENTOS\Instrumentos_espectro_versão 3\CORDAS\VIOLA\Phillarmonia\viola\viola mezzo-forte_arco-normal\viola_E5_very-long_mezzo-forte_arco-normal.mp3,.mp3,ordinario
philharmonia,vla,ordinario,mf,G4,F:\DOUTORAMENTO_22\INSTRUMENTOS\Instrumentos_espectro_versão 3\CORDAS\VIOLA\Phillarmonia\viola\viola mezzo-forte_arco-normal\viola_G4_very-long_mezzo-forte_arco-normal.mp3,.mp3,ordinario
philharmonia,vla,ordinario,mp,A#3,F:\DOUTORAMENTO_22\INSTRUMENTOS\Instrumentos_espectro_versão 3\CORDAS\VIOLA\Phillarmonia\viola\viola mezzo-piano_arco-normal\viola_mezzo-piano_arco-normal15\viola_A#3_1_mezzo-piano_arco-normal.mp3,.mp3,ordinario
philharmonia,vla,ordinario,mp,A#5,F:\DOUTORAMENTO_22\INSTRUMENTOS\Instrumentos_espectro_versão 3\CORDAS\VIOLA\Phillarmonia\viola\viola mezzo-piano_arco-normal\viola_mezzo-piano_arco-normal15\viola_A#5_1_mezzo-piano_arco-normal.mp3,.mp3,ordinario
philharmonia,vla,ordinario,mp,A3,F:\DOUTORAMENTO_22\INSTRUMENTOS\Instrumentos_espectro_versão 3\CORDAS\VIOLA\Phillarmonia\viola\viola mezzo-piano_arco-normal\viola_mezzo-piano_arco-normal15\viola_A3_025_mezzo-piano_arco-normal.mp3,.mp3,ordinario
philharmonia,vla,ordinario,mp,A3,F:\DOUTORAMENTO_22\INSTRUMENTOS\Instrumentos_espectro_versão 3\CORDAS\VIOLA\Phillarmonia\viola\viola mezzo-piano_arco-normal\viola_mezzo-piano_arco-normal15\viola_A3_05_mezzo-piano_arco-normal.mp3,.mp3,ordinario
philharmonia,vla,ordinario,mp,A4,F:\DOUTORAMENTO_22\INSTRUMENTOS\Instrumentos_espectro_versão 3\CORDAS\VIOLA\Phillarmonia\viola\viola mezzo-piano_arco-normal\viola_mezzo-piano_arco-normal15\viola_A4_025_mezzo-piano_arco-normal.mp3,.mp3,ordinario
philharmonia,vla,ordinario,mp,B3,F:\DOUTORAMENTO_22\INSTRUMENTOS\Instrumentos_espectro_versão 3\CORDAS\VIOLA\Phillarmonia\viola\viola mezzo-piano_arco-normal\viola_mezzo-piano_arco-normal15\viola_B3_15_mezzo-piano_arco-normal.mp3,.mp3,ordinario
philharmonia,vla,ordinario,mp,B4,F:\DOUTORAMENTO_22\INSTRUMENTOS\Instrumentos_espectro_versão 3\CORDAS\VIOLA\Phillarmonia\viola\viola mezzo-piano_arco-normal\viola_mezzo-piano_arco-normal15\viola_B4_1_mezzo-piano_arco-normal.mp3,.mp3,ordinario
philharmonia,vla,ordinario,mp,B5,F:\DOUTORAMENTO_22\INSTRUMENTOS\Instrumentos_espectro_versão 3\CORDAS\VIOLA\Phillarmonia\viola\viola mezzo-piano_arco-normal\viola_mezzo-piano_arco-normal15\viola_B5_15_mezzo-piano_arco-normal.mp3,.mp3,ordinario
philharmonia,vla,ordinario,mp,C#3,F:\DOUTORAMENTO_22\INSTRUMENTOS\Instrumentos_espectro_versão 3\CORDAS\VIOLA\Phillarmonia\viola\viola mezzo-piano_arco-normal\viola_mezzo-piano_arco-normal15\viola_C#3_15_mezzo-piano_arco-normal.mp3,.mp3,ordinario
philharmonia,vla,ordinario,mp,C#4,F:\DOUTORAMENTO_22\INSTRUMENTOS\Instrumentos_espectro_versão 3\CORDAS\VIOLA\Phillarmonia\viola\viola mezzo-piano_arco-normal\viola_mezzo-piano_arco-normal15\viola_C#4_1_mezzo-piano_arco-normal.mp3,.mp3,ordinario
philharmonia,vla,ordinario,mp,C#5,F:\DOUTORAMENTO_22\INSTRUMENTOS\Instrumentos_espectro_versão 3\CORDAS\VIOLA\Phillarmonia\viola\viola mezzo-piano_arco-normal\viola_mezzo-piano_arco-normal15\viola_C#5_05_mezzo-piano_arco-normal.mp3,.mp3,ordinario
philharmonia,vla,ordinario,mp,C#6,F:\DOUTORAMENTO_22\INSTRUMENTOS\Instrumentos_espectro_versão 3\CORDAS\VIOLA\Phillarmonia\viola\viola mezzo-piano_arco-normal\viola_mezzo-piano_arco-normal15\viola_C#6_1_mezzo-piano_arco-normal.mp3,.mp3,ordinario
philharmonia,vla,ordinario,mp,C3,F:\DOUTORAMENTO_22\INSTRUMENTOS\Instrumentos_espectro_versão 3\CORDAS\VIOLA\Phillarmonia\viola\viola mezzo-piano_arco-normal\viola_mezzo-piano_arco-normal15\viola_C3_1_mezzo-piano_arco-normal.mp3,.mp3,ordinario
philharmonia,vla,ordinario,mp,C4,F:\DOUTORAMENTO_22\INSTRUMENTOS\Instrumentos_espectro_versão 3\CORDAS\VIOLA\Phillarmonia\viola\viola mezzo-piano_arco-normal\viola_mezzo-piano_arco-normal15\viola_C4_15_mezzo-piano_arco-normal.mp3,.mp3,ordinario
philharmonia,vla,ordinario,mp,C6,F:\DOUTORAMENTO_22\INSTRUMENTOS\Instrumentos_espectro_versão 3\CORDAS\VIOLA\Phillarmonia\viola\viola mezzo-piano_arco-normal\viola_mezzo-piano_arco-normal15\viola_C6_15_mezzo-piano_arco-normal.mp3,.mp3,ordinario
philharmonia,vla,ordinario,mp,D#3,F:\DOUTORAMENTO_22\INSTRUMENTOS\Instrumentos_espectro_versão 3\CORDAS\VIOLA\Phillarmonia\viola\viola mezzo-piano_arco-normal\viola_mezzo-piano_arco-normal15\viola_D#3_1_mezzo-piano_arco-normal.mp3,.mp3,ordinario
philharmonia,vla,ordinario,mp,D#4,F:\DOUTORAMENTO_22\INSTRUMENTOS\Instrumentos_espectro_versão 3\CORDAS\VIOLA\Phillarmonia\viola\viola mezzo-piano_arco-normal\viola_mezzo-piano_arco-normal15\viola_D#4_15_mezzo-piano_arco-normal.mp3,.mp3,ordinario
philharmonia,vla,ordinario,mp,D#5,F:\DOUTORAMENTO_22\INSTRUMENTOS\Instrumentos_espectro_versão 3\CORDAS\VIOLA\Phillarmonia\viola\viola mezzo-piano_arco-normal\viola_mezzo-piano_arco-normal15\viola_D#5_15_mezzo-piano_arco-normal.mp3,.mp3,ordinario
philharmonia,vla,ordinario,mp,D3,F:\DOUTORAMENTO_22\INSTRUMENTOS\Instrumentos_espectro_versão 3\CORDAS\VIOLA\Phillarmonia\viola\viola mezzo-piano_arco-normal\viola_mezzo-piano_arco-normal15\viola_D3_025_mezzo-piano_arco-normal.mp3,.mp3,ordinario
philharmonia,vla,ordinario,mp,D4,F:\DOUTORAMENTO_22\INSTRUMENTOS\Instrumentos_espectro_versão 3\CORDAS\VIOLA\Phillarmonia\viola\viola mezzo-piano_arco-normal\viola_mezzo-piano_arco-normal15\viola_D4_15_mezzo-piano_arco-normal.mp3,.mp3,ordinario
philharmonia,vla,ordinario,mp,D5,F:\DOUTORAMENTO_22\INSTRUMENTOS\Instrumentos_espectro_versão 3\CORDAS\VIOLA\Phillarmonia\viola\viola mezzo-piano_arco-normal\viola_mezzo-piano_arco-normal15\viola_D5_1_mezzo-piano_arco-normal.mp3,.mp3,ordinario
philharmonia,vla,ordinario,mp,E3,F:\DOUTORAMENTO_22\INSTRUMENTOS\Instrumentos_espectro_versão 3\CORDAS\VIOLA\Phillarmonia\viola\viola mezzo-piano_arco-normal\viola_mezzo-piano_arco-normal15\viola_E3_15_mezzo-piano_arco-normal.mp3,.mp3,ordinario
philharmonia,vla,ordinario,mp,E4,F:\DOUTORAMENTO_22\INSTRUMENTOS\Instrumentos_espectro_versão 3\CORDAS\VIOLA\Phillarmonia\viola\viola mezzo-piano_arco-normal\viola_mezzo-piano_arco-normal15\viola_E4_15_mezzo-piano_arco-normal.mp3,.mp3,ordinario
philharmonia,vla,ordinario,mp,E5,F:\DOUTORAMENTO_22\INSTRUMENTOS\Instrumentos_espectro_versão 3\CORDAS\VIOLA\Phillarmonia\viola\viola mezzo-piano_arco-normal\viola_mezzo-piano_arco-normal15\viola_E5_15_mezzo-piano_arco-normal.mp3,.mp3,ordinario
philharmonia,vla,ordinario,mp,E6,F:\DOUTORAMENTO_22\INSTRUMENTOS\Instrumentos_espectro_versão 3\CORDAS\VIOLA\Phillarmonia\viola\viola mezzo-piano_arco-normal\viola_mezzo-piano_arco-normal15\viola_E6_15_mezzo-piano_arco-normal.mp3,.mp3,ordinario
philharmonia,vla,ordinario,mp,F#3,F:\DOUTORAMENTO_22\INSTRUMENTOS\Instrumentos_espectro_versão 3\CORDAS\VIOLA\Phillarmonia\viola\viola mezzo-piano_arco-normal\viola_mezzo-piano_arco-normal15\viola_F#3_1_mezzo-piano_arco-normal.mp3,.mp3,ordinario
philharmonia,vla,ordinario,mp,F#4,F:\DOUTORAMENTO_22\INSTRUMENTOS\Instrumentos_espectro_versão 3\CORDAS\VIOLA\Phillarmonia\viola\viola mezzo-piano_arco-normal\viola_mezzo-piano_arco-normal15\viola_F#4_15_mezzo-piano_arco-normal.mp3,.mp3,ordinario
philharmonia,vla,ordinario,mp,F#6,F:\DOUTORAMENTO_22\INSTRUMENTOS\Instrumentos_espectro_versão 3\CORDAS\VIOLA\Phillarmonia\viola\viola mezzo-piano_arco-normal\viola_mezzo-piano_arco-normal15\viola_F#6_1_mezzo-piano_arco-normal.mp3,.mp3,ordinario
philharmonia,vla,ordinario,mp,F3,F:\DOUTORAMENTO_22\INSTRUMENTOS\Instrumentos_espectro_versão 3\CORDAS\VIOLA\Phillarmonia\viola\viola mezzo-piano_arco-normal\viola_mezzo-piano_arco-normal15\viola_F3_05_mezzo-piano_arco-normal.mp3,.mp3,ordinario
philharmonia,vla,ordinario,mp,F4,F:\DOUTORAMENTO_22\INSTRUMENTOS\Instrumentos_espectro_versão 3\CORDAS\VIOLA\Phillarmonia\viola\viola mezzo-piano_arco-normal\viola_mezzo-piano_arco-normal15\viola_F4_15_mezzo-piano_arco-normal.mp3,.mp3,ordinario
philharmonia,vla,ordinario,mp,F5,F:\DOUTORAMENTO_22\INSTRUMENTOS\Instrumentos_espectro_versão 3\CORDAS\VIOLA\Phillarmonia\viola\viola mezzo-piano_arco-normal\viola_mezzo-piano_arco-normal15\viola_F5_05_mezzo-piano_arco-normal.mp3,.mp3,ordinario
philharmonia,vla,ordinario,mp,F6,F:\DOUTORAMENTO_22\INSTRUMENTOS\Instrumentos_espectro_versão 3\CORDAS\VIOLA\Phillarmonia\viola\viola mezzo-piano_arco-normal\viola_mezzo-piano_arco-normal15\viola_F6_05_mezzo-piano_arco-normal.mp3,.mp3,ordinario
philharmonia,vla,ordinario,mp,G#3,F:\DOUTORAMENTO_22\INSTRUMENTOS\Instrumentos_espectro_versão 3\CORDAS\VIOLA\Phillarmonia\viola\viola mezzo-piano_arco-normal\viola_mezzo-piano_arco-normal15\viola_G#3_1_mezzo-piano_arco-normal.mp3,.mp3,ordinario
philharmonia,vla,ordinario,mp,G#4,F:\DOUTORAMENTO_22\INSTRUMENTOS\Instrumentos_espectro_versão 3\CORDAS\VIOLA\Phillarmonia\viola\viola mezzo-piano_arco-normal\viola_mezzo-piano_arco-normal15\viola_G#4_15_mezzo-piano_arco-normal.mp3,.mp3,ordinario
philharmonia,vla,ordinario,mp,G#5,F:\DOUTORAMENTO_22\INSTRUMENTOS\Instrumentos_espectro_versão 3\CORDAS\VIOLA\Phillarmonia\viola\viola mezzo-piano_arco-normal\viola_mezzo-piano_arco-normal15\viola_G#5_025_mezzo-piano_arco-normal.mp3,.mp3,ordinario
philharmonia,vla,ordinario,mp,G#6,F:\DOUTORAMENTO_22\INSTRUMENTOS\Instrumentos_espectro_versão 3\CORDAS\VIOLA\Phillarmonia\viola\viola mezzo-piano_arco-normal\viola_mezzo-piano_arco-normal15\viola_G#6_025_mezzo-piano_arco-normal.mp3,.mp3,ordinario
philharmonia,vla,ordinario,mp,G3,F:\DOUTORAMENTO_22\INSTRUMENTOS\Instrumentos_espectro_versão 3\CORDAS\VIOLA\Phillarmonia\viola\viola mezzo-piano_arco-normal\viola_mezzo-piano_arco-normal15\viola_G3_05_mezzo-piano_arco-normal.mp3,.mp3,ordinario
philharmonia,vla,ordinario,mp,G5,F:\DOUTORAMENTO_22\INSTRUMENTOS\Instrumentos_espectro_versão 3\CORDAS\VIOLA\Phillarmonia\viola\viola mezzo-piano_arco-normal\viola_mezzo-piano_arco-normal15\viola_G5_05_mezzo-piano_arco-normal.mp3,.mp3,ordinario
philharmonia,vla,ordinario,pp,A#3,F:\DOUTORAMENTO_22\INSTRUMENTOS\Instrumentos_espectro_versão 3\CORDAS\VIOLA\Phillarmonia\viola\viola pianissimo_arco-normal\viola_pianissimo_arco-normal15\viola_A#3_15_pianissimo_arco-normal.mp3,.mp3,ordinario
philharmonia,vla,ordinario,pp,A#4,F:\DOUTORAMENTO_22\INSTRUMENTOS\Instrumentos_espectro_versão 3\CORDAS\VIOLA\Phillarmonia\viola\viola pianissimo_arco-normal\viola_pianissimo_arco-normal15\viola_A#4_15_pianissimo_arco-normal.mp3,.mp3,ordinario
philharmonia,vla,ordinario,pp,A#5,F:\DOUTORAMENTO_22\INSTRUMENTOS\Instrumentos_espectro_versão 3\CORDAS\VIOLA\Phillarmonia\viola\viola pianissimo_arco-normal\viola_pianissimo_arco-normal15\viola_A#5_15_pianissimo_arco-normal.mp3,.mp3,ordinario
philharmonia,vla,ordinario,pp,A#6,F:\DOUTORAMENTO_22\INSTRUMENTOS\Instrumentos_espectro_versão 3\CORDAS\VIOLA\Phillarmonia\viola\viola pianissimo_arco-normal\viola_pianissimo_arco-normal15\viola_A#6_1_pianissimo_arco-normal.mp3,.mp3,ordinario
philharmonia,vla,ordinario,pp,A3,F:\DOUTORAMENTO_22\INSTRUMENTOS\Instrumentos_espectro_versão 3\CORDAS\VIOLA\Phillarmonia\viola\viola pianissimo_arco-normal\viola_pianissimo_arco-normal15\viola_A3_1_pianissimo_arco-normal.mp3,.mp3,ordinario
philharmonia,vla,ordinario,pp,A4,F:\DOUTORAMENTO_22\INSTRUMENTOS\Instrumentos_espectro_versão 3\CORDAS\VIOLA\Phillarmonia\viola\viola pianissimo_arco-normal\viola_pianissimo_arco-normal15\viola_A4_15_pianissimo_arco-normal.mp3,.mp3,ordinario
philharmonia,vla,ordinario,pp,A5,F:\DOUTORAMENTO_22\INSTRUMENTOS\Instrumentos_espectro_versão 3\CORDAS\VIOLA\Phillarmonia\viola\viola pianissimo_arco-normal\viola_pianissimo_arco-normal15\viola_A5_1_pianissimo_arco-normal.mp3,.mp3,ordinario
philharmonia,vla,ordinario,pp,A6,F:\DOUTORAMENTO_22\INSTRUMENTOS\Instrumentos_espectro_versão 3\CORDAS\VIOLA\Phillarmonia\viola\viola pianissimo_arco-normal\viola_pianissimo_arco-normal15\viola_A6_1_pianissimo_arco-normal.mp3,.mp3,ordinario
philharmonia,vla,ordinario,pp,B3,F:\DOUTORAMENTO_22\INSTRUMENTOS\Instrumentos_espectro_versão 3\CORDAS\VIOLA\Phillarmonia\viola\viola pianissimo_arco-normal\viola_pianissimo_arco-normal15\viola_B3_1_pianissimo_arco-normal.mp3,.mp3,ordinario
philharmonia,vla,ordinario,pp,B4,F:\DOUTORAMENTO_22\INSTRUMENTOS\Instrumentos_espectro_versão 3\CORDAS\VIOLA\Phillarmonia\viola\viola pianissimo_arco-normal\viola_pianissimo_arco-normal15\viola_B4_15_pianissimo_arco-normal.mp3,.mp3,ordinario
philharmonia,vla,ordinario,pp,B5,F:\DOUTORAMENTO_22\INSTRUMENTOS\Instrumentos_espectro_versão 3\CORDAS\VIOLA\Phillarmonia\viola\viola pianissimo_arco-normal\viola_pianissimo_arco-normal15\viola_B5_1_pianissimo_arco-normal.mp3,.mp3,ordinario
philharmonia,vla,ordinario,pp,B6,F:\DOUTORAMENTO_22\INSTRUMENTOS\Instrumentos_espectro_versão 3\CORDAS\VIOLA\Phillarmonia\viola\viola pianissimo_arco-normal\viola_pianissimo_arco-normal15\viola_B6_1_pianissimo_arco-normal.mp3,.mp3,ordinario
philharmonia,vla,ordinario,pp,C#3,F:\DOUTORAMENTO_22\INSTRUMENTOS\Instrumentos_espectro_versão 3\CORDAS\VIOLA\Phillarmonia\viola\viola pianissimo_arco-normal\viola_pianissimo_arco-normal15\viola_C#3_15_pianissimo_arco-normal.mp3,.mp3,ordinario
philharmonia,vla,ordinario,pp,C#4,F:\DOUTORAMENTO_22\INSTRUMENTOS\Instrumentos_espectro_versão 3\CORDAS\VIOLA\Phillarmonia\viola\viola pianissimo_arco-normal\viola_pianissimo_arco-normal15\viola_C#4_15_pianissimo_arco-normal.mp3,.mp3,ordinario
philharmonia,vla,ordinario,pp,C#5,F:\DOUTORAMENTO_22\INSTRUMENTOS\Instrumentos_espectro_versão 3\CORDAS\VIOLA\Phillarmonia\viola\viola pianissimo_arco-normal\viola_pianissimo_arco-normal15\viola_C#5_15_pianissimo_arco-normal.mp3,.mp3,ordinario
philharmonia,vla,ordinario,pp,C#6,F:\DOUTORAMENTO_22\INSTRUMENTOS\Instrumentos_espectro_versão 3\CORDAS\VIOLA\Phillarmonia\viola\viola pianissimo_arco-normal\viola_pianissimo_arco-normal15\viola_C#6_15_pianissimo_arco-normal.mp3,.mp3,ordinario
philharmonia,vla,ordinario,pp,C#7,F:\DOUTORAMENTO_22\INSTRUMENTOS\Instrumentos_espectro_versão 3\CORDAS\VIOLA\Phillarmonia\viola\viola pianissimo_arco-normal\viola_pianissimo_arco-normal15\viola_C#7_1_pianissimo_arco-normal.mp3,.mp3,ordinario
philharmonia,vla,ordinario,pp,C4,F:\DOUTORAMENTO_22\INSTRUMENTOS\Instrumentos_espectro_versão 3\CORDAS\VIOLA\Phillarmonia\viola\viola pianissimo_arco-normal\viola_pianissimo_arco-normal15\viola_C4_15_pianissimo_arco-normal.mp3,.mp3,ordinario
philharmonia,vla,ordinario,pp,C5,F:\DOUTORAMENTO_22\INSTRUMENTOS\Instrumentos_espectro_versão 3\CORDAS\VIOLA\Phillarmonia\viola\viola pianissimo_arco-normal\viola_pianissimo_arco-normal15\viola_C5_15_pianissimo_arco-normal.mp3,.mp3,ordinario
philharmonia,vla,ordinario,pp,C6,F:\DOUTORAMENTO_22\INSTRUMENTOS\Instrumentos_espectro_versão 3\CORDAS\VIOLA\Phillarmonia\viola\viola pianissimo_arco-normal\viola_pianissimo_arco-normal15\viola_C6_1_pianissimo_arco-normal.mp3,.mp3,ordinario
philharmonia,vla,ordinario,pp,C7,F:\DOUTORAMENTO_22\INSTRUMENTOS\Instrumentos_espectro_versão 3\CORDAS\VIOLA\Phillarmonia\viola\viola pianissimo_arco-normal\viola_pianissimo_arco-normal15\viola_C7_15_pianissimo_arco-normal.mp3,.mp3,ordinario
philharmonia,vla,ordinario,pp,D#3,F:\DOUTORAMENTO_22\INSTRUMENTOS\Instrumentos_espectro_versão 3\CORDAS\VIOLA\Phillarmonia\viola\viola pianissimo_arco-normal\viola_pianissimo_arco-normal15\viola_D#3_15_pianissimo_arco-normal.mp3,.mp3,ordinario
philharmonia,vla,ordinario,pp,D#4,F:\DOUTORAMENTO_22\INSTRUMENTOS\Instrumentos_espectro_versão 3\CORDAS\VIOLA\Phillarmonia\viola\viola pianissimo_arco-normal\viola_pianissimo_arco-normal15\viola_D#4_1_pianissimo_arco-normal.mp3,.mp3,ordinario
philharmonia,vla,ordinario,pp,D#5,F:\DOUTORAMENTO_22\INSTRUMENTOS\Instrumentos_espectro_versão 3\CORDAS\VIOLA\Phillarmonia\viola\viola pianissimo_arco-normal\viola_pianissimo_arco-normal15\viola_D#5_15_pianissimo_arco-normal.mp3,.mp3,ordinario
philharmonia,vla,ordinario,pp,D#6,F:\DOUTORAMENTO_22\INSTRUMENTOS\Instrumentos_espectro_versão 3\CORDAS\VIOLA\Phillarmonia\viola\viola pianissimo_arco-normal\viola_pianissimo_arco-normal15\viola_D#6_1_pianissimo_arco-normal.mp3,.mp3,ordinario
philharmonia,vla,ordinario,pp,D3,F:\DOUTORAMENTO_22\INSTRUMENTOS\Instrumentos_espectro_versão 3\CORDAS\VIOLA\Phillarmonia\viola\viola pianissimo_arco-normal\viola_pianissimo_arco-normal15\viola_D3_15_pianissimo_arco-normal.mp3,.mp3,ordinario
philharmonia,vla,ordinario,pp,D4,F:\DOUTORAMENTO_22\INSTRUMENTOS\Instrumentos_espectro_versão 3\CORDAS\VIOLA\Phillarmonia\viola\viola pianissimo_arco-normal\viola_pianissimo_arco-normal15\viola_D4_1_pianissimo_arco-normal.mp3,.mp3,ordinario
philharmonia,vla,ordinario,pp,D5,F:\DOUTORAMENTO_22\INSTRUMENTOS\Instrumentos_espectro_versão 3\CORDAS\VIOLA\Phillarmonia\viola\viola pianissimo_arco-normal\viola_pianissimo_arco-normal15\viola_D5_15_pianissimo_arco-normal.mp3,.mp3,ordinario
philharmonia,vla,ordinario,pp,D6,F:\DOUTORAMENTO_22\INSTRUMENTOS\Instrumentos_espectro_versão 3\CORDAS\VIOLA\Phillarmonia\viola\viola pianissimo_arco-normal\viola_pianissimo_arco-normal15\viola_D6_1_pianissimo_arco-normal.mp3,.mp3,ordinario
philharmonia,vla,ordinario,pp,E3,F:\DOUTORAMENTO_22\INSTRUMENTOS\Instrumentos_espectro_versão 3\CORDAS\VIOLA\Phillarmonia\viola\viola pianissimo_arco-normal\viola_pianissimo_arco-normal15\viola_E3_15_pianissimo_arco-normal.mp3,.mp3,ordinario
philharmonia,vla,ordinario,pp,E4,F:\DOUTORAMENTO_22\INSTRUMENTOS\Instrumentos_espectro_versão 3\CORDAS\VIOLA\Phillarmonia\viola\viola pianissimo_arco-normal\viola_pianissimo_arco-normal15\viola_E4_15_pianissimo_arco-normal.mp3,.mp3,ordinario
philharmonia,vla,ordinario,pp,E5,F:\DOUTORAMENTO_22\INSTRUMENTOS\Instrumentos_espectro_versão 3\CORDAS\VIOLA\Phillarmonia\viola\viola pianissimo_arco-normal\viola_pianissimo_arco-normal15\viola_E5_15_pianissimo_arco-normal.mp3,.mp3,ordinario
philharmonia,vla,ordinario,pp,F#3,F:\DOUTORAMENTO_22\INSTRUMENTOS\Instrumentos_espectro_versão 3\CORDAS\VIOLA\Phillarmonia\viola\viola pianissimo_arco-normal\viola_pianissimo_arco-normal15\viola_F#3_1_pianissimo_arco-normal.mp3,.mp3,ordinario
philharmonia,vla,ordinario,pp,F#4,F:\DOUTORAMENTO_22\INSTRUMENTOS\Instrumentos_espectro_versão 3\CORDAS\VIOLA\Phillarmonia\viola\viola pianissimo_arco-normal\viola_pianissimo_arco-normal15\viola_F#4_15_pianissimo_arco-normal.mp3,.mp3,ordinario
philharmonia,vla,ordinario,pp,F#5,F:\DOUTORAMENTO_22\INSTRUMENTOS\Instrumentos_espectro_versão 3\CORDAS\VIOLA\Phillarmonia\viola\viola pianissimo_arco-normal\viola_pianissimo_arco-normal15\viola_F#5_15_pianissimo_arco-normal.mp3,.mp3,ordinario
philharmonia,vla,ordinario,pp,F#6,F:\DOUTORAMENTO_22\INSTRUMENTOS\Instrumentos_espectro_versão 3\CORDAS\VIOLA\Phillarmonia\viola\viola pianissimo_arco-normal\viola_pianissimo_arco-normal15\viola_F#6_1_pianissimo_arco-normal.mp3,.mp3,ordinario
philharmonia,vla,ordinario,pp,F3,F:\DOUTORAMENTO_22\INSTRUMENTOS\Instrumentos_espectro_versão 3\CORDAS\VIOLA\Phillarmonia\viola\viola pianissimo_arco-normal\viola_pianissimo_arco-normal15\viola_F3_15_pianissimo_arco-normal.mp3,.mp3,ordinario
philharmonia,vla,ordinario,pp,F4,F:\DOUTORAMENTO_22\INSTRUMENTOS\Instrumentos_espectro_versão 3\CORDAS\VIOLA\Phillarmonia\viola\viola pianissimo_arco-normal\viola_pianissimo_arco-normal15\viola_F4_15_pianissimo_arco-normal.mp3,.mp3,ordinario
philharmonia,vla,ordinario,pp,F5,F:\DOUTORAMENTO_22\INSTRUMENTOS\Instrumentos_espectro_versão 3\CORDAS\VIOLA\Phillarmonia\viola\viola pianissimo_arco-normal\viola_pianissimo_arco-normal15\viola_F5_15_pianissimo_arco-normal.mp3,.mp3,ordinario
philharmonia,vla,ordinario,pp,F6,F:\DOUTORAMENTO_22\INSTRUMENTOS\Instrumentos_espectro_versão 3\CORDAS\VIOLA\Phillarmonia\viola\viola pianissimo_arco-normal\viola_pianissimo_arco-normal15\viola_F6_1_pianissimo_arco-normal.mp3,.mp3,ordinario
philharmonia,vla,ordinario,pp,G#3,F:\DOUTORAMENTO_22\INSTRUMENTOS\Instrumentos_espectro_versão 3\CORDAS\VIOLA\Phillarmonia\viola\viola pianissimo_arco-normal\viola_pianissimo_arco-normal15\viola_G#3_15_pianissimo_arco-normal.mp3,.mp3,ordinario
philharmonia,vla,ordinario,pp,G#4,F:\DOUTORAMENTO_22\INSTRUMENTOS\Instrumentos_espectro_versão 3\CORDAS\VIOLA\Phillarmonia\viola\viola pianissimo_arco-normal\viola_pianissimo_arco-normal15\viola_G#4_15_pianissimo_arco-normal.mp3,.mp3,ordinario
philharmonia,vla,ordinario,pp,G#5,F:\DOUTORAMENTO_22\INSTRUMENTOS\Instrumentos_espectro_versão 3\CORDAS\VIOLA\Phillarmonia\viola\viola pianissimo_arco-normal\viola_pianissimo_arco-normal15\viola_G#5_15_pianissimo_arco-normal.mp3,.mp3,ordinario
philharmonia,vla,ordinario,pp,G#6,F:\DOUTORAMENTO_22\INSTRUMENTOS\Instrumentos_espectro_versão 3\CORDAS\VIOLA\Phillarmonia\viola\viola pianissimo_arco-normal\viola_pianissimo_arco-normal15\viola_G#6_1_pianissimo_arco-normal.mp3,.mp3,ordinario
philharmonia,vla,ordinario,pp,G3,F:\DOUTORAMENTO_22\INSTRUMENTOS\Instrumentos_espectro_versão 3\CORDAS\VIOLA\Phillarmonia\viola\viola pianissimo_arco-normal\viola_pianissimo_arco-normal15\viola_G3_15_pianissimo_arco-normal.mp3,.mp3,ordinario
philharmonia,vla,ordinario,pp,G4,F:\DOUTORAMENTO_22\INSTRUMENTOS\Instrumentos_espectro_versão 3\CORDAS\VIOLA\Phillarmonia\viola\viola pianissimo_arco-normal\viola_pianissimo_arco-normal15\viola_G4_1_pianissimo_arco-normal.mp3,.mp3,ordinario
philharmonia,vla,ordinario,pp,G5,F:\DOUTORAMENTO_22\INSTRUMENTOS\Instrumentos_espectro_versão 3\CORDAS\VIOLA\Phillarmonia\viola\viola pianissimo_arco-normal\viola_pianissimo_arco-normal15\viola_G5_1_pianissimo_arco-normal.mp3,.mp3,ordinario
philharmonia,vla,ordinario,pp,G6,F:\DOUTORAMENTO_22\INSTRUMENTOS\Instrumentos_espectro_versão 3\CORDAS\VIOLA\Phillarmonia\viola\viola pianissimo_arco-normal\viola_pianissimo_arco-normal15\viola_G6_15_pianissimo_arco-normal.mp3,.mp3,ordinario
philharmonia,vla,ordinario,p,A#3,F:\DOUTORAMENTO_22\INSTRUMENTOS\Instrumentos_espectro_versão 3\CORDAS\VIOLA\Phillarmonia\viola\viola piano_arco-normal\viola_piano_arco-normal15\viola_A#3_15_piano_arco-normal.mp3,.mp3,ordinario
philharmonia,vla,ordinario,p,A#4,F:\DOUTORAMENTO_22\INSTRUMENTOS\Instrumentos_espectro_versão 3\CORDAS\VIOLA\Phillarmonia\viola\viola piano_arco-normal\viola_piano_arco-normal15\viola_A#4_1_piano_arco-normal.mp3,.mp3,ordinario
philharmonia,vla,ordinario,p,A#5,F:\DOUTORAMENTO_22\INSTRUMENTOS\Instrumentos_espectro_versão 3\CORDAS\VIOLA\Phillarmonia\viola\viola piano_arco-normal\viola_piano_arco-normal15\viola_A#5_1_piano_arco-normal.mp3,.mp3,ordinario
philharmonia,vla,ordinario,p,A#6,F:\DOUTORAMENTO_22\INSTRUMENTOS\Instrumentos_espectro_versão 3\CORDAS\VIOLA\Phillarmonia\viola\viola piano_arco-normal\viola_piano_arco-normal15\viola_A#6_1_piano_arco-normal.mp3,.mp3,ordinario
philharmonia,vla,ordinario,p,A3,F:\DOUTORAMENTO_22\INSTRUMENTOS\Instrumentos_espectro_versão 3\CORDAS\VIOLA\Phillarmonia\viola\viola piano_arco-normal\viola_piano_arco-normal15\viola_A3_15_piano_arco-normal.mp3,.mp3,ordinario
philharmonia,vla,ordinario,p,A4,F:\DOUTORAMENTO_22\INSTRUMENTOS\Instrumentos_espectro_versão 3\CORDAS\VIOLA\Phillarmonia\viola\viola piano_arco-normal\viola_piano_arco-normal15\viola_A4_15_piano_arco-normal.mp3,.mp3,ordinario
philharmonia,vla,ordinario,p,A5,F:\DOUTORAMENTO_22\INSTRUMENTOS\Instrumentos_espectro_versão 3\CORDAS\VIOLA\Phillarmonia\viola\viola piano_arco-normal\viola_piano_arco-normal15\viola_A5_15_piano_arco-normal.mp3,.mp3,ordinario
philharmonia,vla,ordinario,p,A6,F:\DOUTORAMENTO_22\INSTRUMENTOS\Instrumentos_espectro_versão 3\CORDAS\VIOLA\Phillarmonia\viola\viola piano_arco-normal\viola_piano_arco-normal15\viola_A6_15_piano_arco-normal.mp3,.mp3,ordinario
philharmonia,vla,ordinario,p,B3,F:\DOUTORAMENTO_22\INSTRUMENTOS\Instrumentos_espectro_versão 3\CORDAS\VIOLA\Phillarmonia\viola\viola piano_arco-normal\viola_piano_arco-normal15\viola_B3_15_piano_arco-normal.mp3,.mp3,ordinario
philharmonia,vla,ordinario,p,B4,F:\DOUTORAMENTO_22\INSTRUMENTOS\Instrumentos_espectro_versão 3\CORDAS\VIOLA\Phillarmonia\viola\viola piano_arco-normal\viola_piano_arco-normal15\viola_B4_15_piano_arco-normal.mp3,.mp3,ordinario
philharmonia,vla,ordinario,p,B5,F:\DOUTORAMENTO_22\INSTRUMENTOS\Instrumentos_espectro_versão 3\CORDAS\VIOLA\Phillarmonia\viola\viola piano_arco-normal\viola_piano_arco-normal15\viola_B5_15_piano_arco-normal.mp3,.mp3,ordinario
philharmonia,vla,ordinario,p,B6,F:\DOUTORAMENTO_22\INSTRUMENTOS\Instrumentos_espectro_versão 3\CORDAS\VIOLA\Phillarmonia\viola\viola piano_arco-normal\viola_piano_arco-normal15\viola_B6_1_piano_arco-normal.mp3,.mp3,ordinario
philharmonia,vla,ordinario,p,C#3,F:\DOUTORAMENTO_22\INSTRUMENTOS\Instrumentos_espectro_versão 3\CORDAS\VIOLA\Phillarmonia\viola\viola piano_arco-normal\viola_piano_arco-normal15\viola_C#3_15_piano_arco-normal.mp3,.mp3,ordinario
philharmonia,vla,ordinario,p,C#4,F:\DOUTORAMENTO_22\INSTRUMENTOS\Instrumentos_espectro_versão 3\CORDAS\VIOLA\Phillarmonia\viola\viola piano_arco-normal\viola_piano_arco-normal15\viola_C#4_15_piano_arco-normal.mp3,.mp3,ordinario
philharmonia,vla,ordinario,p,C#5,F:\DOUTORAMENTO_22\INSTRUMENTOS\Instrumentos_espectro_versão 3\CORDAS\VIOLA\Phillarmonia\viola\viola piano_arco-normal\viola_piano_arco-normal15\viola_C#5_1_piano_arco-normal.mp3,.mp3,ordinario
philharmonia,vla,ordinario,p,C#6,F:\DOUTORAMENTO_22\INSTRUMENTOS\Instrumentos_espectro_versão 3\CORDAS\VIOLA\Phillarmonia\viola\viola piano_arco-normal\viola_piano_arco-normal15\viola_C#6_15_piano_arco-normal.mp3,.mp3,ordinario
philharmonia,vla,ordinario,p,C#7,F:\DOUTORAMENTO_22\INSTRUMENTOS\Instrumentos_espectro_versão 3\CORDAS\VIOLA\Phillarmonia\viola\viola piano_arco-normal\viola_piano_arco-normal15\viola_C#7_1_piano_arco-normal.mp3,.mp3,ordinario
philharmonia,vla,ordinario,p,C3,F:\DOUTORAMENTO_22\INSTRUMENTOS\Instrumentos_espectro_versão 3\CORDAS\VIOLA\Phillarmonia\viola\viola piano_arco-normal\viola_piano_arco-normal15\viola_C3_15_piano_arco-normal.mp3,.mp3,ordinario
philharmonia,vla,ordinario,p,C4,F:\DOUTORAMENTO_22\INSTRUMENTOS\Instrumentos_espectro_versão 3\CORDAS\VIOLA\Phillarmonia\viola\viola piano_arco-normal\viola_piano_arco-normal15\viola_C4_1_piano_arco-normal.mp3,.mp3,ordinario
philharmonia,vla,ordinario,p,C5,F:\DOUTORAMENTO_22\INSTRUMENTOS\Instrumentos_espectro_versão 3\CORDAS\VIOLA\Phillarmonia\viola\viola piano_arco-normal\viola_piano_arco-normal15\viola_C5_15_piano_arco-normal.mp3,.mp3,ordinario
philharmonia,vla,ordinario,p,C6,F:\DOUTORAMENTO_22\INSTRUMENTOS\Instrumentos_espectro_versão 3\CORDAS\VIOLA\Phillarmonia\viola\viola piano_arco-normal\viola_piano_arco-normal15\viola_C6_05_piano_arco-normal.mp3,.mp3,ordinario
philharmonia,vla,ordinario,p,C7,F:\DOUTORAMENTO_22\INSTRUMENTOS\Instrumentos_espectro_versão 3\CORDAS\VIOLA\Phillarmonia\viola\viola piano_arco-normal\viola_piano_arco-normal15\viola_C7_1_piano_arco-normal.mp3,.mp3,ordinario
philharmonia,vla,ordinario,p,D#3,F:\DOUTORAMENTO_22\INSTRUMENTOS\Instrumentos_espectro_versão 3\CORDAS\VIOLA\Phillarmonia\viola\viola piano_arco-normal\viola_piano_arco-normal15\viola_D#3_15_piano_arco-normal.mp3,.mp3,ordinario
philharmonia,vla,ordinario,p,D#4,F:\DOUTORAMENTO_22\INSTRUMENTOS\Instrumentos_espectro_versão 3\CORDAS\VIOLA\Phillarmonia\viola\viola piano_arco-normal\viola_piano_arco-normal15\viola_D#4_1_piano_arco-normal.mp3,.mp3,ordinario
philharmonia,vla,ordinario,p,D#5,F:\DOUTORAMENTO_22\INSTRUMENTOS\Instrumentos_espectro_versão 3\CORDAS\VIOLA\Phillarmonia\viola\viola piano_arco-normal\viola_piano_arco-normal15\viola_D#5_1_piano_arco-normal.mp3,.mp3,ordinario
philharmonia,vla,ordinario,p,D#6,F:\DOUTORAMENTO_22\INSTRUMENTOS\Instrumentos_espectro_versão 3\CORDAS\VIOLA\Phillarmonia\viola\viola piano_arco-normal\viola_piano_arco-normal15\viola_D#6_05_piano_arco-normal.mp3,.mp3,ordinario
philharmonia,vla,ordinario,p,D3,F:\DOUTORAMENTO_22\INSTRUMENTOS\Instrumentos_espectro_versão 3\CORDAS\VIOLA\Phillarmonia\viola\viola piano_arco-normal\viola_piano_arco-normal15\viola_D3_15_piano_arco-normal.mp3,.mp3,ordinario
philharmonia,vla,ordinario,p,D4,F:\DOUTORAMENTO_22\INSTRUMENTOS\Instrumentos_espectro_versão 3\CORDAS\VIOLA\Phillarmonia\viola\viola piano_arco-normal\viola_piano_arco-normal15\viola_D4_1_piano_arco-normal.mp3,.mp3,ordinario
philharmonia,vla,ordinario,p,D5,F:\DOUTORAMENTO_22\INSTRUMENTOS\Instrumentos_espectro_versão 3\CORDAS\VIOLA\Phillarmonia\viola\viola piano_arco-normal\viola_piano_arco-normal15\viola_D5_1_piano_arco-normal.mp3,.mp3,ordinario
philharmonia,vla,ordinario,p,D6,F:\DOUTORAMENTO_22\INSTRUMENTOS\Instrumentos_espectro_versão 3\CORDAS\VIOLA\Phillarmonia\viola\viola piano_arco-normal\viola_piano_arco-normal15\viola_D6_1_piano_arco-normal.mp3,.mp3,ordinario
philharmonia,vla,ordinario,p,D7,F:\DOUTORAMENTO_22\INSTRUMENTOS\Instrumentos_espectro_versão 3\CORDAS\VIOLA\Phillarmonia\viola\viola piano_arco-normal\viola_piano_arco-normal15\viola_D7_15_piano_arco-normal.mp3,.mp3,ordinario
philharmonia,vla,ordinario,p,E3,F:\DOUTORAMENTO_22\INSTRUMENTOS\Instrumentos_espectro_versão 3\CORDAS\VIOLA\Phillarmonia\viola\viola piano_arco-normal\viola_piano_arco-normal15\viola_E3_15_piano_arco-normal.mp3,.mp3,ordinario
philharmonia,vla,ordinario,p,E4,F:\DOUTORAMENTO_22\INSTRUMENTOS\Instrumentos_espectro_versão 3\CORDAS\VIOLA\Phillarmonia\viola\viola piano_arco-normal\viola_piano_arco-normal15\viola_E4_15_piano_arco-normal.mp3,.mp3,ordinario
philharmonia,vla,ordinario,p,E5,F:\DOUTORAMENTO_22\INSTRUMENTOS\Instrumentos_espectro_versão 3\CORDAS\VIOLA\Phillarmonia\viola\viola piano_arco-normal\viola_piano_arco-normal15\viola_E5_15_piano_arco-normal.mp3,.mp3,ordinario
philharmonia,vla,ordinario,p,E6,F:\DOUTORAMENTO_22\INSTRUMENTOS\Instrumentos_espectro_versão 3\CORDAS\VIOLA\Phillarmonia\viola\viola piano_arco-normal\viola_piano_arco-normal15\viola_E6_15_piano_arco-normal.mp3,.mp3,ordinario
philharmonia,vla,ordinario,p,F#3,F:\DOUTORAMENTO_22\INSTRUMENTOS\Instrumentos_espectro_versão 3\CORDAS\VIOLA\Phillarmonia\viola\viola piano_arco-normal\viola_piano_arco-normal15\viola_F#3_1_piano_arco-normal.mp3,.mp3,ordinario
philharmonia,vla,ordinario,p,F#5,F:\DOUTORAMENTO_22\INSTRUMENTOS\Instrumentos_espectro_versão 3\CORDAS\VIOLA\Phillarmonia\viola\viola piano_arco-normal\viola_piano_arco-normal15\viola_F#5_15_piano_arco-normal.mp3,.mp3,ordinario
philharmonia,vla,ordinario,p,F#6,F:\DOUTORAMENTO_22\INSTRUMENTOS\Instrumentos_espectro_versão 3\CORDAS\VIOLA\Phillarmonia\viola\viola piano_arco-normal\viola_piano_arco-normal15\viola_F#6_15_piano_arco-normal.mp3,.mp3,ordinario
philharmonia,vla,ordinario,p,F3,F:\DOUTORAMENTO_22\INSTRUMENTOS\Instrumentos_espectro_versão 3\CORDAS\VIOLA\Phillarmonia\viola\viola piano_arco-normal\viola_piano_arco-normal15\viola_F3_1_piano_arco-normal.mp3,.mp3,ordinario
philharmonia,vla,ordinario,p,F4,F:\DOUTORAMENTO_22\INSTRUMENTOS\Instrumentos_espectro_versão 3\CORDAS\VIOLA\Phillarmonia\viola\viola piano_arco-normal\viola_piano_arco-normal15\viola_F4_15_piano_arco-normal.mp3,.mp3,ordinario
philharmonia,vla,ordinario,p,F5,F:\DOUTORAMENTO_22\INSTRUMENTOS\Instrumentos_espectro_versão 3\CORDAS\VIOLA\Phillarmonia\viola\viola piano_arco-normal\viola_piano_arco-normal15\viola_F5_1_piano_arco-normal.mp3,.mp3,ordinario
philharmonia,vla,ordinario,p,F6,F:\DOUTORAMENTO_22\INSTRUMENTOS\Instrumentos_espectro_versão 3\CORDAS\VIOLA\Phillarmonia\viola\viola piano_arco-normal\viola_piano_arco-normal15\viola_F6_1_piano_arco-normal.mp3,.mp3,ordinario
philharmonia,vla,ordinario,p,G#3,F:\DOUTORAMENTO_22\INSTRUMENTOS\Instrumentos_espectro_versão 3\CORDAS\VIOLA\Phillarmonia\viola\viola piano_arco-normal\viola_piano_arco-normal15\viola_G#3_15_piano_arco-normal.mp3,.mp3,ordinario
philharmonia,vla,ordinario,p,G#4,F:\DOUTORAMENTO_22\INSTRUMENTOS\Instrumentos_espectro_versão 3\CORDAS\VIOLA\Phillarmonia\viola\viola piano_arco-normal\viola_piano_arco-normal15\viola_G#4_1_piano_arco-normal.mp3,.mp3,ordinario
philharmonia,vla,ordinario,p,G#5,F:\DOUTORAMENTO_22\INSTRUMENTOS\Instrumentos_espectro_versão 3\CORDAS\VIOLA\Phillarmonia\viola\viola piano_arco-normal\viola_piano_arco-normal15\viola_G#5_1_piano_arco-normal.mp3,.mp3,ordinario
philharmonia,vla,ordinario,p,G#6,F:\DOUTORAMENTO_22\INSTRUMENTOS\Instrumentos_espectro_versão 3\CORDAS\VIOLA\Phillarmonia\viola\viola piano_arco-normal\viola_piano_arco-normal15\viola_G#6_05_piano_arco-normal.mp3,.mp3,ordinario
philharmonia,vla,ordinario,p,G3,F:\DOUTORAMENTO_22\INSTRUMENTOS\Instrumentos_espectro_versão 3\CORDAS\VIOLA\Phillarmonia\viola\viola piano_arco-normal\viola_piano_arco-normal15\viola_G3_15_piano_arco-normal.mp3,.mp3,ordinario
philharmonia,vla,ordinario,p,G4,F:\DOUTORAMENTO_22\INSTRUMENTOS\Instrumentos_espectro_versão 3\CORDAS\VIOLA\Phillarmonia\viola\viola piano_arco-normal\viola_piano_arco-normal15\viola_G4_1_piano_arco-normal.mp3,.mp3,ordinario
philharmonia,vla,ordinario,p,G5,F:\DOUTORAMENTO_22\INSTRUMENTOS\Instrumentos_espectro_versão 3\CORDAS\VIOLA\Phillarmonia\viola\viola piano_arco-normal\viola_piano_arco-normal15\viola_G5_15_piano_arco-normal.mp3,.mp3,ordinario
philharmonia,vla,ordinario,p,G6,F:\DOUTORAMENTO_22\INSTRUMENTOS\Instrumentos_espectro_versão 3\CORDAS\VIOLA\Phillarmonia\viola\viola piano_arco-normal\viola_piano_arco-normal15\viola_G6_05_piano_arco-normal.mp3,.mp3,ordinario
mcgill,vla,artificial_harmonic,mf,A#5,D:\CORDAS\McGill\VIOLAS\VIOLA ARTIFICIAL HARMONICS\VlaA#5_1.27sec.wav,.wav,harmonic
mcgill,vla,artificial_harmonic,mf,A5,D:\CORDAS\McGill\VIOLAS\VIOLA ARTIFICIAL HARMONICS\VlaA5_1.18sec.wav,.wav,harmonic
mcgill,vla,artificial_harmonic,mf,B5,D:\CORDAS\McGill\VIOLAS\VIOLA ARTIFICIAL HARMONICS\VlaB5_1.48sec.wav,.wav,harmonic
mcgill,vla,artificial_harmonic,mf,C#5,D:\CORDAS\McGill\VIOLAS\VIOLA ARTIFICIAL HARMONICS\VlaC#5_1.54sec.wav,.wav,harmonic
mcgill,vla,artificial_harmonic,mf,C5,D:\CORDAS\McGill\VIOLAS\VIOLA ARTIFICIAL HARMONICS\VlaC5_1.68sec.wav,.wav,harmonic
mcgill,vla,artificial_harmonic,mf,C6,D:\CORDAS\McGill\VIOLAS\VIOLA ARTIFICIAL HARMONICS\VlaC6_1.49sec.wav,.wav,harmonic
mcgill,vla,artificial_harmonic,mf,D#5,D:\CORDAS\McGill\VIOLAS\VIOLA ARTIFICIAL HARMONICS\VlaD#5_1.43sec.wav,.wav,harmonic
mcgill,vla,artificial_harmonic,mf,D5,D:\CORDAS\McGill\VIOLAS\VIOLA ARTIFICIAL HARMONICS\VlaD5_1.73sec.wav,.wav,harmonic
mcgill,vla,artificial_harmonic,mf,E5,D:\CORDAS\McGill\VIOLAS\VIOLA ARTIFICIAL HARMONICS\VlaE5_1.19sec.wav,.wav,harmonic
mcgill,vla,artificial_harmonic,mf,F#5,D:\CORDAS\McGill\VIOLAS\VIOLA ARTIFICIAL HARMONICS\VlaF#5_1.44sec.wav,.wav,harmonic
mcgill,vla,artificial_harmonic,mf,F5,D:\CORDAS\McGill\VIOLAS\VIOLA ARTIFICIAL HARMONICS\VlaF5_1.78sec.wav,.wav,harmonic
mcgill,vla,artificial_harmonic,mf,G#5,D:\CORDAS\McGill\VIOLAS\VIOLA ARTIFICIAL HARMONICS\VlaG#5_1.38sec.wav,.wav,harmonic
mcgill,vla,artificial_harmonic,mf,G5,D:\CORDAS\McGill\VIOLAS\VIOLA ARTIFICIAL HARMONICS\VlaG5_1.38sec.wav,.wav,harmonic
mcgill,vla,ordinario,unknown,B3,D:\CORDAS\McGill\VIOLAS\VIOLA NON-VIBRATO\Vla.B3_4.71sec.wav,.wav,ordinario
mcgill,vla,ordinario,unknown,B4,D:\CORDAS\McGill\VIOLAS\VIOLA NON-VIBRATO\Vla.B4_4.13sec.wav,.wav,ordinario
mcgill,vla,ordinario,unknown,A#3,D:\CORDAS\McGill\VIOLAS\VIOLA NON-VIBRATO\VlaA#3_5.35sec.wav,.wav,ordinario
mcgill,vla,ordinario,unknown,A#4,D:\CORDAS\McGill\VIOLAS\VIOLA NON-VIBRATO\VlaA#4_4.14sec.wav,.wav,ordinario
mcgill,vla,ordinario,unknown,A3,D:\CORDAS\McGill\VIOLAS\VIOLA NON-VIBRATO\VlaA3_4.99sec.wav,.wav,ordinario
mcgill,vla,ordinario,unknown,A4,D:\CORDAS\McGill\VIOLAS\VIOLA NON-VIBRATO\VlaA4opn_4.63sec.wav,.wav,ordinario
mcgill,vla,ordinario,unknown,C#3,D:\CORDAS\McGill\VIOLAS\VIOLA NON-VIBRATO\VlaC#3_5.18sec.wav,.wav,ordinario
mcgill,vla,ordinario,unknown,C#4,D:\CORDAS\McGill\VIOLAS\VIOLA NON-VIBRATO\VlaC#4_4.76sec.wav,.wav,ordinario
mcgill,vla,ordinario,unknown,C#5,D:\CORDAS\McGill\VIOLAS\VIOLA NON-VIBRATO\VlaC#5_4.75sec.wav,.wav,ordinario
mcgill,vla,ordinario,unknown,C3,D:\CORDAS\McGill\VIOLAS\VIOLA NON-VIBRATO\VlaC3_2.98sec.wav,.wav,ordinario
mcgill,vla,ordinario,unknown,C4,D:\CORDAS\McGill\VIOLAS\VIOLA NON-VIBRATO\VlaC4_5.72sec.wav,.wav,ordinario
mcgill,vla,ordinario,unknown,C5,D:\CORDAS\McGill\VIOLAS\VIOLA NON-VIBRATO\VlaC5_4.03sec.wav,.wav,ordinario
mcgill,vla,ordinario,unknown,D#3,D:\CORDAS\McGill\VIOLAS\VIOLA NON-VIBRATO\VlaD#3_5.22sec.wav,.wav,ordinario
mcgill,vla,ordinario,unknown,D#4,D:\CORDAS\McGill\VIOLAS\VIOLA NON-VIBRATO\VlaD#4_4.65sec.wav,.wav,ordinario
mcgill,vla,ordinario,unknown,D#5,D:\CORDAS\McGill\VIOLAS\VIOLA NON-VIBRATO\VlaD#5_4.74sec.wav,.wav,ordinario
mcgill,vla,ordinario,unknown,D3,D:\CORDAS\McGill\VIOLAS\VIOLA NON-VIBRATO\VlaD3_5.73sec.wav,.wav,ordinario
mcgill,vla,ordinario,unknown,D4,D:\CORDAS\McGill\VIOLAS\VIOLA NON-VIBRATO\VlaD4opn_5.85sec.wav,.wav,ordinario
mcgill,vla,ordinario,unknown,D5,D:\CORDAS\McGill\VIOLAS\VIOLA NON-VIBRATO\VlaD5_4.71sec.wav,.wav,ordinario
mcgill,vla,ordinario,unknown,E3,D:\CORDAS\McGill\VIOLAS\VIOLA NON-VIBRATO\VlaE3_4.61sec.wav,.wav,ordinario
mcgill,vla,ordinario,unknown,E4,D:\CORDAS\McGill\VIOLAS\VIOLA NON-VIBRATO\VlaE4_5.16sec.wav,.wav,ordinario
mcgill,vla,ordinario,unknown,E5,D:\CORDAS\McGill\VIOLAS\VIOLA NON-VIBRATO\VlaE5_4.55sec.wav,.wav,ordinario
mcgill,vla,ordinario,unknown,F#3,D:\CORDAS\McGill\VIOLAS\VIOLA NON-VIBRATO\VlaF#3_4.86sec.wav,.wav,ordinario
mcgill,vla,ordinario,unknown,F#4,D:\CORDAS\McGill\VIOLAS\VIOLA NON-VIBRATO\VlaF#4_4.78sec.wav,.wav,ordinario
mcgill,vla,ordinario,unknown,F#5,D:\CORDAS\McGill\VIOLAS\VIOLA NON-VIBRATO\VlaF#5_3.79sec.wav,.wav,ordinario
mcgill,vla,ordinario,unknown,F3,D:\CORDAS\McGill\VIOLAS\VIOLA NON-VIBRATO\VlaF3_5.08sec.wav,.wav,ordinario
mcgill,vla,ordinario,unknown,F4,D:\CORDAS\McGill\VIOLAS\VIOLA NON-VIBRATO\VlaF4_4.51sec.wav,.wav,ordinario
mcgill,vla,ordinario,unknown,F5,D:\CORDAS\McGill\VIOLAS\VIOLA NON-VIBRATO\VlaF5_4.20sec.wav,.wav,ordinario
mcgill,vla,ordinario,unknown,G#3,D:\CORDAS\McGill\VIOLAS\VIOLA NON-VIBRATO\VlaG#3_4.94sec.wav,.wav,ordinario
mcgill,vla,ordinario,unknown,G#4,D:\CORDAS\McGill\VIOLAS\VIOLA NON-VIBRATO\VlaG#4_3.97sec.wav,.wav,ordinario
mcgill,vla,ordinario,unknown,G3,D:\CORDAS\McGill\VIOLAS\VIOLA NON-VIBRATO\VlaG3opn_4.70sec.wav,.wav,ordinario
mcgill,vla,ordinario,unknown,G4,D:\CORDAS\McGill\VIOLAS\VIOLA NON-VIBRATO\VlaG4_5.05sec.wav,.wav,ordinario
mcgill,vla,ordinario,unknown,G5,D:\CORDAS\McGill\VIOLAS\VIOLA NON-VIBRATO\VlaG5_4.04sec.wav,.wav,ordinario
orchidea,vla,artificial_harmonic,mf,A#5,D:\CORDAS\Orchidea\ORCH_VLA\artificial_harmonic\ORCH-Vla-art_harm-mf-A#5-3c-N.wav,.wav,harmonic
orchidea,vla,artificial_harmonic,mf,A#6,D:\CORDAS\Orchidea\ORCH_VLA\artificial_harmonic\ORCH-Vla-art_harm-mf-A#6-1c-N.wav,.wav,harmonic
orchidea,vla,artificial_harmonic,mf,A#7,D:\CORDAS\Orchidea\ORCH_VLA\artificial_harmonic\ORCH-Vla-art_harm-mf-A#7-1c-N.wav,.wav,harmonic
orchidea,vla,artificial_harmonic,mf,A5,D:\CORDAS\Orchidea\ORCH_VLA\artificial_harmonic\ORCH-Vla-art_harm-mf-A5-3c-N.wav,.wav,harmonic
orchidea,vla,artificial_harmonic,mf,A6,D:\CORDAS\Orchidea\ORCH_VLA\artificial_harmonic\ORCH-Vla-art_harm-mf-A6-1c-N.wav,.wav,harmonic
orchidea,vla,artificial_harmonic,mf,A7,D:\CORDAS\Orchidea\ORCH_VLA\artificial_harmonic\ORCH-Vla-art_harm-mf-A7-1c-N.wav,.wav,harmonic
orchidea,vla,artificial_harmonic,mf,B5,D:\CORDAS\Orchidea\ORCH_VLA\artificial_harmonic\ORCH-Vla-art_harm-mf-B5-3c-N.wav,.wav,harmonic
orchidea,vla,artificial_harmonic,mf,B6,D:\CORDAS\Orchidea\ORCH_VLA\artificial_harmonic\ORCH-Vla-art_harm-mf-B6-1c-N.wav,.wav,harmonic
orchidea,vla,artificial_harmonic,mf,B7,D:\CORDAS\Orchidea\ORCH_VLA\artificial_harmonic\ORCH-Vla-art_harm-mf-B7-1c-N.wav,.wav,harmonic
orchidea,vla,artificial_harmonic,mf,C#5,D:\CORDAS\Orchidea\ORCH_VLA\artificial_harmonic\ORCH-Vla-art_harm-mf-C#5-4c-N.wav,.wav,harmonic
orchidea,vla,artificial_harmonic,mf,C#6,D:\CORDAS\Orchidea\ORCH_VLA\artificial_harmonic\ORCH-Vla-art_harm-mf-C#6-3c-N.wav,.wav,harmonic
orchidea,vla,artificial_harmonic,mf,C#7,D:\CORDAS\Orchidea\ORCH_VLA\artificial_harmonic\ORCH-Vla-art_harm-mf-C#7-1c-N.wav,.wav,harmonic
orchidea,vla,artificial_harmonic,mf,C5,D:\CORDAS\Orchidea\ORCH_VLA\artificial_harmonic\ORCH-Vla-art_harm-mf-C5-4c-N.wav,.wav,harmonic
orchidea,vla,artificial_harmonic,mf,C6,D:\CORDAS\Orchidea\ORCH_VLA\artificial_harmonic\ORCH-Vla-art_harm-mf-C6-3c-N.wav,.wav,harmonic
orchidea,vla,artificial_harmonic,mf,C7,D:\CORDAS\Orchidea\ORCH_VLA\artificial_harmonic\ORCH-Vla-art_harm-mf-C7-1c-N.wav,.wav,harmonic
orchidea,vla,artificial_harmonic,mf,D#5,D:\CORDAS\Orchidea\ORCH_VLA\artificial_harmonic\ORCH-Vla-art_harm-mf-D#5-4c-N.wav,.wav,harmonic
orchidea,vla,artificial_harmonic,mf,D#6,D:\CORDAS\Orchidea\ORCH_VLA\artificial_harmonic\ORCH-Vla-art_harm-mf-D#6-2c-N.wav,.wav,harmonic
orchidea,vla,artificial_harmonic,mf,D#7,D:\CORDAS\Orchidea\ORCH_VLA\artificial_harmonic\ORCH-Vla-art_harm-mf-D#7-1c-N.wav,.wav,harmonic
orchidea,vla,artificial_harmonic,mf,D5,D:\CORDAS\Orchidea\ORCH_VLA\artificial_harmonic\ORCH-Vla-art_harm-mf-D5-4c-N.wav,.wav,harmonic
orchidea,vla,artificial_harmonic,mf,D6,D:\CORDAS\Orchidea\ORCH_VLA\artificial_harmonic\ORCH-Vla-art_harm-mf-D6-2c-N.wav,.wav,harmonic
orchidea,vla,artificial_harmonic,mf,D7,D:\CORDAS\Orchidea\ORCH_VLA\artificial_harmonic\ORCH-Vla-art_harm-mf-D7-1c-N.wav,.wav,harmonic
orchidea,vla,artificial_harmonic,mf,E5,D:\CORDAS\Orchidea\ORCH_VLA\artificial_harmonic\ORCH-Vla-art_harm-mf-E5-4c-N.wav,.wav,harmonic
orchidea,vla,artificial_harmonic,mf,E6,D:\CORDAS\Orchidea\ORCH_VLA\artificial_harmonic\ORCH-Vla-art_harm-mf-E6-2c-N.wav,.wav,harmonic
orchidea,vla,artificial_harmonic,mf,E7,D:\CORDAS\Orchidea\ORCH_VLA\artificial_harmonic\ORCH-Vla-art_harm-mf-E7-1c-N.wav,.wav,harmonic
orchidea,vla,artificial_harmonic,mf,F#5,D:\CORDAS\Orchidea\ORCH_VLA\artificial_harmonic\ORCH-Vla-art_harm-mf-F#5-4c-N.wav,.wav,harmonic
orchidea,vla,artificial_harmonic,mf,F#6,D:\CORDAS\Orchidea\ORCH_VLA\artificial_harmonic\ORCH-Vla-art_harm-mf-F#6-2c-N.wav,.wav,harmonic
orchidea,vla,artificial_harmonic,mf,F5,D:\CORDAS\Orchidea\ORCH_VLA\artificial_harmonic\ORCH-Vla-art_harm-mf-F5-4c-N.wav,.wav,harmonic
orchidea,vla,artificial_harmonic,mf,F6,D:\CORDAS\Orchidea\ORCH_VLA\artificial_harmonic\ORCH-Vla-art_harm-mf-F6-2c-N.wav,.wav,harmonic
orchidea,vla,artificial_harmonic,mf,F7,D:\CORDAS\Orchidea\ORCH_VLA\artificial_harmonic\ORCH-Vla-art_harm-mf-F7-1c-N.wav,.wav,harmonic
orchidea,vla,artificial_harmonic,mf,G#5,D:\CORDAS\Orchidea\ORCH_VLA\artificial_harmonic\ORCH-Vla-art_harm-mf-G#5-3c-N.wav,.wav,harmonic
orchidea,vla,artificial_harmonic,mf,G#6,D:\CORDAS\Orchidea\ORCH_VLA\artificial_harmonic\ORCH-Vla-art_harm-mf-G#6-2c-N.wav,.wav,harmonic
orchidea,vla,artificial_harmonic,mf,G#7,D:\CORDAS\Orchidea\ORCH_VLA\artificial_harmonic\ORCH-Vla-art_harm-mf-G#7-1c-N.wav,.wav,harmonic
orchidea,vla,artificial_harmonic,mf,G5,D:\CORDAS\Orchidea\ORCH_VLA\artificial_harmonic\ORCH-Vla-art_harm-mf-G5-3c-N.wav,.wav,harmonic
orchidea,vla,artificial_harmonic,mf,G6,D:\CORDAS\Orchidea\ORCH_VLA\artificial_harmonic\ORCH-Vla-art_harm-mf-G6-2c-N.wav,.wav,harmonic
orchidea,vla,artificial_harmonic,mf,G7,D:\CORDAS\Orchidea\ORCH_VLA\artificial_harmonic\ORCH-Vla-art_harm-mf-G7-1c-N.wav,.wav,harmonic
orchidea,vla,ordinario,ff,A#3,D:\CORDAS\Orchidea\ORCH_VLA\ordinario\OrchSOL-Vla-Arco-ff\OrcgSol_Vla_Arco-A#3-ff-3c-N.wav,.wav,ordinario
orchidea,vla,ordinario,ff,A#4,D:\CORDAS\Orchidea\ORCH_VLA\ordinario\OrchSOL-Vla-Arco-ff\OrcgSol_Vla_Arco-A#4-ff-1c-T12u.wav,.wav,ordinario
orchidea,vla,ordinario,ff,A#5,D:\CORDAS\Orchidea\ORCH_VLA\ordinario\OrchSOL-Vla-Arco-ff\OrcgSol_Vla_Arco-A#5-ff-1c-T15u.wav,.wav,ordinario
orchidea,vla,ordinario,ff,A#6,D:\CORDAS\Orchidea\ORCH_VLA\ordinario\OrchSOL-Vla-Arco-ff\OrcgSol_Vla_Arco-A#6-ff-1c-N.wav,.wav,ordinario
orchidea,vla,ordinario,ff,A3,D:\CORDAS\Orchidea\ORCH_VLA\ordinario\OrchSOL-Vla-Arco-ff\OrcgSol_Vla_Arco-A3-ff-3c-N.wav,.wav,ordinario
orchidea,vla,ordinario,ff,A4,D:\CORDAS\Orchidea\ORCH_VLA\ordinario\OrchSOL-Vla-Arco-ff\OrcgSol_Vla_Arco-A4-ff-1c-N.wav,.wav,ordinario
orchidea,vla,ordinario,ff,A5,D:\CORDAS\Orchidea\ORCH_VLA\ordinario\OrchSOL-Vla-Arco-ff\OrcgSol_Vla_Arco-A5-ff-1c-N.wav,.wav,ordinario
orchidea,vla,ordinario,ff,A6,D:\CORDAS\Orchidea\ORCH_VLA\ordinario\OrchSOL-Vla-Arco-ff\OrcgSol_Vla_Arco-A6-ff-1c-T11u.wav,.wav,ordinario
orchidea,vla,ordinario,ff,B3,D:\CORDAS\Orchidea\ORCH_VLA\ordinario\OrchSOL-Vla-Arco-ff\OrcgSol_Vla_Arco-B3-ff-4c-N.wav,.wav,ordinario
orchidea,vla,ordinario,ff,B4,D:\CORDAS\Orchidea\ORCH_VLA\ordinario\OrchSOL-Vla-Arco-ff\OrcgSol_Vla_Arco-B4-ff-3c-N.wav,.wav,ordinario
orchidea,vla,ordinario,ff,B5,D:\CORDAS\Orchidea\ORCH_VLA\ordinario\OrchSOL-Vla-Arco-ff\OrcgSol_Vla_Arco-B5-ff-2c-N.wav,.wav,ordinario
orchidea,vla,ordinario,ff,B6,D:\CORDAS\Orchidea\ORCH_VLA\ordinario\OrchSOL-Vla-Arco-ff\OrcgSol_Vla_Arco-B6-ff-1c-T13u.wav,.wav,ordinario
orchidea,vla,ordinario,ff,C#3,D:\CORDAS\Orchidea\ORCH_VLA\ordinario\OrchSOL-Vla-Arco-ff\OrcgSol_Vla_Arco-C#3-ff-4c-T26u.wav,.wav,ordinario
orchidea,vla,ordinario,ff,C#4,D:\CORDAS\Orchidea\ORCH_VLA\ordinario\OrchSOL-Vla-Arco-ff\OrcgSol_Vla_Arco-C#4-ff-3c-N.wav,.wav,ordinario
orchidea,vla,ordinario,ff,C#5,D:\CORDAS\Orchidea\ORCH_VLA\ordinario\OrchSOL-Vla-Arco-ff\OrcgSol_Vla_Arco-C#5-ff-2c-N.wav,.wav,ordinario
orchidea,vla,ordinario,ff,C#6,D:\CORDAS\Orchidea\ORCH_VLA\ordinario\OrchSOL-Vla-Arco-ff\OrcgSol_Vla_Arco-C#6-ff-2c-N.wav,.wav,ordinario
orchidea,vla,ordinario,ff,C3,D:\CORDAS\Orchidea\ORCH_VLA\ordinario\OrchSOL-Vla-Arco-ff\OrcgSol_Vla_Arco-C3-ff-4c-N.wav,.wav,ordinario
orchidea,vla,ordinario,ff,C4,D:\CORDAS\Orchidea\ORCH_VLA\ordinario\OrchSOL-Vla-Arco-ff\OrcgSol_Vla_Arco-C4-ff-3c-N.wav,.wav,ordinario
orchidea,vla,ordinario,ff,C5,D:\CORDAS\Orchidea\ORCH_VLA\ordinario\OrchSOL-Vla-Arco-ff\OrcgSol_Vla_Arco-C5-ff-1c-N.wav,.wav,ordinario
orchidea,vla,ordinario,ff,C6,D:\CORDAS\Orchidea\ORCH_VLA\ordinario\OrchSOL-Vla-Arco-ff\OrcgSol_Vla_Arco-C6-ff-2c-N.wav,.wav,ordinario
orchidea,vla,ordinario,ff,C7,D:\CORDAS\Orchidea\ORCH_VLA\ordinario\OrchSOL-Vla-Arco-ff\OrcgSol_Vla_Arco-C7-ff-1c-T16u.wav,.wav,ordinario
orchidea,vla,ordinario,ff,D#3,D:\CORDAS\Orchidea\ORCH_VLA\ordinario\OrchSOL-Vla-Arco-ff\OrcgSol_Vla_Arco-D#3-ff-4c-T20u.wav,.wav,ordinario
orchidea,vla,ordinario,ff,D#4,D:\CORDAS\Orchidea\ORCH_VLA\ordinario\OrchSOL-Vla-Arco-ff\OrcgSol_Vla_Arco-D#4-ff-2c-N.wav,.wav,ordinario
orchidea,vla,ordinario,ff,D#5,D:\CORDAS\Orchidea\ORCH_VLA\ordinario\OrchSOL-Vla-Arco-ff\OrcgSol_Vla_Arco-D#5-ff-2c-N.wav,.wav,ordinario
orchidea,vla,ordinario,ff,D#6,D:\CORDAS\Orchidea\ORCH_VLA\ordinario\OrchSOL-Vla-Arco-ff\OrcgSol_Vla_Arco-D#6-ff-1c-T14u.wav,.wav,ordinario
orchidea,vla,ordinario,ff,D3,D:\CORDAS\Orchidea\ORCH_VLA\ordinario\OrchSOL-Vla-Arco-ff\OrcgSol_Vla_Arco-D3-ff-4c-N.wav,.wav,ordinario
orchidea,vla,ordinario,ff,D4,D:\CORDAS\Orchidea\ORCH_VLA\ordinario\OrchSOL-Vla-Arco-ff\OrcgSol_Vla_Arco-D4-ff-2c-N.wav,.wav,ordinario
orchidea,vla,ordinario,ff,D5,D:\CORDAS\Orchidea\ORCH_VLA\ordinario\OrchSOL-Vla-Arco-ff\OrcgSol_Vla_Arco-D5-ff-1c-N.wav,.wav,ordinario
orchidea,vla,ordinario,ff,D6,D:\CORDAS\Orchidea\ORCH_VLA\ordinario\OrchSOL-Vla-Arco-ff\OrcgSol_Vla_Arco-D6-ff-2c-N.wav,.wav,ordinario
orchidea,vla,ordinario,ff,E3,D:\CORDAS\Orchidea\ORCH_VLA\ordinario\OrchSOL-Vla-Arco-ff\OrcgSol_Vla_Arco-E3-ff-4c-T23u.wav,.wav,ordinario
orchidea,vla,ordinario,ff,E4,D:\CORDAS\Orchidea\ORCH_VLA\ordinario\OrchSOL-Vla-Arco-ff\OrcgSol_Vla_Arco-E4-ff-2c-N.wav,.wav,ordinario
orchidea,vla,ordinario,ff,E5,D:\CORDAS\Orchidea\ORCH_VLA\ordinario\OrchSOL-Vla-Arco-ff\OrcgSol_Vla_Arco-E5-ff-1c-T13u.wav,.wav,ordinario
orchidea,vla,ordinario,ff,E6,D:\CORDAS\Orchidea\ORCH_VLA\ordinario\OrchSOL-Vla-Arco-ff\OrcgSol_Vla_Arco-E6-ff-1c-N.wav,.wav,ordinario
orchidea,vla,ordinario,ff,F#3,D:\CORDAS\Orchidea\ORCH_VLA\ordinario\OrchSOL-Vla-Arco-ff\OrcgSol_Vla_Arco-F#3-ff-4c-T17u.wav,.wav,ordinario
orchidea,vla,ordinario,ff,F#4,D:\CORDAS\Orchidea\ORCH_VLA\ordinario\OrchSOL-Vla-Arco-ff\OrcgSol_Vla_Arco-F#4-ff-2c-N.wav,.wav,ordinario
orchidea,vla,ordinario,ff,F#5,D:\CORDAS\Orchidea\ORCH_VLA\ordinario\OrchSOL-Vla-Arco-ff\OrcgSol_Vla_Arco-F#5-ff-1c-N.wav,.wav,ordinario
orchidea,vla,ordinario,ff,F#6,D:\CORDAS\Orchidea\ORCH_VLA\ordinario\OrchSOL-Vla-Arco-ff\OrcgSol_Vla_Arco-F#6-ff-1c-N.wav,.wav,ordinario
orchidea,vla,ordinario,ff,F3,D:\CORDAS\Orchidea\ORCH_VLA\ordinario\OrchSOL-Vla-Arco-ff\OrcgSol_Vla_Arco-F3-ff-4c-T23u_R100u.wav,.wav,ordinario
orchidea,vla,ordinario,ff,F4,D:\CORDAS\Orchidea\ORCH_VLA\ordinario\OrchSOL-Vla-Arco-ff\OrcgSol_Vla_Arco-F4-ff-3c-N.wav,.wav,ordinario
orchidea,vla,ordinario,ff,F5,D:\CORDAS\Orchidea\ORCH_VLA\ordinario\OrchSOL-Vla-Arco-ff\OrcgSol_Vla_Arco-F5-ff-1c-N.wav,.wav,ordinario
orchidea,vla,ordinario,ff,F6,D:\CORDAS\Orchidea\ORCH_VLA\ordinario\OrchSOL-Vla-Arco-ff\OrcgSol_Vla_Arco-F6-ff-1c-N.wav,.wav,ordinario
orchidea,vla,ordinario,ff,G#3,D:\CORDAS\Orchidea\ORCH_VLA\ordinario\OrchSOL-Vla-Arco-ff\OrcgSol_Vla_Arco-G#3-ff-3c-N.wav,.wav,ordinario
orchidea,vla,ordinario,ff,G#4,D:\CORDAS\Orchidea\ORCH_VLA\ordinario\OrchSOL-Vla-Arco-ff\OrcgSol_Vla_Arco-G#4-ff-2c-N.wav,.wav,ordinario
orchidea,vla,ordinario,ff,G#5,D:\CORDAS\Orchidea\ORCH_VLA\ordinario\OrchSOL-Vla-Arco-ff\OrcgSol_Vla_Arco-G#5-ff-2c-N.wav,.wav,ordinario
orchidea,vla,ordinario,ff,G#6,D:\CORDAS\Orchidea\ORCH_VLA\ordinario\OrchSOL-Vla-Arco-ff\OrcgSol_Vla_Arco-G#6-ff-1c-N.wav,.wav,ordinario
orchidea,vla,ordinario,ff,G3,D:\CORDAS\Orchidea\ORCH_VLA\ordinario\OrchSOL-Vla-Arco-ff\OrcgSol_Vla_Arco-G3-ff-3c-N.wav,.wav,ordinario
orchidea,vla,ordinario,ff,G4,D:\CORDAS\Orchidea\ORCH_VLA\ordinario\OrchSOL-Vla-Arco-ff\OrcgSol_Vla_Arco-G4-ff-2c-N.wav,.wav,ordinario
orchidea,vla,ordinario,ff,G5,D:\CORDAS\Orchidea\ORCH_VLA\ordinario\OrchSOL-Vla-Arco-ff\OrcgSol_Vla_Arco-G5-ff-1c-N.wav,.wav,ordinario
orchidea,vla,ordinario,ff,G6,D:\CORDAS\Orchidea\ORCH_VLA\ordinario\OrchSOL-Vla-Arco-ff\OrcgSol_Vla_Arco-G6-ff-1c-N.wav,.wav,ordinario
orchidea,vla,ordinario,ff,A#3,D:\CORDAS\Orchidea\ORCH_VLA\ordinario\OrchSOL-Vla-Arco-ff\_Sustains\OrcgSol_Vla_Arco-A#3-ff-3c-N_Sustains.wav,.wav,ordinario
orchidea,vla,ordinario,ff,A#4,D:\CORDAS\Orchidea\ORCH_VLA\ordinario\OrchSOL-Vla-Arco-ff\_Sustains\OrcgSol_Vla_Arco-A#4-ff-1c-T12u_Sustains.wav,.wav,ordinario
orchidea,vla,ordinario,ff,A#5,D:\CORDAS\Orchidea\ORCH_VLA\ordinario\OrchSOL-Vla-Arco-ff\_Sustains\OrcgSol_Vla_Arco-A#5-ff-1c-T15u_Sustains.wav,.wav,ordinario
orchidea,vla,ordinario,ff,A#6,D:\CORDAS\Orchidea\ORCH_VLA\ordinario\OrchSOL-Vla-Arco-ff\_Sustains\OrcgSol_Vla_Arco-A#6-ff-1c-N_Sustains.wav,.wav,ordinario
orchidea,vla,ordinario,ff,A3,D:\CORDAS\Orchidea\ORCH_VLA\ordinario\OrchSOL-Vla-Arco-ff\_Sustains\OrcgSol_Vla_Arco-A3-ff-3c-N_Sustains.wav,.wav,ordinario
orchidea,vla,ordinario,ff,A4,D:\CORDAS\Orchidea\ORCH_VLA\ordinario\OrchSOL-Vla-Arco-ff\_Sustains\OrcgSol_Vla_Arco-A4-ff-1c-N_Sustains.wav,.wav,ordinario
orchidea,vla,ordinario,ff,A5,D:\CORDAS\Orchidea\ORCH_VLA\ordinario\OrchSOL-Vla-Arco-ff\_Sustains\OrcgSol_Vla_Arco-A5-ff-1c-N_Sustains.wav,.wav,ordinario
orchidea,vla,ordinario,ff,A6,D:\CORDAS\Orchidea\ORCH_VLA\ordinario\OrchSOL-Vla-Arco-ff\_Sustains\OrcgSol_Vla_Arco-A6-ff-1c-T11u_Sustains.wav,.wav,ordinario
orchidea,vla,ordinario,ff,B3,D:\CORDAS\Orchidea\ORCH_VLA\ordinario\OrchSOL-Vla-Arco-ff\_Sustains\OrcgSol_Vla_Arco-B3-ff-4c-N_Sustains.wav,.wav,ordinario
orchidea,vla,ordinario,ff,B4,D:\CORDAS\Orchidea\ORCH_VLA\ordinario\OrchSOL-Vla-Arco-ff\_Sustains\OrcgSol_Vla_Arco-B4-ff-3c-N_Sustains.wav,.wav,ordinario
orchidea,vla,ordinario,ff,B5,D:\CORDAS\Orchidea\ORCH_VLA\ordinario\OrchSOL-Vla-Arco-ff\_Sustains\OrcgSol_Vla_Arco-B5-ff-2c-N_Sustains.wav,.wav,ordinario
orchidea,vla,ordinario,ff,B6,D:\CORDAS\Orchidea\ORCH_VLA\ordinario\OrchSOL-Vla-Arco-ff\_Sustains\OrcgSol_Vla_Arco-B6-ff-1c-T13u_Sustains.wav,.wav,ordinario
orchidea,vla,ordinario,ff,C#3,D:\CORDAS\Orchidea\ORCH_VLA\ordinario\OrchSOL-Vla-Arco-ff\_Sustains\OrcgSol_Vla_Arco-C#3-ff-4c-T26u_Sustains.wav,.wav,ordinario
orchidea,vla,ordinario,ff,C#4,D:\CORDAS\Orchidea\ORCH_VLA\ordinario\OrchSOL-Vla-Arco-ff\_Sustains\OrcgSol_Vla_Arco-C#4-ff-3c-N_Sustains.wav,.wav,ordinario
orchidea,vla,ordinario,ff,C#5,D:\CORDAS\Orchidea\ORCH_VLA\ordinario\OrchSOL-Vla-Arco-ff\_Sustains\OrcgSol_Vla_Arco-C#5-ff-2c-N_Sustains.wav,.wav,ordinario
orchidea,vla,ordinario,ff,C#6,D:\CORDAS\Orchidea\ORCH_VLA\ordinario\OrchSOL-Vla-Arco-ff\_Sustains\OrcgSol_Vla_Arco-C#6-ff-2c-N_Sustains.wav,.wav,ordinario
orchidea,vla,ordinario,ff,C3,D:\CORDAS\Orchidea\ORCH_VLA\ordinario\OrchSOL-Vla-Arco-ff\_Sustains\OrcgSol_Vla_Arco-C3-ff-4c-N_Sustains.wav,.wav,ordinario
orchidea,vla,ordinario,ff,C4,D:\CORDAS\Orchidea\ORCH_VLA\ordinario\OrchSOL-Vla-Arco-ff\_Sustains\OrcgSol_Vla_Arco-C4-ff-3c-N_Sustains.wav,.wav,ordinario
orchidea,vla,ordinario,ff,C5,D:\CORDAS\Orchidea\ORCH_VLA\ordinario\OrchSOL-Vla-Arco-ff\_Sustains\OrcgSol_Vla_Arco-C5-ff-1c-N_Sustains.wav,.wav,ordinario
orchidea,vla,ordinario,ff,C6,D:\CORDAS\Orchidea\ORCH_VLA\ordinario\OrchSOL-Vla-Arco-ff\_Sustains\OrcgSol_Vla_Arco-C6-ff-2c-N_Sustains.wav,.wav,ordinario
orchidea,vla,ordinario,ff,C7,D:\CORDAS\Orchidea\ORCH_VLA\ordinario\OrchSOL-Vla-Arco-ff\_Sustains\OrcgSol_Vla_Arco-C7-ff-1c-T16u_Sustains.wav,.wav,ordinario
orchidea,vla,ordinario,ff,D#3,D:\CORDAS\Orchidea\ORCH_VLA\ordinario\OrchSOL-Vla-Arco-ff\_Sustains\OrcgSol_Vla_Arco-D#3-ff-4c-T20u_Sustains.wav,.wav,ordinario
orchidea,vla,ordinario,ff,D#4,D:\CORDAS\Orchidea\ORCH_VLA\ordinario\OrchSOL-Vla-Arco-ff\_Sustains\OrcgSol_Vla_Arco-D#4-ff-2c-N_Sustains.wav,.wav,ordinario
orchidea,vla,ordinario,ff,D#5,D:\CORDAS\Orchidea\ORCH_VLA\ordinario\OrchSOL-Vla-Arco-ff\_Sustains\OrcgSol_Vla_Arco-D#5-ff-2c-N_Sustains.wav,.wav,ordinario
orchidea,vla,ordinario,ff,D#6,D:\CORDAS\Orchidea\ORCH_VLA\ordinario\OrchSOL-Vla-Arco-ff\_Sustains\OrcgSol_Vla_Arco-D#6-ff-1c-T14u_Sustains.wav,.wav,ordinario
orchidea,vla,ordinario,ff,D3,D:\CORDAS\Orchidea\ORCH_VLA\ordinario\OrchSOL-Vla-Arco-ff\_Sustains\OrcgSol_Vla_Arco-D3-ff-4c-N_Sustains.wav,.wav,ordinario
orchidea,vla,ordinario,ff,D4,D:\CORDAS\Orchidea\ORCH_VLA\ordinario\OrchSOL-Vla-Arco-ff\_Sustains\OrcgSol_Vla_Arco-D4-ff-2c-N_Sustains.wav,.wav,ordinario
orchidea,vla,ordinario,ff,D5,D:\CORDAS\Orchidea\ORCH_VLA\ordinario\OrchSOL-Vla-Arco-ff\_Sustains\OrcgSol_Vla_Arco-D5-ff-1c-N_Sustains.wav,.wav,ordinario
orchidea,vla,ordinario,ff,D6,D:\CORDAS\Orchidea\ORCH_VLA\ordinario\OrchSOL-Vla-Arco-ff\_Sustains\OrcgSol_Vla_Arco-D6-ff-2c-N_Sustains.wav,.wav,ordinario
orchidea,vla,ordinario,ff,E3,D:\CORDAS\Orchidea\ORCH_VLA\ordinario\OrchSOL-Vla-Arco-ff\_Sustains\OrcgSol_Vla_Arco-E3-ff-4c-T23u_Sustains.wav,.wav,ordinario
orchidea,vla,ordinario,ff,E4,D:\CORDAS\Orchidea\ORCH_VLA\ordinario\OrchSOL-Vla-Arco-ff\_Sustains\OrcgSol_Vla_Arco-E4-ff-2c-N_Sustains.wav,.wav,ordinario
orchidea,vla,ordinario,ff,E5,D:\CORDAS\Orchidea\ORCH_VLA\ordinario\OrchSOL-Vla-Arco-ff\_Sustains\OrcgSol_Vla_Arco-E5-ff-1c-T13u_Sustains.wav,.wav,ordinario
orchidea,vla,ordinario,ff,E6,D:\CORDAS\Orchidea\ORCH_VLA\ordinario\OrchSOL-Vla-Arco-ff\_Sustains\OrcgSol_Vla_Arco-E6-ff-1c-N_Sustains.wav,.wav,ordinario
orchidea,vla,ordinario,ff,F#3,D:\CORDAS\Orchidea\ORCH_VLA\ordinario\OrchSOL-Vla-Arco-ff\_Sustains\OrcgSol_Vla_Arco-F#3-ff-4c-T17u_Sustains.wav,.wav,ordinario
orchidea,vla,ordinario,ff,F#4,D:\CORDAS\Orchidea\ORCH_VLA\ordinario\OrchSOL-Vla-Arco-ff\_Sustains\OrcgSol_Vla_Arco-F#4-ff-2c-N_Sustains.wav,.wav,ordinario
orchidea,vla,ordinario,ff,F#5,D:\CORDAS\Orchidea\ORCH_VLA\ordinario\OrchSOL-Vla-Arco-ff\_Sustains\OrcgSol_Vla_Arco-F#5-ff-1c-N_Sustains.wav,.wav,ordinario
orchidea,vla,ordinario,ff,F#6,D:\CORDAS\Orchidea\ORCH_VLA\ordinario\OrchSOL-Vla-Arco-ff\_Sustains\OrcgSol_Vla_Arco-F#6-ff-1c-N_Sustains.wav,.wav,ordinario
orchidea,vla,ordinario,ff,F3,D:\CORDAS\Orchidea\ORCH_VLA\ordinario\OrchSOL-Vla-Arco-ff\_Sustains\OrcgSol_Vla_Arco-F3-ff-4c-T23u_R100u_Sustains.wav,.wav,ordinario
orchidea,vla,ordinario,ff,F4,D:\CORDAS\Orchidea\ORCH_VLA\ordinario\OrchSOL-Vla-Arco-ff\_Sustains\OrcgSol_Vla_Arco-F4-ff-3c-N_Sustains.wav,.wav,ordinario
orchidea,vla,ordinario,ff,F5,D:\CORDAS\Orchidea\ORCH_VLA\ordinario\OrchSOL-Vla-Arco-ff\_Sustains\OrcgSol_Vla_Arco-F5-ff-1c-N_Sustains.wav,.wav,ordinario
orchidea,vla,ordinario,ff,F6,D:\CORDAS\Orchidea\ORCH_VLA\ordinario\OrchSOL-Vla-Arco-ff\_Sustains\OrcgSol_Vla_Arco-F6-ff-1c-N_Sustains.wav,.wav,ordinario
orchidea,vla,ordinario,ff,G#3,D:\CORDAS\Orchidea\ORCH_VLA\ordinario\OrchSOL-Vla-Arco-ff\_Sustains\OrcgSol_Vla_Arco-G#3-ff-3c-N_Sustains.wav,.wav,ordinario
orchidea,vla,ordinario,ff,G#4,D:\CORDAS\Orchidea\ORCH_VLA\ordinario\OrchSOL-Vla-Arco-ff\_Sustains\OrcgSol_Vla_Arco-G#4-ff-2c-N_Sustains.wav,.wav,ordinario
orchidea,vla,ordinario,ff,G#5,D:\CORDAS\Orchidea\ORCH_VLA\ordinario\OrchSOL-Vla-Arco-ff\_Sustains\OrcgSol_Vla_Arco-G#5-ff-2c-N_Sustains.wav,.wav,ordinario
orchidea,vla,ordinario,ff,G#6,D:\CORDAS\Orchidea\ORCH_VLA\ordinario\OrchSOL-Vla-Arco-ff\_Sustains\OrcgSol_Vla_Arco-G#6-ff-1c-N_Sustains.wav,.wav,ordinario
orchidea,vla,ordinario,ff,G3,D:\CORDAS\Orchidea\ORCH_VLA\ordinario\OrchSOL-Vla-Arco-ff\_Sustains\OrcgSol_Vla_Arco-G3-ff-3c-N_Sustains.wav,.wav,ordinario
orchidea,vla,ordinario,ff,G4,D:\CORDAS\Orchidea\ORCH_VLA\ordinario\OrchSOL-Vla-Arco-ff\_Sustains\OrcgSol_Vla_Arco-G4-ff-2c-N_Sustains.wav,.wav,ordinario
orchidea,vla,ordinario,ff,G5,D:\CORDAS\Orchidea\ORCH_VLA\ordinario\OrchSOL-Vla-Arco-ff\_Sustains\OrcgSol_Vla_Arco-G5-ff-1c-N_Sustains.wav,.wav,ordinario
orchidea,vla,ordinario,ff,G6,D:\CORDAS\Orchidea\ORCH_VLA\ordinario\OrchSOL-Vla-Arco-ff\_Sustains\OrcgSol_Vla_Arco-G6-ff-1c-N_Sustains.wav,.wav,ordinario
orchidea,vla,ordinario,mf,A#3,D:\CORDAS\Orchidea\ORCH_VLA\ordinario\OrchSOL-Vla-Arco-mf\OrcgSol_Vla_Arco-A#3-mf-3c-N.wav,.wav,ordinario
orchidea,vla,ordinario,mf,A#4,D:\CORDAS\Orchidea\ORCH_VLA\ordinario\OrchSOL-Vla-Arco-mf\OrcgSol_Vla_Arco-A#4-mf-1c-N.wav,.wav,ordinario
orchidea,vla,ordinario,mf,A#5,D:\CORDAS\Orchidea\ORCH_VLA\ordinario\OrchSOL-Vla-Arco-mf\OrcgSol_Vla_Arco-A#5-mf-2c-N.wav,.wav,ordinario
orchidea,vla,ordinario,mf,A#6,D:\CORDAS\Orchidea\ORCH_VLA\ordinario\OrchSOL-Vla-Arco-mf\OrcgSol_Vla_Arco-A#6-mf-1c-N.wav,.wav,ordinario
orchidea,vla,ordinario,mf,A3,D:\CORDAS\Orchidea\ORCH_VLA\ordinario\OrchSOL-Vla-Arco-mf\OrcgSol_Vla_Arco-A3-mf-3c-R100d.wav,.wav,ordinario
orchidea,vla,ordinario,mf,A4,D:\CORDAS\Orchidea\ORCH_VLA\ordinario\OrchSOL-Vla-Arco-mf\OrcgSol_Vla_Arco-A4-mf-1c-N.wav,.wav,ordinario
orchidea,vla,ordinario,mf,A5,D:\CORDAS\Orchidea\ORCH_VLA\ordinario\OrchSOL-Vla-Arco-mf\OrcgSol_Vla_Arco-A5-mf-1c-N.wav,.wav,ordinario
orchidea,vla,ordinario,mf,A6,D:\CORDAS\Orchidea\ORCH_VLA\ordinario\OrchSOL-Vla-Arco-mf\OrcgSol_Vla_Arco-A6-mf-1c-N.wav,.wav,ordinario
orchidea,vla,ordinario,mf,B3,D:\CORDAS\Orchidea\ORCH_VLA\ordinario\OrchSOL-Vla-Arco-mf\OrcgSol_Vla_Arco-B3-mf-4c-N.wav,.wav,ordinario
orchidea,vla,ordinario,mf,B4,D:\CORDAS\Orchidea\ORCH_VLA\ordinario\OrchSOL-Vla-Arco-mf\OrcgSol_Vla_Arco-B4-mf-1c-N.wav,.wav,ordinario
orchidea,vla,ordinario,mf,B5,D:\CORDAS\Orchidea\ORCH_VLA\ordinario\OrchSOL-Vla-Arco-mf\OrcgSol_Vla_Arco-B5-mf-2c-N.wav,.wav,ordinario
orchidea,vla,ordinario,mf,B6,D:\CORDAS\Orchidea\ORCH_VLA\ordinario\OrchSOL-Vla-Arco-mf\OrcgSol_Vla_Arco-B6-mf-1c-T17u.wav,.wav,ordinario
orchidea,vla,ordinario,mf,C#3,D:\CORDAS\Orchidea\ORCH_VLA\ordinario\OrchSOL-Vla-Arco-mf\OrcgSol_Vla_Arco-C#3-mf-4c-T24u.wav,.wav,ordinario
orchidea,vla,ordinario,mf,C#4,D:\CORDAS\Orchidea\ORCH_VLA\ordinario\OrchSOL-Vla-Arco-mf\OrcgSol_Vla_Arco-C#4-mf-3c-N.wav,.wav,ordinario
orchidea,vla,ordinario,mf,C#5,D:\CORDAS\Orchidea\ORCH_VLA\ordinario\OrchSOL-Vla-Arco-mf\OrcgSol_Vla_Arco-C#5-mf-1c-N.wav,.wav,ordinario
orchidea,vla,ordinario,mf,C#6,D:\CORDAS\Orchidea\ORCH_VLA\ordinario\OrchSOL-Vla-Arco-mf\OrcgSol_Vla_Arco-C#6-mf-1c-N.wav,.wav,ordinario
orchidea,vla,ordinario,mf,C3,D:\CORDAS\Orchidea\ORCH_VLA\ordinario\OrchSOL-Vla-Arco-mf\OrcgSol_Vla_Arco-C3-mf-4c-N.wav,.wav,ordinario
orchidea,vla,ordinario,mf,C4,D:\CORDAS\Orchidea\ORCH_VLA\ordinario\OrchSOL-Vla-Arco-mf\OrcgSol_Vla_Arco-C4-mf-3c-N.wav,.wav,ordinario
orchidea,vla,ordinario,mf,C5,D:\CORDAS\Orchidea\ORCH_VLA\ordinario\OrchSOL-Vla-Arco-mf\OrcgSol_Vla_Arco-C5-mf-1c-N.wav,.wav,ordinario
orchidea,vla,ordinario,mf,C6,D:\CORDAS\Orchidea\ORCH_VLA\ordinario\OrchSOL-Vla-Arco-mf\OrcgSol_Vla_Arco-C6-mf-2c-N.wav,.wav,ordinario
orchidea,vla,ordinario,mf,C7,D:\CORDAS\Orchidea\ORCH_VLA\ordinario\OrchSOL-Vla-Arco-mf\OrcgSol_Vla_Arco-C7-mf-1c-T10u.wav,.wav,ordinario
orchidea,vla,ordinario,mf,D#3,D:\CORDAS\Orchidea\ORCH_VLA\ordinario\OrchSOL-Vla-Arco-mf\OrcgSol_Vla_Arco-D#3-mf-4c-T22u.wav,.wav,ordinario
orchidea,vla,ordinario,mf,D#4,D:\CORDAS\Orchidea\ORCH_VLA\ordinario\OrchSOL-Vla-Arco-mf\OrcgSol_Vla_Arco-D#4-mf-2c-N.wav,.wav,ordinario
orchidea,vla,ordinario,mf,D#5,D:\CORDAS\Orchidea\ORCH_VLA\ordinario\OrchSOL-Vla-Arco-mf\OrcgSol_Vla_Arco-D#5-mf-2c-N.wav,.wav,ordinario
orchidea,vla,ordinario,mf,D#6,D:\CORDAS\Orchidea\ORCH_VLA\ordinario\OrchSOL-Vla-Arco-mf\OrcgSol_Vla_Arco-D#6-mf-1c-T13u.wav,.wav,ordinario
orchidea,vla,ordinario,mf,D3,D:\CORDAS\Orchidea\ORCH_VLA\ordinario\OrchSOL-Vla-Arco-mf\OrcgSol_Vla_Arco-D3-mf-4c-N.wav,.wav,ordinario
orchidea,vla,ordinario,mf,D4,D:\CORDAS\Orchidea\ORCH_VLA\ordinario\OrchSOL-Vla-Arco-mf\OrcgSol_Vla_Arco-D4-mf-2c-N.wav,.wav,ordinario
orchidea,vla,ordinario,mf,D5,D:\CORDAS\Orchidea\ORCH_VLA\ordinario\OrchSOL-Vla-Arco-mf\OrcgSol_Vla_Arco-D5-mf-1c-N.wav,.wav,ordinario
orchidea,vla,ordinario,mf,D6,D:\CORDAS\Orchidea\ORCH_VLA\ordinario\OrchSOL-Vla-Arco-mf\OrcgSol_Vla_Arco-D6-mf-2c-N.wav,.wav,ordinario
orchidea,vla,ordinario,mf,E3,D:\CORDAS\Orchidea\ORCH_VLA\ordinario\OrchSOL-Vla-Arco-mf\OrcgSol_Vla_Arco-E3-mf-4c-T19u.wav,.wav,ordinario
orchidea,vla,ordinario,mf,E4,D:\CORDAS\Orchidea\ORCH_VLA\ordinario\OrchSOL-Vla-Arco-mf\OrcgSol_Vla_Arco-E4-mf-2c-N.wav,.wav,ordinario
orchidea,vla,ordinario,mf,E5,D:\CORDAS\Orchidea\ORCH_VLA\ordinario\OrchSOL-Vla-Arco-mf\OrcgSol_Vla_Arco-E5-mf-3c-N.wav,.wav,ordinario
orchidea,vla,ordinario,mf,E6,D:\CORDAS\Orchidea\ORCH_VLA\ordinario\OrchSOL-Vla-Arco-mf\OrcgSol_Vla_Arco-E6-mf-1c-N.wav,.wav,ordinario
orchidea,vla,ordinario,mf,F#3,D:\CORDAS\Orchidea\ORCH_VLA\ordinario\OrchSOL-Vla-Arco-mf\OrcgSol_Vla_Arco-F#3-mf-4c-T12u.wav,.wav,ordinario
orchidea,vla,ordinario,mf,F#4,D:\CORDAS\Orchidea\ORCH_VLA\ordinario\OrchSOL-Vla-Arco-mf\OrcgSol_Vla_Arco-F#4-mf-2c-N.wav,.wav,ordinario
orchidea,vla,ordinario,mf,F#5,D:\CORDAS\Orchidea\ORCH_VLA\ordinario\OrchSOL-Vla-Arco-mf\OrcgSol_Vla_Arco-F#5-mf-1c-N.wav,.wav,ordinario
orchidea,vla,ordinario,mf,F#6,D:\CORDAS\Orchidea\ORCH_VLA\ordinario\OrchSOL-Vla-Arco-mf\OrcgSol_Vla_Arco-F#6-mf-1c-N.wav,.wav,ordinario
orchidea,vla,ordinario,mf,F3,D:\CORDAS\Orchidea\ORCH_VLA\ordinario\OrchSOL-Vla-Arco-mf\OrcgSol_Vla_Arco-F3-mf-4c-N.wav,.wav,ordinario
orchidea,vla,ordinario,mf,F4,D:\CORDAS\Orchidea\ORCH_VLA\ordinario\OrchSOL-Vla-Arco-mf\OrcgSol_Vla_Arco-F4-mf-2c-N.wav,.wav,ordinario
orchidea,vla,ordinario,mf,F5,D:\CORDAS\Orchidea\ORCH_VLA\ordinario\OrchSOL-Vla-Arco-mf\OrcgSol_Vla_Arco-F5-mf-1c-N.wav,.wav,ordinario
orchidea,vla,ordinario,mf,F6,D:\CORDAS\Orchidea\ORCH_VLA\ordinario\OrchSOL-Vla-Arco-mf\OrcgSol_Vla_Arco-F6-mf-1c-N.wav,.wav,ordinario
orchidea,vla,ordinario,mf,G#3,D:\CORDAS\Orchidea\ORCH_VLA\ordinario\OrchSOL-Vla-Arco-mf\OrcgSol_Vla_Arco-G#3-mf-3c-N.wav,.wav,ordinario
orchidea,vla,ordinario,mf,G#4,D:\CORDAS\Orchidea\ORCH_VLA\ordinario\OrchSOL-Vla-Arco-mf\OrcgSol_Vla_Arco-G#4-mf-3c-N.wav,.wav,ordinario
orchidea,vla,ordinario,mf,G#5,D:\CORDAS\Orchidea\ORCH_VLA\ordinario\OrchSOL-Vla-Arco-mf\OrcgSol_Vla_Arco-G#5-mf-2c-N.wav,.wav,ordinario
orchidea,vla,ordinario,mf,G#6,D:\CORDAS\Orchidea\ORCH_VLA\ordinario\OrchSOL-Vla-Arco-mf\OrcgSol_Vla_Arco-G#6-mf-1c-N.wav,.wav,ordinario
orchidea,vla,ordinario,mf,G3,D:\CORDAS\Orchidea\ORCH_VLA\ordinario\OrchSOL-Vla-Arco-mf\OrcgSol_Vla_Arco-G3-mf-3c-N.wav,.wav,ordinario
orchidea,vla,ordinario,mf,G4,D:\CORDAS\Orchidea\ORCH_VLA\ordinario\OrchSOL-Vla-Arco-mf\OrcgSol_Vla_Arco-G4-mf-2c-N.wav,.wav,ordinario
orchidea,vla,ordinario,mf,G5,D:\CORDAS\Orchidea\ORCH_VLA\ordinario\OrchSOL-Vla-Arco-mf\OrcgSol_Vla_Arco-G5-mf-1c-N.wav,.wav,ordinario
orchidea,vla,ordinario,mf,G6,D:\CORDAS\Orchidea\ORCH_VLA\ordinario\OrchSOL-Vla-Arco-mf\OrcgSol_Vla_Arco-G6-mf-1c-N.wav,.wav,ordinario
orchidea,vla,ordinario,mf,A#3,D:\CORDAS\Orchidea\ORCH_VLA\ordinario\OrchSOL-Vla-Arco-mf\_Sustains\OrcgSol_Vla_Arco-A#3-mf-3c-N_Sustains.wav,.wav,ordinario
orchidea,vla,ordinario,mf,A#4,D:\CORDAS\Orchidea\ORCH_VLA\ordinario\OrchSOL-Vla-Arco-mf\_Sustains\OrcgSol_Vla_Arco-A#4-mf-1c-N_Sustains.wav,.wav,ordinario
orchidea,vla,ordinario,mf,A#5,D:\CORDAS\Orchidea\ORCH_VLA\ordinario\OrchSOL-Vla-Arco-mf\_Sustains\OrcgSol_Vla_Arco-A#5-mf-2c-N_Sustains.wav,.wav,ordinario
orchidea,vla,ordinario,mf,A#6,D:\CORDAS\Orchidea\ORCH_VLA\ordinario\OrchSOL-Vla-Arco-mf\_Sustains\OrcgSol_Vla_Arco-A#6-mf-1c-N_Sustains.wav,.wav,ordinario
orchidea,vla,ordinario,mf,A3,D:\CORDAS\Orchidea\ORCH_VLA\ordinario\OrchSOL-Vla-Arco-mf\_Sustains\OrcgSol_Vla_Arco-A3-mf-3c-R100d_Sustains.wav,.wav,ordinario
orchidea,vla,ordinario,mf,A4,D:\CORDAS\Orchidea\ORCH_VLA\ordinario\OrchSOL-Vla-Arco-mf\_Sustains\OrcgSol_Vla_Arco-A4-mf-1c-N_Sustains.wav,.wav,ordinario
orchidea,vla,ordinario,mf,A5,D:\CORDAS\Orchidea\ORCH_VLA\ordinario\OrchSOL-Vla-Arco-mf\_Sustains\OrcgSol_Vla_Arco-A5-mf-1c-N_Sustains.wav,.wav,ordinario
orchidea,vla,ordinario,mf,A6,D:\CORDAS\Orchidea\ORCH_VLA\ordinario\OrchSOL-Vla-Arco-mf\_Sustains\OrcgSol_Vla_Arco-A6-mf-1c-N_Sustains.wav,.wav,ordinario
orchidea,vla,ordinario,mf,B3,D:\CORDAS\Orchidea\ORCH_VLA\ordinario\OrchSOL-Vla-Arco-mf\_Sustains\OrcgSol_Vla_Arco-B3-mf-4c-N_Sustains.wav,.wav,ordinario
orchidea,vla,ordinario,mf,B4,D:\CORDAS\Orchidea\ORCH_VLA\ordinario\OrchSOL-Vla-Arco-mf\_Sustains\OrcgSol_Vla_Arco-B4-mf-1c-N_Sustains.wav,.wav,ordinario
orchidea,vla,ordinario,mf,B5,D:\CORDAS\Orchidea\ORCH_VLA\ordinario\OrchSOL-Vla-Arco-mf\_Sustains\OrcgSol_Vla_Arco-B5-mf-2c-N_Sustains.wav,.wav,ordinario
orchidea,vla,ordinario,mf,B6,D:\CORDAS\Orchidea\ORCH_VLA\ordinario\OrchSOL-Vla-Arco-mf\_Sustains\OrcgSol_Vla_Arco-B6-mf-1c-T17u_Sustains.wav,.wav,ordinario
orchidea,vla,ordinario,mf,C#3,D:\CORDAS\Orchidea\ORCH_VLA\ordinario\OrchSOL-Vla-Arco-mf\_Sustains\OrcgSol_Vla_Arco-C#3-mf-4c-T24u_Sustains.wav,.wav,ordinario
orchidea,vla,ordinario,mf,C#4,D:\CORDAS\Orchidea\ORCH_VLA\ordinario\OrchSOL-Vla-Arco-mf\_Sustains\OrcgSol_Vla_Arco-C#4-mf-3c-N_Sustains.wav,.wav,ordinario
orchidea,vla,ordinario,mf,C#5,D:\CORDAS\Orchidea\ORCH_VLA\ordinario\OrchSOL-Vla-Arco-mf\_Sustains\OrcgSol_Vla_Arco-C#5-mf-1c-N_Sustains.wav,.wav,ordinario
orchidea,vla,ordinario,mf,C#6,D:\CORDAS\Orchidea\ORCH_VLA\ordinario\OrchSOL-Vla-Arco-mf\_Sustains\OrcgSol_Vla_Arco-C#6-mf-1c-N_Sustains.wav,.wav,ordinario
orchidea,vla,ordinario,mf,C3,D:\CORDAS\Orchidea\ORCH_VLA\ordinario\OrchSOL-Vla-Arco-mf\_Sustains\OrcgSol_Vla_Arco-C3-mf-4c-N_Sustains.wav,.wav,ordinario
orchidea,vla,ordinario,mf,C4,D:\CORDAS\Orchidea\ORCH_VLA\ordinario\OrchSOL-Vla-Arco-mf\_Sustains\OrcgSol_Vla_Arco-C4-mf-3c-N_Sustains.wav,.wav,ordinario
orchidea,vla,ordinario,mf,C5,D:\CORDAS\Orchidea\ORCH_VLA\ordinario\OrchSOL-Vla-Arco-mf\_Sustains\OrcgSol_Vla_Arco-C5-mf-1c-N_Sustains.wav,.wav,ordinario
orchidea,vla,ordinario,mf,C6,D:\CORDAS\Orchidea\ORCH_VLA\ordinario\OrchSOL-Vla-Arco-mf\_Sustains\OrcgSol_Vla_Arco-C6-mf-2c-N_Sustains.wav,.wav,ordinario
orchidea,vla,ordinario,mf,C7,D:\CORDAS\Orchidea\ORCH_VLA\ordinario\OrchSOL-Vla-Arco-mf\_Sustains\OrcgSol_Vla_Arco-C7-mf-1c-T10u_Sustains.wav,.wav,ordinario
orchidea,vla,ordinario,mf,D#3,D:\CORDAS\Orchidea\ORCH_VLA\ordinario\OrchSOL-Vla-Arco-mf\_Sustains\OrcgSol_Vla_Arco-D#3-mf-4c-T22u_Sustains.wav,.wav,ordinario
orchidea,vla,ordinario,mf,D#4,D:\CORDAS\Orchidea\ORCH_VLA\ordinario\OrchSOL-Vla-Arco-mf\_Sustains\OrcgSol_Vla_Arco-D#4-mf-2c-N_Sustains.wav,.wav,ordinario
orchidea,vla,ordinario,mf,D#5,D:\CORDAS\Orchidea\ORCH_VLA\ordinario\OrchSOL-Vla-Arco-mf\_Sustains\OrcgSol_Vla_Arco-D#5-mf-2c-N_Sustains.wav,.wav,ordinario
orchidea,vla,ordinario,mf,D#6,D:\CORDAS\Orchidea\ORCH_VLA\ordinario\OrchSOL-Vla-Arco-mf\_Sustains\OrcgSol_Vla_Arco-D#6-mf-1c-T13u_Sustains.wav,.wav,ordinario
orchidea,vla,ordinario,mf,D3,D:\CORDAS\Orchidea\ORCH_VLA\ordinario\OrchSOL-Vla-Arco-mf\_Sustains\OrcgSol_Vla_Arco-D3-mf-4c-N_Sustains.wav,.wav,ordinario
orchidea,vla,ordinario,mf,D4,D:\CORDAS\Orchidea\ORCH_VLA\ordinario\OrchSOL-Vla-Arco-mf\_Sustains\OrcgSol_Vla_Arco-D4-mf-2c-N_Sustains.wav,.wav,ordinario
orchidea,vla,ordinario,mf,D5,D:\CORDAS\Orchidea\ORCH_VLA\ordinario\OrchSOL-Vla-Arco-mf\_Sustains\OrcgSol_Vla_Arco-D5-mf-1c-N_Sustains.wav,.wav,ordinario
orchidea,vla,ordinario,mf,D6,D:\CORDAS\Orchidea\ORCH_VLA\ordinario\OrchSOL-Vla-Arco-mf\_Sustains\OrcgSol_Vla_Arco-D6-mf-2c-N_Sustains.wav,.wav,ordinario
orchidea,vla,ordinario,mf,E3,D:\CORDAS\Orchidea\ORCH_VLA\ordinario\OrchSOL-Vla-Arco-mf\_Sustains\OrcgSol_Vla_Arco-E3-mf-4c-T19u_Sustains.wav,.wav,ordinario
orchidea,vla,ordinario,mf,E4,D:\CORDAS\Orchidea\ORCH_VLA\ordinario\OrchSOL-Vla-Arco-mf\_Sustains\OrcgSol_Vla_Arco-E4-mf-2c-N_Sustains.wav,.wav,ordinario
orchidea,vla,ordinario,mf,E5,D:\CORDAS\Orchidea\ORCH_VLA\ordinario\OrchSOL-Vla-Arco-mf\_Sustains\OrcgSol_Vla_Arco-E5-mf-3c-N_Sustains.wav,.wav,ordinario
orchidea,vla,ordinario,mf,E6,D:\CORDAS\Orchidea\ORCH_VLA\ordinario\OrchSOL-Vla-Arco-mf\_Sustains\OrcgSol_Vla_Arco-E6-mf-1c-N_Sustains.wav,.wav,ordinario
orchidea,vla,ordinario,mf,F#3,D:\CORDAS\Orchidea\ORCH_VLA\ordinario\OrchSOL-Vla-Arco-mf\_Sustains\OrcgSol_Vla_Arco-F#3-mf-4c-T12u_Sustains.wav,.wav,ordinario
orchidea,vla,ordinario,mf,F#4,D:\CORDAS\Orchidea\ORCH_VLA\ordinario\OrchSOL-Vla-Arco-mf\_Sustains\OrcgSol_Vla_Arco-F#4-mf-2c-N_Sustains.wav,.wav,ordinario
orchidea,vla,ordinario,mf,F#5,D:\CORDAS\Orchidea\ORCH_VLA\ordinario\OrchSOL-Vla-Arco-mf\_Sustains\OrcgSol_Vla_Arco-F#5-mf-1c-N_Sustains.wav,.wav,ordinario
orchidea,vla,ordinario,mf,F#6,D:\CORDAS\Orchidea\ORCH_VLA\ordinario\OrchSOL-Vla-Arco-mf\_Sustains\OrcgSol_Vla_Arco-F#6-mf-1c-N_Sustains.wav,.wav,ordinario
orchidea,vla,ordinario,mf,F3,D:\CORDAS\Orchidea\ORCH_VLA\ordinario\OrchSOL-Vla-Arco-mf\_Sustains\OrcgSol_Vla_Arco-F3-mf-4c-N_Sustains.wav,.wav,ordinario
orchidea,vla,ordinario,mf,F4,D:\CORDAS\Orchidea\ORCH_VLA\ordinario\OrchSOL-Vla-Arco-mf\_Sustains\OrcgSol_Vla_Arco-F4-mf-2c-N_Sustains.wav,.wav,ordinario
orchidea,vla,ordinario,mf,F5,D:\CORDAS\Orchidea\ORCH_VLA\ordinario\OrchSOL-Vla-Arco-mf\_Sustains\OrcgSol_Vla_Arco-F5-mf-1c-N_Sustains.wav,.wav,ordinario
orchidea,vla,ordinario,mf,F6,D:\CORDAS\Orchidea\ORCH_VLA\ordinario\OrchSOL-Vla-Arco-mf\_Sustains\OrcgSol_Vla_Arco-F6-mf-1c-N_Sustains.wav,.wav,ordinario
orchidea,vla,ordinario,mf,G#3,D:\CORDAS\Orchidea\ORCH_VLA\ordinario\OrchSOL-Vla-Arco-mf\_Sustains\OrcgSol_Vla_Arco-G#3-mf-3c-N_Sustains.wav,.wav,ordinario
orchidea,vla,ordinario,mf,G#4,D:\CORDAS\Orchidea\ORCH_VLA\ordinario\OrchSOL-Vla-Arco-mf\_Sustains\OrcgSol_Vla_Arco-G#4-mf-3c-N_Sustains.wav,.wav,ordinario
orchidea,vla,ordinario,mf,G#5,D:\CORDAS\Orchidea\ORCH_VLA\ordinario\OrchSOL-Vla-Arco-mf\_Sustains\OrcgSol_Vla_Arco-G#5-mf-2c-N_Sustains.wav,.wav,ordinario
orchidea,vla,ordinario,mf,G#6,D:\CORDAS\Orchidea\ORCH_VLA\ordinario\OrchSOL-Vla-Arco-mf\_Sustains\OrcgSol_Vla_Arco-G#6-mf-1c-N_Sustains.wav,.wav,ordinario
orchidea,vla,ordinario,mf,G3,D:\CORDAS\Orchidea\ORCH_VLA\ordinario\OrchSOL-Vla-Arco-mf\_Sustains\OrcgSol_Vla_Arco-G3-mf-3c-N_Sustains.wav,.wav,ordinario
orchidea,vla,ordinario,mf,G4,D:\CORDAS\Orchidea\ORCH_VLA\ordinario\OrchSOL-Vla-Arco-mf\_Sustains\OrcgSol_Vla_Arco-G4-mf-2c-N_Sustains.wav,.wav,ordinario
orchidea,vla,ordinario,mf,G5,D:\CORDAS\Orchidea\ORCH_VLA\ordinario\OrchSOL-Vla-Arco-mf\_Sustains\OrcgSol_Vla_Arco-G5-mf-1c-N_Sustains.wav,.wav,ordinario
orchidea,vla,ordinario,mf,G6,D:\CORDAS\Orchidea\ORCH_VLA\ordinario\OrchSOL-Vla-Arco-mf\_Sustains\OrcgSol_Vla_Arco-G6-mf-1c-N_Sustains.wav,.wav,ordinario
orchidea,vla,ordinario,pp,A#3,D:\CORDAS\Orchidea\ORCH_VLA\ordinario\OrchSOL-Vla-Arco-pp\OrcgSol_Vla_Arco-A#3-pp-3c-N.wav,.wav,ordinario
orchidea,vla,ordinario,pp,A#4,D:\CORDAS\Orchidea\ORCH_VLA\ordinario\OrchSOL-Vla-Arco-pp\OrcgSol_Vla_Arco-A#4-pp-1c-N.wav,.wav,ordinario
orchidea,vla,ordinario,pp,A#5,D:\CORDAS\Orchidea\ORCH_VLA\ordinario\OrchSOL-Vla-Arco-pp\OrcgSol_Vla_Arco-A#5-pp-1c-N.wav,.wav,ordinario
orchidea,vla,ordinario,pp,A#6,D:\CORDAS\Orchidea\ORCH_VLA\ordinario\OrchSOL-Vla-Arco-pp\OrcgSol_Vla_Arco-A#6-pp-1c-N.wav,.wav,ordinario
orchidea,vla,ordinario,pp,A3,D:\CORDAS\Orchidea\ORCH_VLA\ordinario\OrchSOL-Vla-Arco-pp\OrcgSol_Vla_Arco-A3-pp-3c-N.wav,.wav,ordinario
orchidea,vla,ordinario,pp,A4,D:\CORDAS\Orchidea\ORCH_VLA\ordinario\OrchSOL-Vla-Arco-pp\OrcgSol_Vla_Arco-A4-pp-1c-N.wav,.wav,ordinario
orchidea,vla,ordinario,pp,A5,D:\CORDAS\Orchidea\ORCH_VLA\ordinario\OrchSOL-Vla-Arco-pp\OrcgSol_Vla_Arco-A5-pp-1c-N.wav,.wav,ordinario
orchidea,vla,ordinario,pp,A6,D:\CORDAS\Orchidea\ORCH_VLA\ordinario\OrchSOL-Vla-Arco-pp\OrcgSol_Vla_Arco-A6-pp-1c-N.wav,.wav,ordinario
orchidea,vla,ordinario,pp,B3,D:\CORDAS\Orchidea\ORCH_VLA\ordinario\OrchSOL-Vla-Arco-pp\OrcgSol_Vla_Arco-B3-pp-3c-T12u.wav,.wav,ordinario
orchidea,vla,ordinario,pp,B4,D:\CORDAS\Orchidea\ORCH_VLA\ordinario\OrchSOL-Vla-Arco-pp\OrcgSol_Vla_Arco-B4-pp-1c-N.wav,.wav,ordinario
orchidea,vla,ordinario,pp,B5,D:\CORDAS\Orchidea\ORCH_VLA\ordinario\OrchSOL-Vla-Arco-pp\OrcgSol_Vla_Arco-B5-pp-2c-T20u.wav,.wav,ordinario
orchidea,vla,ordinario,pp,B6,D:\CORDAS\Orchidea\ORCH_VLA\ordinario\OrchSOL-Vla-Arco-pp\OrcgSol_Vla_Arco-B6-pp-1c-N.wav,.wav,ordinario
orchidea,vla,ordinario,pp,C#3,D:\CORDAS\Orchidea\ORCH_VLA\ordinario\OrchSOL-Vla-Arco-pp\OrcgSol_Vla_Arco-C#3-pp-4c-T22u.wav,.wav,ordinario
orchidea,vla,ordinario,pp,C#4,D:\CORDAS\Orchidea\ORCH_VLA\ordinario\OrchSOL-Vla-Arco-pp\OrcgSol_Vla_Arco-C#4-pp-3c-N.wav,.wav,ordinario
orchidea,vla,ordinario,pp,C#5,D:\CORDAS\Orchidea\ORCH_VLA\ordinario\OrchSOL-Vla-Arco-pp\OrcgSol_Vla_Arco-C#5-pp-1c-N.wav,.wav,ordinario
orchidea,vla,ordinario,pp,C#6,D:\CORDAS\Orchidea\ORCH_VLA\ordinario\OrchSOL-Vla-Arco-pp\OrcgSol_Vla_Arco-C#6-pp-1c-N.wav,.wav,ordinario
orchidea,vla,ordinario,pp,C3,D:\CORDAS\Orchidea\ORCH_VLA\ordinario\OrchSOL-Vla-Arco-pp\OrcgSol_Vla_Arco-C3-pp-4c-N.wav,.wav,ordinario
orchidea,vla,ordinario,pp,C4,D:\CORDAS\Orchidea\ORCH_VLA\ordinario\OrchSOL-Vla-Arco-pp\OrcgSol_Vla_Arco-C4-pp-3c-N.wav,.wav,ordinario
orchidea,vla,ordinario,pp,C5,D:\CORDAS\Orchidea\ORCH_VLA\ordinario\OrchSOL-Vla-Arco-pp\OrcgSol_Vla_Arco-C5-pp-1c-N.wav,.wav,ordinario
orchidea,vla,ordinario,pp,C6,D:\CORDAS\Orchidea\ORCH_VLA\ordinario\OrchSOL-Vla-Arco-pp\OrcgSol_Vla_Arco-C6-pp-1c-N.wav,.wav,ordinario
orchidea,vla,ordinario,pp,C7,D:\CORDAS\Orchidea\ORCH_VLA\ordinario\OrchSOL-Vla-Arco-pp\OrcgSol_Vla_Arco-C7-pp-1c-N.wav,.wav,ordinario
orchidea,vla,ordinario,pp,D#3,D:\CORDAS\Orchidea\ORCH_VLA\ordinario\OrchSOL-Vla-Arco-pp\OrcgSol_Vla_Arco-D#3-pp-4c-T17u.wav,.wav,ordinario
orchidea,vla,ordinario,pp,D#4,D:\CORDAS\Orchidea\ORCH_VLA\ordinario\OrchSOL-Vla-Arco-pp\OrcgSol_Vla_Arco-D#4-pp-2c-N.wav,.wav,ordinario
orchidea,vla,ordinario,pp,D#5,D:\CORDAS\Orchidea\ORCH_VLA\ordinario\OrchSOL-Vla-Arco-pp\OrcgSol_Vla_Arco-D#5-pp-1c-N.wav,.wav,ordinario
orchidea,vla,ordinario,pp,D#6,D:\CORDAS\Orchidea\ORCH_VLA\ordinario\OrchSOL-Vla-Arco-pp\OrcgSol_Vla_Arco-D#6-pp-1c-T12u.wav,.wav,ordinario
orchidea,vla,ordinario,pp,D3,D:\CORDAS\Orchidea\ORCH_VLA\ordinario\OrchSOL-Vla-Arco-pp\OrcgSol_Vla_Arco-D3-pp-4c-N.wav,.wav,ordinario
orchidea,vla,ordinario,pp,D4,D:\CORDAS\Orchidea\ORCH_VLA\ordinario\OrchSOL-Vla-Arco-pp\OrcgSol_Vla_Arco-D4-pp-2c-N.wav,.wav,ordinario
orchidea,vla,ordinario,pp,D5,D:\CORDAS\Orchidea\ORCH_VLA\ordinario\OrchSOL-Vla-Arco-pp\OrcgSol_Vla_Arco-D5-pp-1c-N.wav,.wav,ordinario
orchidea,vla,ordinario,pp,D6,D:\CORDAS\Orchidea\ORCH_VLA\ordinario\OrchSOL-Vla-Arco-pp\OrcgSol_Vla_Arco-D6-pp-2c-N.wav,.wav,ordinario
orchidea,vla,ordinario,pp,E3,D:\CORDAS\Orchidea\ORCH_VLA\ordinario\OrchSOL-Vla-Arco-pp\OrcgSol_Vla_Arco-E3-pp-4c-T17u.wav,.wav,ordinario
orchidea,vla,ordinario,pp,E4,D:\CORDAS\Orchidea\ORCH_VLA\ordinario\OrchSOL-Vla-Arco-pp\OrcgSol_Vla_Arco-E4-pp-2c-N.wav,.wav,ordinario
orchidea,vla,ordinario,pp,E5,D:\CORDAS\Orchidea\ORCH_VLA\ordinario\OrchSOL-Vla-Arco-pp\OrcgSol_Vla_Arco-E5-pp-2c-T11u.wav,.wav,ordinario
orchidea,vla,ordinario,pp,E6,D:\CORDAS\Orchidea\ORCH_VLA\ordinario\OrchSOL-Vla-Arco-pp\OrcgSol_Vla_Arco-E6-pp-1c-N.wav,.wav,ordinario
orchidea,vla,ordinario,pp,F#3,D:\CORDAS\Orchidea\ORCH_VLA\ordinario\OrchSOL-Vla-Arco-pp\OrcgSol_Vla_Arco-F#3-pp-4c-T11u.wav,.wav,ordinario
orchidea,vla,ordinario,pp,F#4,D:\CORDAS\Orchidea\ORCH_VLA\ordinario\OrchSOL-Vla-Arco-pp\OrcgSol_Vla_Arco-F#4-pp-2c-N.wav,.wav,ordinario
orchidea,vla,ordinario,pp,F#5,D:\CORDAS\Orchidea\ORCH_VLA\ordinario\OrchSOL-Vla-Arco-pp\OrcgSol_Vla_Arco-F#5-pp-1c-N.wav,.wav,ordinario
orchidea,vla,ordinario,pp,F#6,D:\CORDAS\Orchidea\ORCH_VLA\ordinario\OrchSOL-Vla-Arco-pp\OrcgSol_Vla_Arco-F#6-pp-1c-N.wav,.wav,ordinario
orchidea,vla,ordinario,pp,F3,D:\CORDAS\Orchidea\ORCH_VLA\ordinario\OrchSOL-Vla-Arco-pp\OrcgSol_Vla_Arco-F3-pp-4c-N.wav,.wav,ordinario
orchidea,vla,ordinario,pp,F4,D:\CORDAS\Orchidea\ORCH_VLA\ordinario\OrchSOL-Vla-Arco-pp\OrcgSol_Vla_Arco-F4-pp-2c-N.wav,.wav,ordinario
orchidea,vla,ordinario,pp,F5,D:\CORDAS\Orchidea\ORCH_VLA\ordinario\OrchSOL-Vla-Arco-pp\OrcgSol_Vla_Arco-F5-pp-1c-N.wav,.wav,ordinario
orchidea,vla,ordinario,pp,F6,D:\CORDAS\Orchidea\ORCH_VLA\ordinario\OrchSOL-Vla-Arco-pp\OrcgSol_Vla_Arco-F6-pp-1c-N.wav,.wav,ordinario
orchidea,vla,ordinario,pp,G#3,D:\CORDAS\Orchidea\ORCH_VLA\ordinario\OrchSOL-Vla-Arco-pp\OrcgSol_Vla_Arco-G#3-pp-3c-N.wav,.wav,ordinario
orchidea,vla,ordinario,pp,G#4,D:\CORDAS\Orchidea\ORCH_VLA\ordinario\OrchSOL-Vla-Arco-pp\OrcgSol_Vla_Arco-G#4-pp-2c-N.wav,.wav,ordinario
orchidea,vla,ordinario,pp,G#5,D:\CORDAS\Orchidea\ORCH_VLA\ordinario\OrchSOL-Vla-Arco-pp\OrcgSol_Vla_Arco-G#5-pp-2c-N.wav,.wav,ordinario
orchidea,vla,ordinario,pp,G#6,D:\CORDAS\Orchidea\ORCH_VLA\ordinario\OrchSOL-Vla-Arco-pp\OrcgSol_Vla_Arco-G#6-pp-1c-N.wav,.wav,ordinario
orchidea,vla,ordinario,pp,G3,D:\CORDAS\Orchidea\ORCH_VLA\ordinario\OrchSOL-Vla-Arco-pp\OrcgSol_Vla_Arco-G3-pp-3c-N.wav,.wav,ordinario
orchidea,vla,ordinario,pp,G4,D:\CORDAS\Orchidea\ORCH_VLA\ordinario\OrchSOL-Vla-Arco-pp\OrcgSol_Vla_Arco-G4-pp-2c-N.wav,.wav,ordinario
orchidea,vla,ordinario,pp,G5,D:\CORDAS\Orchidea\ORCH_VLA\ordinario\OrchSOL-Vla-Arco-pp\OrcgSol_Vla_Arco-G5-pp-1c-N.wav,.wav,ordinario
orchidea,vla,ordinario,pp,G6,D:\CORDAS\Orchidea\ORCH_VLA\ordinario\OrchSOL-Vla-Arco-pp\OrcgSol_Vla_Arco-G6-pp-1c-N.wav,.wav,ordinario
orchidea,vla,ordinario,pp,A#3,D:\CORDAS\Orchidea\ORCH_VLA\ordinario\OrchSOL-Vla-Arco-pp\_Sustains\OrcgSol_Vla_Arco-A#3-pp-3c-N_Sustains.wav,.wav,ordinario
orchidea,vla,ordinario,pp,A#4,D:\CORDAS\Orchidea\ORCH_VLA\ordinario\OrchSOL-Vla-Arco-pp\_Sustains\OrcgSol_Vla_Arco-A#4-pp-1c-N_Sustains.wav,.wav,ordinario
orchidea,vla,ordinario,pp,A#5,D:\CORDAS\Orchidea\ORCH_VLA\ordinario\OrchSOL-Vla-Arco-pp\_Sustains\OrcgSol_Vla_Arco-A#5-pp-1c-N_Sustains.wav,.wav,ordinario
orchidea,vla,ordinario,pp,A#6,D:\CORDAS\Orchidea\ORCH_VLA\ordinario\OrchSOL-Vla-Arco-pp\_Sustains\OrcgSol_Vla_Arco-A#6-pp-1c-N_Sustains.wav,.wav,ordinario
orchidea,vla,ordinario,pp,A3,D:\CORDAS\Orchidea\ORCH_VLA\ordinario\OrchSOL-Vla-Arco-pp\_Sustains\OrcgSol_Vla_Arco-A3-pp-3c-N_Sustains.wav,.wav,ordinario
orchidea,vla,ordinario,pp,A4,D:\CORDAS\Orchidea\ORCH_VLA\ordinario\OrchSOL-Vla-Arco-pp\_Sustains\OrcgSol_Vla_Arco-A4-pp-1c-N_Sustains.wav,.wav,ordinario
orchidea,vla,ordinario,pp,A5,D:\CORDAS\Orchidea\ORCH_VLA\ordinario\OrchSOL-Vla-Arco-pp\_Sustains\OrcgSol_Vla_Arco-A5-pp-1c-N_Sustains.wav,.wav,ordinario
orchidea,vla,ordinario,pp,A6,D:\CORDAS\Orchidea\ORCH_VLA\ordinario\OrchSOL-Vla-Arco-pp\_Sustains\OrcgSol_Vla_Arco-A6-pp-1c-N_Sustains.wav,.wav,ordinario
orchidea,vla,ordinario,pp,B3,D:\CORDAS\Orchidea\ORCH_VLA\ordinario\OrchSOL-Vla-Arco-pp\_Sustains\OrcgSol_Vla_Arco-B3-pp-3c-T12u_Sustains.wav,.wav,ordinario
orchidea,vla,ordinario,pp,B4,D:\CORDAS\Orchidea\ORCH_VLA\ordinario\OrchSOL-Vla-Arco-pp\_Sustains\OrcgSol_Vla_Arco-B4-pp-1c-N_Sustains.wav,.wav,ordinario
orchidea,vla,ordinario,pp,B5,D:\CORDAS\Orchidea\ORCH_VLA\ordinario\OrchSOL-Vla-Arco-pp\_Sustains\OrcgSol_Vla_Arco-B5-pp-2c-T20u_Sustains.wav,.wav,ordinario
orchidea,vla,ordinario,pp,B6,D:\CORDAS\Orchidea\ORCH_VLA\ordinario\OrchSOL-Vla-Arco-pp\_Sustains\OrcgSol_Vla_Arco-B6-pp-1c-N_Sustains.wav,.wav,ordinario
orchidea,vla,ordinario,pp,C#3,D:\CORDAS\Orchidea\ORCH_VLA\ordinario\OrchSOL-Vla-Arco-pp\_Sustains\OrcgSol_Vla_Arco-C#3-pp-4c-T22u_Sustains.wav,.wav,ordinario
orchidea,vla,ordinario,pp,C#4,D:\CORDAS\Orchidea\ORCH_VLA\ordinario\OrchSOL-Vla-Arco-pp\_Sustains\OrcgSol_Vla_Arco-C#4-pp-3c-N_Sustains.wav,.wav,ordinario
orchidea,vla,ordinario,pp,C#5,D:\CORDAS\Orchidea\ORCH_VLA\ordinario\OrchSOL-Vla-Arco-pp\_Sustains\OrcgSol_Vla_Arco-C#5-pp-1c-N_Sustains.wav,.wav,ordinario
orchidea,vla,ordinario,pp,C#6,D:\CORDAS\Orchidea\ORCH_VLA\ordinario\OrchSOL-Vla-Arco-pp\_Sustains\OrcgSol_Vla_Arco-C#6-pp-1c-N_Sustains.wav,.wav,ordinario
orchidea,vla,ordinario,pp,C3,D:\CORDAS\Orchidea\ORCH_VLA\ordinario\OrchSOL-Vla-Arco-pp\_Sustains\OrcgSol_Vla_Arco-C3-pp-4c-N_Sustains.wav,.wav,ordinario
orchidea,vla,ordinario,pp,C4,D:\CORDAS\Orchidea\ORCH_VLA\ordinario\OrchSOL-Vla-Arco-pp\_Sustains\OrcgSol_Vla_Arco-C4-pp-3c-N_Sustains.wav,.wav,ordinario
orchidea,vla,ordinario,pp,C5,D:\CORDAS\Orchidea\ORCH_VLA\ordinario\OrchSOL-Vla-Arco-pp\_Sustains\OrcgSol_Vla_Arco-C5-pp-1c-N_Sustains.wav,.wav,ordinario
orchidea,vla,ordinario,pp,C6,D:\CORDAS\Orchidea\ORCH_VLA\ordinario\OrchSOL-Vla-Arco-pp\_Sustains\OrcgSol_Vla_Arco-C6-pp-1c-N_Sustains.wav,.wav,ordinario
orchidea,vla,ordinario,pp,C7,D:\CORDAS\Orchidea\ORCH_VLA\ordinario\OrchSOL-Vla-Arco-pp\_Sustains\OrcgSol_Vla_Arco-C7-pp-1c-N_Sustains.wav,.wav,ordinario
orchidea,vla,ordinario,pp,D#3,D:\CORDAS\Orchidea\ORCH_VLA\ordinario\OrchSOL-Vla-Arco-pp\_Sustains\OrcgSol_Vla_Arco-D#3-pp-4c-T17u_Sustains.wav,.wav,ordinario
orchidea,vla,ordinario,pp,D#4,D:\CORDAS\Orchidea\ORCH_VLA\ordinario\OrchSOL-Vla-Arco-pp\_Sustains\OrcgSol_Vla_Arco-D#4-pp-2c-N_Sustains.wav,.wav,ordinario
orchidea,vla,ordinario,pp,D#5,D:\CORDAS\Orchidea\ORCH_VLA\ordinario\OrchSOL-Vla-Arco-pp\_Sustains\OrcgSol_Vla_Arco-D#5-pp-1c-N_Sustains.wav,.wav,ordinario
orchidea,vla,ordinario,pp,D#6,D:\CORDAS\Orchidea\ORCH_VLA\ordinario\OrchSOL-Vla-Arco-pp\_Sustains\OrcgSol_Vla_Arco-D#6-pp-1c-T12u_Sustains.wav,.wav,ordinario
orchidea,vla,ordinario,pp,D3,D:\CORDAS\Orchidea\ORCH_VLA\ordinario\OrchSOL-Vla-Arco-pp\_Sustains\OrcgSol_Vla_Arco-D3-pp-4c-N_Sustains.wav,.wav,ordinario
orchidea,vla,ordinario,pp,D4,D:\CORDAS\Orchidea\ORCH_VLA\ordinario\OrchSOL-Vla-Arco-pp\_Sustains\OrcgSol_Vla_Arco-D4-pp-2c-N_Sustains.wav,.wav,ordinario
orchidea,vla,ordinario,pp,D5,D:\CORDAS\Orchidea\ORCH_VLA\ordinario\OrchSOL-Vla-Arco-pp\_Sustains\OrcgSol_Vla_Arco-D5-pp-1c-N_Sustains.wav,.wav,ordinario
orchidea,vla,ordinario,pp,D6,D:\CORDAS\Orchidea\ORCH_VLA\ordinario\OrchSOL-Vla-Arco-pp\_Sustains\OrcgSol_Vla_Arco-D6-pp-2c-N_Sustains.wav,.wav,ordinario
orchidea,vla,ordinario,pp,E3,D:\CORDAS\Orchidea\ORCH_VLA\ordinario\OrchSOL-Vla-Arco-pp\_Sustains\OrcgSol_Vla_Arco-E3-pp-4c-T17u_Sustains.wav,.wav,ordinario
orchidea,vla,ordinario,pp,E4,D:\CORDAS\Orchidea\ORCH_VLA\ordinario\OrchSOL-Vla-Arco-pp\_Sustains\OrcgSol_Vla_Arco-E4-pp-2c-N_Sustains.wav,.wav,ordinario
orchidea,vla,ordinario,pp,E5,D:\CORDAS\Orchidea\ORCH_VLA\ordinario\OrchSOL-Vla-Arco-pp\_Sustains\OrcgSol_Vla_Arco-E5-pp-2c-T11u_Sustains.wav,.wav,ordinario
orchidea,vla,ordinario,pp,E6,D:\CORDAS\Orchidea\ORCH_VLA\ordinario\OrchSOL-Vla-Arco-pp\_Sustains\OrcgSol_Vla_Arco-E6-pp-1c-N_Sustains.wav,.wav,ordinario
orchidea,vla,ordinario,pp,F#3,D:\CORDAS\Orchidea\ORCH_VLA\ordinario\OrchSOL-Vla-Arco-pp\_Sustains\OrcgSol_Vla_Arco-F#3-pp-4c-T11u_Sustains.wav,.wav,ordinario
orchidea,vla,ordinario,pp,F#4,D:\CORDAS\Orchidea\ORCH_VLA\ordinario\OrchSOL-Vla-Arco-pp\_Sustains\OrcgSol_Vla_Arco-F#4-pp-2c-N_Sustains.wav,.wav,ordinario
orchidea,vla,ordinario,pp,F#5,D:\CORDAS\Orchidea\ORCH_VLA\ordinario\OrchSOL-Vla-Arco-pp\_Sustains\OrcgSol_Vla_Arco-F#5-pp-1c-N_Sustains.wav,.wav,ordinario
orchidea,vla,ordinario,pp,F#6,D:\CORDAS\Orchidea\ORCH_VLA\ordinario\OrchSOL-Vla-Arco-pp\_Sustains\OrcgSol_Vla_Arco-F#6-pp-1c-N_Sustains.wav,.wav,ordinario
orchidea,vla,ordinario,pp,F3,D:\CORDAS\Orchidea\ORCH_VLA\ordinario\OrchSOL-Vla-Arco-pp\_Sustains\OrcgSol_Vla_Arco-F3-pp-4c-N_Sustains.wav,.wav,ordinario
orchidea,vla,ordinario,pp,F4,D:\CORDAS\Orchidea\ORCH_VLA\ordinario\OrchSOL-Vla-Arco-pp\_Sustains\OrcgSol_Vla_Arco-F4-pp-2c-N_Sustains.wav,.wav,ordinario
orchidea,vla,ordinario,pp,F5,D:\CORDAS\Orchidea\ORCH_VLA\ordinario\OrchSOL-Vla-Arco-pp\_Sustains\OrcgSol_Vla_Arco-F5-pp-1c-N_Sustains.wav,.wav,ordinario
orchidea,vla,ordinario,pp,F6,D:\CORDAS\Orchidea\ORCH_VLA\ordinario\OrchSOL-Vla-Arco-pp\_Sustains\OrcgSol_Vla_Arco-F6-pp-1c-N_Sustains.wav,.wav,ordinario
orchidea,vla,ordinario,pp,G#3,D:\CORDAS\Orchidea\ORCH_VLA\ordinario\OrchSOL-Vla-Arco-pp\_Sustains\OrcgSol_Vla_Arco-G#3-pp-3c-N_Sustains.wav,.wav,ordinario
orchidea,vla,ordinario,pp,G#4,D:\CORDAS\Orchidea\ORCH_VLA\ordinario\OrchSOL-Vla-Arco-pp\_Sustains\OrcgSol_Vla_Arco-G#4-pp-2c-N_Sustains.wav,.wav,ordinario
orchidea,vla,ordinario,pp,G#5,D:\CORDAS\Orchidea\ORCH_VLA\ordinario\OrchSOL-Vla-Arco-pp\_Sustains\OrcgSol_Vla_Arco-G#5-pp-2c-N_Sustains.wav,.wav,ordinario
orchidea,vla,ordinario,pp,G#6,D:\CORDAS\Orchidea\ORCH_VLA\ordinario\OrchSOL-Vla-Arco-pp\_Sustains\OrcgSol_Vla_Arco-G#6-pp-1c-N_Sustains.wav,.wav,ordinario
orchidea,vla,ordinario,pp,G3,D:\CORDAS\Orchidea\ORCH_VLA\ordinario\OrchSOL-Vla-Arco-pp\_Sustains\OrcgSol_Vla_Arco-G3-pp-3c-N_Sustains.wav,.wav,ordinario
orchidea,vla,ordinario,pp,G4,D:\CORDAS\Orchidea\ORCH_VLA\ordinario\OrchSOL-Vla-Arco-pp\_Sustains\OrcgSol_Vla_Arco-G4-pp-2c-N_Sustains.wav,.wav,ordinario
orchidea,vla,ordinario,pp,G5,D:\CORDAS\Orchidea\ORCH_VLA\ordinario\OrchSOL-Vla-Arco-pp\_Sustains\OrcgSol_Vla_Arco-G5-pp-1c-N_Sustains.wav,.wav,ordinario
orchidea,vla,ordinario,pp,G6,D:\CORDAS\Orchidea\ORCH_VLA\ordinario\OrchSOL-Vla-Arco-pp\_Sustains\OrcgSol_Vla_Arco-G6-pp-1c-N_Sustains.wav,.wav,ordinario
